,Scaled_Age,Scaled_SibSp,Scaled_Parch,Scaled_Fare,Pclass_2,Pclass_3,Is_male,Embarked_Q,Embarked_S,Survived
644,-2.10984924506,1.38524133833,0.845007674298,-0.268498280372,0.0,1.0,0.0,0.0,0.0,1
574,-0.965347086729,-0.497549625513,-0.463108102018,-0.471717264416,0.0,1.0,1.0,0.0,1.0,0
465,0.685737994137,-0.497549625513,-0.463108102018,-0.489848380111,0.0,1.0,1.0,0.0,1.0,0
605,0.535639350422,0.44384585641,-0.463108102018,-0.335733896703,0.0,1.0,1.0,0.0,1.0,0
0,-0.515051155584,0.44384585641,-0.463108102018,-0.486222156972,0.0,1.0,1.0,0.0,1.0,0
37,-0.590100477441,-0.497549625513,-0.463108102018,-0.471717264416,0.0,1.0,1.0,0.0,1.0,0
748,-0.740199121156,0.44384585641,-0.463108102018,0.345089497643,0.0,0.0,1.0,0.0,1.0,0
45,-0.214853868153,-0.497549625513,-0.463108102018,-0.471717264416,0.0,1.0,1.0,0.0,1.0,0
34,-0.0647552244383,0.44384585641,-0.463108102018,0.872175535789,0.0,0.0,1.0,0.0,0.0,0
740,0.985935281567,-0.497549625513,-0.463108102018,-0.0737392749107,0.0,0.0,1.0,0.0,1.0,1
134,-0.289903190011,-0.497549625513,-0.463108102018,-0.381968241725,1.0,0.0,1.0,0.0,1.0,0
158,-0.214853868153,-0.497549625513,-0.463108102018,-0.460611956053,0.0,1.0,1.0,0.0,1.0,0
88,-0.440001833726,2.32663682025,2.15312345061,4.15081068202,0.0,0.0,0.0,0.0,1.0,1
833,-0.440001833726,-0.497549625513,-0.463108102018,-0.475267336869,0.0,1.0,1.0,0.0,1.0,0
847,0.460590028565,-0.497549625513,-0.463108102018,-0.474513082456,0.0,1.0,1.0,0.0,0.0,0
730,0.0102940974192,-0.497549625513,-0.463108102018,3.21411191743,0.0,0.0,0.0,0.0,1.0,1
405,0.385540706707,0.44384585641,-0.463108102018,-0.236919316166,1.0,0.0,1.0,0.0,1.0,0
758,0.385540706707,-0.497549625513,-0.463108102018,-0.471717264416,0.0,1.0,1.0,0.0,1.0,0
576,0.385540706707,-0.497549625513,-0.463108102018,-0.381968241725,1.0,0.0,0.0,0.0,1.0,1
488,0.0853434192768,-0.497549625513,-0.463108102018,-0.471717264416,0.0,1.0,1.0,0.0,1.0,0
195,2.18672443129,-0.497549625513,-0.463108102018,2.03891283076,0.0,0.0,0.0,0.0,0.0,1
781,-0.890297764871,0.44384585641,-0.463108102018,0.415800848854,0.0,0.0,0.0,0.0,1.0,1
214,-0.214853868153,0.44384585641,-0.463108102018,-0.477156599124,0.0,1.0,1.0,1.0,0.0,0
101,-0.214853868153,-0.497549625513,-0.463108102018,-0.474513082456,0.0,1.0,1.0,0.0,1.0,0
750,-1.86593894902,0.44384585641,0.845007674298,-0.200657084776,1.0,0.0,0.0,0.0,1.0,1
619,-0.214853868153,-0.497549625513,-0.463108102018,-0.427296030963,1.0,0.0,1.0,0.0,1.0,0
162,-0.214853868153,-0.497549625513,-0.463108102018,-0.476703321232,0.0,1.0,1.0,0.0,1.0,0
825,-0.214853868153,-0.497549625513,-0.463108102018,-0.49166149168,0.0,1.0,1.0,1.0,0.0,0
356,-0.515051155584,-0.497549625513,0.845007674298,0.379538617464,0.0,0.0,0.0,0.0,1.0,1
116,3.12484095451,-0.497549625513,-0.463108102018,-0.477156599124,0.0,1.0,1.0,1.0,0.0,0
137,0.61068867228,0.44384585641,-0.463108102018,0.345089497643,0.0,0.0,1.0,0.0,1.0,0
244,0.0853434192768,-0.497549625513,-0.463108102018,-0.486675434864,0.0,1.0,1.0,0.0,0.0,0
442,-0.289903190011,0.44384585641,-0.463108102018,-0.476703321232,0.0,1.0,1.0,0.0,1.0,0
569,0.235442062992,-0.497549625513,-0.463108102018,-0.475267336869,0.0,1.0,1.0,0.0,1.0,1
398,-0.440001833726,-0.497549625513,-0.463108102018,-0.427296030963,1.0,0.0,1.0,0.0,1.0,0
817,0.160392741134,0.44384585641,0.845007674298,0.0532546856401,1.0,0.0,1.0,0.0,0.0,0
370,-0.289903190011,0.44384585641,-0.463108102018,0.387547131266,0.0,0.0,1.0,0.0,0.0,1
179,0.535639350422,-0.497549625513,-0.463108102018,-0.61767274576,0.0,1.0,1.0,0.0,1.0,0
443,-0.0647552244383,-0.497549625513,-0.463108102018,-0.381968241725,1.0,0.0,0.0,0.0,1.0,1
703,-0.289903190011,-0.497549625513,-0.463108102018,-0.477307087384,0.0,1.0,1.0,1.0,0.0,0
762,-0.665149799299,-0.497549625513,-0.463108102018,-0.486599284178,0.0,1.0,1.0,0.0,0.0,1
261,-1.94098827088,3.26803230218,2.15312345061,-0.0485823518839,0.0,1.0,1.0,0.0,1.0,1
157,0.0853434192768,-0.497549625513,-0.463108102018,-0.471717264416,0.0,1.0,1.0,0.0,1.0,0
301,-0.214853868153,1.38524133833,-0.463108102018,-0.196124305852,0.0,1.0,1.0,1.0,0.0,1
14,-1.11544573044,-0.497549625513,-0.463108102018,-0.475267336869,0.0,1.0,0.0,0.0,1.0,0
246,-0.289903190011,-0.497549625513,-0.463108102018,-0.476703321232,0.0,1.0,0.0,0.0,1.0,0
353,-0.289903190011,0.44384585641,-0.463108102018,-0.29493888639,0.0,1.0,1.0,0.0,1.0,0
810,-0.214853868153,-0.497549625513,-0.463108102018,-0.474663570716,0.0,1.0,1.0,0.0,1.0,0
280,2.71206968429,-0.497549625513,-0.463108102018,-0.477156599124,0.0,1.0,1.0,1.0,0.0,0
551,-0.139804546296,-0.497549625513,-0.463108102018,-0.146263737691,1.0,0.0,1.0,0.0,1.0,0
148,0.573164011351,-0.497549625513,2.15312345061,-0.146263737691,1.0,0.0,1.0,0.0,1.0,0
52,1.51128053457,0.44384585641,-0.463108102018,0.773513256623,0.0,0.0,0.0,0.0,0.0,1
590,0.460590028565,-0.497549625513,-0.463108102018,-0.488488546434,0.0,1.0,1.0,0.0,1.0,0
840,-0.665149799299,-0.497549625513,-0.463108102018,-0.473983653878,0.0,1.0,1.0,0.0,1.0,0
621,0.985935281567,0.44384585641,-0.463108102018,0.335193534697,0.0,0.0,1.0,0.0,1.0,1
475,0.985935281567,-0.497549625513,-0.463108102018,0.325145270379,0.0,0.0,1.0,0.0,1.0,0
473,-0.440001833726,-0.497549625513,-0.463108102018,-0.36761383743,1.0,0.0,0.0,0.0,0.0,1
880,-0.289903190011,-0.497549625513,0.845007674298,-0.146263737691,1.0,0.0,0.0,0.0,1.0,1
257,0.0853434192768,-0.497549625513,-0.463108102018,0.950668761856,0.0,0.0,0.0,0.0,1.0,1
139,-0.364952511869,-0.497549625513,-0.463108102018,0.818311617283,0.0,0.0,1.0,0.0,0.0,0
206,0.235442062992,0.44384585641,-0.463108102018,-0.330294561995,0.0,1.0,1.0,0.0,1.0,0
610,0.760787315995,0.44384585641,6.07747077956,-0.0506221023996,0.0,1.0,0.0,0.0,1.0,0
284,0.985935281567,-0.497549625513,-0.463108102018,-0.146263737691,0.0,0.0,1.0,0.0,1.0,0
721,-0.890297764871,0.44384585641,-0.463108102018,-0.489772229425,0.0,1.0,1.0,0.0,1.0,0
771,1.43623121271,-0.497549625513,-0.463108102018,-0.475267336869,0.0,1.0,1.0,0.0,1.0,0
499,-0.364952511869,-0.497549625513,-0.463108102018,-0.476326194025,0.0,1.0,1.0,0.0,1.0,0
251,0.0102940974192,0.44384585641,0.845007674298,-0.427975947802,0.0,1.0,0.0,0.0,1.0,0
128,-0.815248443014,0.44384585641,0.845007674298,-0.212291821717,0.0,1.0,0.0,0.0,0.0,1
395,-0.515051155584,-0.497549625513,-0.463108102018,-0.476326194025,0.0,1.0,1.0,0.0,1.0,0
639,-0.214853868153,0.44384585641,-0.463108102018,-0.325761783071,0.0,1.0,1.0,0.0,1.0,0
392,-0.0647552244383,1.38524133833,-0.463108102018,-0.473983653878,0.0,1.0,1.0,0.0,1.0,0
635,-0.0647552244383,-0.497549625513,-0.463108102018,-0.381968241725,1.0,0.0,0.0,0.0,1.0,1
607,-0.139804546296,-0.497549625513,-0.463108102018,-0.0646737170632,0.0,0.0,1.0,0.0,1.0,1
275,2.56197104058,0.44384585641,-0.463108102018,0.795798210924,0.0,0.0,0.0,0.0,1.0,1
47,-0.815248443014,-0.497549625513,-0.463108102018,-0.477156599124,0.0,1.0,0.0,1.0,0.0,1
174,2.03662578757,-0.497549625513,-0.463108102018,-0.0611236446101,0.0,0.0,1.0,0.0,0.0,0
151,-0.515051155584,0.44384585641,-0.463108102018,0.589859559526,0.0,0.0,0.0,0.0,1.0,1
484,-0.289903190011,0.44384585641,-0.463108102018,1.03369476685,0.0,0.0,1.0,0.0,0.0,1
668,1.06098460342,-0.497549625513,-0.463108102018,-0.471717264416,0.0,1.0,1.0,0.0,1.0,0
266,-0.965347086729,3.26803230218,0.845007674298,0.101905908384,0.0,1.0,1.0,0.0,1.0,0
458,1.58632985643,-0.497549625513,-0.463108102018,-0.427296030963,1.0,0.0,0.0,0.0,1.0,1
56,-0.590100477441,-0.497549625513,-0.463108102018,-0.427296030963,1.0,0.0,0.0,0.0,1.0,1
319,0.835836637852,0.44384585641,0.845007674298,1.82096231522,0.0,0.0,0.0,0.0,0.0,1
61,0.685737994137,-0.497549625513,-0.463108102018,0.832816509839,0.0,0.0,0.0,0.0,0.0,1
221,-0.139804546296,-0.497549625513,-0.463108102018,-0.381968241725,1.0,0.0,1.0,0.0,1.0,0
238,-0.740199121156,-0.497549625513,-0.463108102018,-0.427296030963,1.0,0.0,1.0,0.0,1.0,0
795,0.760787315995,-0.497549625513,-0.463108102018,-0.381968241725,1.0,0.0,1.0,0.0,1.0,0
739,-0.214853868153,-0.497549625513,-0.463108102018,-0.474513082456,0.0,1.0,1.0,0.0,1.0,0
384,-0.214853868153,-0.497549625513,-0.463108102018,-0.474513082456,0.0,1.0,1.0,0.0,1.0,0
153,0.873361298781,-0.497549625513,2.15312345061,-0.354771568183,0.0,1.0,1.0,0.0,1.0,0
391,-0.590100477441,-0.497549625513,-0.463108102018,-0.476326194025,0.0,1.0,1.0,0.0,1.0,1
92,1.286132569,0.44384585641,-0.463108102018,0.491498256881,0.0,0.0,1.0,0.0,1.0,0
397,1.286132569,-0.497549625513,-0.463108102018,-0.146263737691,1.0,0.0,1.0,0.0,1.0,0
205,-2.01603759273,-0.497549625513,0.845007674298,-0.427975947802,0.0,1.0,0.0,0.0,1.0,0
563,-0.214853868153,-0.497549625513,-0.463108102018,-0.471717264416,0.0,1.0,1.0,0.0,1.0,0
111,-1.07792106952,0.44384585641,-0.463108102018,-0.355601973282,0.0,1.0,0.0,0.0,0.0,0
182,-1.49069233973,3.26803230218,2.15312345061,-0.0485823518839,0.0,1.0,1.0,0.0,1.0,0
260,-0.214853868153,-0.497549625513,-0.463108102018,-0.477156599124,0.0,1.0,1.0,1.0,0.0,0
425,-0.214853868153,-0.497549625513,-0.463108102018,-0.486222156972,0.0,1.0,1.0,0.0,1.0,0
409,-0.815248443014,2.32663682025,0.845007674298,-0.155933061691,0.0,1.0,0.0,0.0,1.0,0
87,-0.214853868153,-0.497549625513,-0.463108102018,-0.471717264416,0.0,1.0,1.0,0.0,1.0,0
265,0.535639350422,-0.497549625513,-0.463108102018,-0.427296030963,1.0,0.0,1.0,0.0,1.0,0
242,0.0102940974192,-0.497549625513,-0.463108102018,-0.427296030963,1.0,0.0,1.0,0.0,1.0,0
8,-0.139804546296,-0.497549625513,2.15312345061,-0.415813595393,0.0,1.0,0.0,0.0,1.0,1
560,-0.214853868153,-0.497549625513,-0.463108102018,-0.477156599124,0.0,1.0,1.0,1.0,0.0,0
231,0.0102940974192,-0.497549625513,-0.463108102018,-0.476703321232,0.0,1.0,1.0,0.0,1.0,0
245,1.13603392528,1.38524133833,-0.463108102018,1.01412766679,0.0,0.0,1.0,1.0,0.0,0
67,-0.740199121156,-0.497549625513,-0.463108102018,-0.469753664586,0.0,1.0,1.0,0.0,1.0,0
844,-0.890297764871,-0.497549625513,-0.463108102018,-0.460611956053,0.0,1.0,1.0,0.0,1.0,0
10,-1.86593894902,0.44384585641,0.845007674298,-0.314883113654,0.0,1.0,0.0,0.0,1.0,1
793,0.985935281567,-0.497549625513,-0.463108102018,-0.0611236446101,0.0,0.0,1.0,0.0,0.0,0
541,-1.49069233973,3.26803230218,2.15312345061,-0.0506221023996,0.0,1.0,0.0,0.0,1.0,0
637,0.160392741134,0.44384585641,0.845007674298,-0.141730958767,1.0,0.0,1.0,0.0,1.0,0
401,-0.214853868153,-0.497549625513,-0.463108102018,-0.471717264416,0.0,1.0,1.0,0.0,1.0,0
716,0.685737994137,-0.497549625513,-0.463108102018,3.50760935274,0.0,0.0,0.0,0.0,0.0,1
96,3.16236561544,-0.497549625513,-0.463108102018,0.0106465637569,0.0,0.0,1.0,0.0,0.0,0
837,-0.214853868153,-0.497549625513,-0.463108102018,-0.471717264416,0.0,1.0,1.0,0.0,1.0,0
318,0.160392741134,-0.497549625513,2.15312345061,2.37154446619,0.0,0.0,0.0,0.0,1.0,1
689,-1.04039640859,-0.497549625513,0.845007674298,3.21411191743,0.0,0.0,0.0,0.0,1.0,1
435,-1.11544573044,0.44384585641,2.15312345061,1.55806113764,0.0,0.0,0.0,0.0,1.0,1
760,-0.214853868153,-0.497549625513,-0.463108102018,-0.354771568183,0.0,1.0,1.0,0.0,1.0,0
462,1.36118189086,-0.497549625513,-0.463108102018,0.0803752084967,0.0,0.0,1.0,0.0,1.0,0
394,-0.364952511869,-0.497549625513,2.15312345061,-0.314883113654,0.0,1.0,0.0,0.0,1.0,1
528,0.760787315995,-0.497549625513,-0.463108102018,-0.473983653878,0.0,1.0,1.0,0.0,1.0,0
846,-0.214853868153,7.03361422987,2.15312345061,0.643346350826,0.0,1.0,1.0,0.0,1.0,0
276,1.21108324714,-0.497549625513,-0.463108102018,-0.477156599124,0.0,1.0,0.0,0.0,1.0,0
830,-1.04039640859,0.44384585641,-0.463108102018,-0.355601973282,0.0,1.0,0.0,0.0,0.0,1
155,1.66137917829,-0.497549625513,0.845007674298,0.495200630705,0.0,0.0,1.0,0.0,0.0,0
390,0.535639350422,0.44384585641,2.15312345061,1.55806113764,0.0,0.0,1.0,0.0,1.0,1
720,-1.7158403053,-0.497549625513,0.845007674298,-0.0193459278258,1.0,0.0,0.0,0.0,1.0,1
877,-0.740199121156,-0.497549625513,-0.463108102018,-0.474513082456,0.0,1.0,1.0,0.0,1.0,0
478,-0.515051155584,-0.497549625513,-0.463108102018,-0.481312250841,0.0,1.0,1.0,0.0,1.0,0
804,-0.139804546296,-0.497549625513,-0.463108102018,-0.491208213788,0.0,1.0,1.0,0.0,1.0,1
188,0.835836637852,0.44384585641,0.845007674298,-0.336640452488,0.0,1.0,1.0,1.0,0.0,0
521,-0.515051155584,-0.497549625513,-0.463108102018,-0.474513082456,0.0,1.0,1.0,0.0,1.0,0
737,0.460590028565,-0.497549625513,-0.463108102018,8.67142725336,0.0,0.0,1.0,0.0,0.0,1
86,-0.965347086729,0.44384585641,3.46123922693,0.00558435625485,0.0,1.0,1.0,0.0,1.0,0
225,-0.515051155584,-0.497549625513,-0.463108102018,-0.448146814012,0.0,1.0,1.0,0.0,1.0,0
754,1.43623121271,0.44384585641,2.15312345061,0.560849774414,1.0,0.0,0.0,0.0,1.0,1
381,-2.09108691459,-0.497549625513,2.15312345061,-0.332258161825,0.0,1.0,0.0,0.0,0.0,1
131,-0.665149799299,-0.497549625513,-0.463108102018,-0.489848380111,0.0,1.0,1.0,0.0,1.0,0
452,0.0853434192768,-0.497549625513,-0.463108102018,-0.114534285224,0.0,0.0,1.0,0.0,0.0,0
191,-0.740199121156,-0.497549625513,-0.463108102018,-0.381968241725,1.0,0.0,1.0,0.0,1.0,0
374,-1.94098827088,2.32663682025,0.845007674298,-0.235559482488,0.0,1.0,0.0,0.0,1.0,0
697,-0.815248443014,-0.497549625513,-0.463108102018,-0.477459388756,0.0,1.0,0.0,1.0,0.0,1
272,0.91088595971,-0.497549625513,0.845007674298,-0.264115989708,1.0,0.0,0.0,0.0,1.0,1
273,0.61068867228,-0.497549625513,0.845007674298,-0.0791786096192,0.0,0.0,1.0,0.0,0.0,0
575,-0.740199121156,-0.497549625513,-0.463108102018,-0.354771568183,0.0,1.0,1.0,0.0,1.0,0
436,-0.590100477441,1.38524133833,2.15312345061,0.00558435625485,0.0,1.0,0.0,0.0,1.0,0
303,-0.364952511869,-0.497549625513,-0.463108102018,-0.393753466927,1.0,0.0,0.0,1.0,0.0,1
831,-2.10384529931,0.44384585641,0.845007674298,-0.277714326479,1.0,0.0,1.0,0.0,1.0,1
700,-0.815248443014,0.44384585641,-0.463108102018,3.50760935274,0.0,0.0,0.0,0.0,0.0,1
622,-0.665149799299,0.44384585641,0.845007674298,-0.332258161825,0.0,1.0,1.0,0.0,0.0,1
796,1.51128053457,-0.497549625513,-0.463108102018,-0.147547420682,0.0,0.0,0.0,0.0,1.0,1
345,-0.364952511869,-0.497549625513,-0.463108102018,-0.381968241725,1.0,0.0,0.0,0.0,1.0,1
852,-1.49069233973,0.44384585641,0.845007674298,-0.341249382098,0.0,1.0,0.0,0.0,0.0,0
582,1.88652714386,-0.497549625513,-0.463108102018,-0.146263737691,1.0,0.0,1.0,0.0,1.0,0
718,-0.214853868153,-0.497549625513,-0.463108102018,-0.336640452488,0.0,1.0,1.0,1.0,0.0,0
867,0.160392741134,-0.497549625513,-0.463108102018,0.297872446151,0.0,0.0,1.0,0.0,1.0,0
559,0.535639350422,0.44384585641,-0.463108102018,-0.302191332668,0.0,1.0,0.0,0.0,1.0,1
634,-1.49069233973,2.32663682025,2.15312345061,-0.11181461787,0.0,1.0,0.0,0.0,1.0,0
518,0.535639350422,0.44384585641,-0.463108102018,-0.146263737691,1.0,0.0,0.0,0.0,1.0,1
366,2.336823075,0.44384585641,-0.463108102018,0.746693710287,0.0,0.0,0.0,0.0,0.0,1
198,-0.815248443014,-0.497549625513,-0.463108102018,-0.477156599124,0.0,1.0,0.0,1.0,0.0,1
641,-0.364952511869,-0.497549625513,-0.463108102018,0.638813571902,0.0,0.0,0.0,0.0,0.0,1
471,0.685737994137,-0.497549625513,-0.463108102018,-0.460611956053,0.0,1.0,1.0,0.0,1.0,0
519,0.235442062992,-0.497549625513,-0.463108102018,-0.474513082456,0.0,1.0,1.0,0.0,1.0,0
330,-0.815248443014,1.38524133833,-0.463108102018,-0.196124305852,0.0,1.0,0.0,1.0,0.0,1
333,-0.965347086729,1.38524133833,-0.463108102018,-0.291312663251,0.0,1.0,1.0,0.0,1.0,0
692,-0.214853868153,-0.497549625513,-0.463108102018,0.406659140321,0.0,1.0,1.0,0.0,1.0,1
59,-1.34059369602,4.2094277841,2.15312345061,0.232676580335,0.0,1.0,1.0,0.0,1.0,0
181,0.160392741134,-0.497549625513,-0.463108102018,-0.344799454551,1.0,0.0,1.0,0.0,0.0,0
695,1.73642850014,-0.497549625513,-0.463108102018,-0.372902683878,1.0,0.0,1.0,0.0,1.0,0
142,-0.364952511869,0.44384585641,-0.463108102018,-0.330294561995,0.0,1.0,0.0,0.0,1.0,1
346,0.835836637852,-0.497549625513,-0.463108102018,-0.381968241725,1.0,0.0,0.0,0.0,1.0,1
779,1.06098460342,-0.497549625513,0.845007674298,3.21411191743,0.0,0.0,0.0,0.0,1.0,1
48,-0.214853868153,1.38524133833,-0.463108102018,-0.224604662386,0.0,1.0,1.0,0.0,0.0,0
688,-0.815248443014,-0.497549625513,-0.463108102018,-0.476326194025,0.0,1.0,1.0,0.0,1.0,0
66,0.0102940974192,-0.497549625513,-0.463108102018,-0.427296030963,1.0,0.0,0.0,0.0,1.0,1
404,-0.665149799299,-0.497549625513,-0.463108102018,-0.460611956053,0.0,1.0,0.0,0.0,1.0,0
587,2.336823075,0.44384585641,0.845007674298,0.818311617283,0.0,0.0,1.0,0.0,0.0,1
696,1.13603392528,-0.497549625513,-0.463108102018,-0.471717264416,0.0,1.0,1.0,0.0,1.0,0
291,-0.740199121156,0.44384585641,-0.463108102018,1.03369476685,0.0,0.0,0.0,0.0,0.0,1
864,-0.364952511869,-0.497549625513,-0.463108102018,-0.381968241725,1.0,0.0,1.0,0.0,1.0,0
248,0.61068867228,0.44384585641,0.845007674298,0.335193534697,0.0,0.0,1.0,0.0,1.0,1
806,0.760787315995,-0.497549625513,-0.463108102018,-0.61767274576,0.0,0.0,1.0,0.0,1.0,0
229,-0.815248443014,2.32663682025,0.845007674298,-0.155933061691,0.0,1.0,0.0,0.0,1.0,0
40,0.835836637852,0.44384585641,-0.463108102018,-0.44588042455,0.0,1.0,0.0,0.0,1.0,0
449,1.73642850014,-0.497549625513,-0.463108102018,-0.0646737170632,0.0,0.0,1.0,0.0,1.0,1
851,3.38751358101,-0.497549625513,-0.463108102018,-0.476703321232,0.0,1.0,1.0,0.0,1.0,0
290,-0.214853868153,-0.497549625513,-0.463108102018,0.811965726789,0.0,0.0,0.0,0.0,1.0,1
524,-0.214853868153,-0.497549625513,-0.463108102018,-0.486599284178,0.0,1.0,1.0,0.0,0.0,0
108,0.685737994137,-0.497549625513,-0.463108102018,-0.474513082456,0.0,1.0,1.0,0.0,1.0,0
278,-1.64079098345,3.26803230218,0.845007674298,-0.0896040011438,0.0,1.0,1.0,1.0,0.0,0
794,-0.289903190011,-0.497549625513,-0.463108102018,-0.474513082456,0.0,1.0,1.0,0.0,1.0,0
699,0.985935281567,-0.497549625513,-0.463108102018,-0.478969710694,0.0,1.0,1.0,0.0,1.0,0
440,1.21108324714,0.44384585641,0.845007674298,-0.141730958767,1.0,0.0,0.0,0.0,1.0,1
75,-0.289903190011,-0.497549625513,-0.463108102018,-0.478969710694,0.0,1.0,1.0,0.0,1.0,0
7,-2.01603759273,2.32663682025,0.845007674298,-0.235559482488,0.0,1.0,1.0,0.0,1.0,0
685,-0.289903190011,0.44384585641,2.15312345061,0.136204539945,1.0,0.0,1.0,0.0,0.0,0
583,0.535639350422,-0.497549625513,-0.463108102018,0.109838271501,0.0,0.0,1.0,0.0,0.0,0
100,-0.0647552244383,-0.497549625513,-0.463108102018,-0.474513082456,0.0,1.0,0.0,0.0,1.0,0
156,-0.965347086729,-0.497549625513,-0.463108102018,-0.477459388756,0.0,1.0,0.0,1.0,0.0,1
305,-2.09709086034,0.44384585641,2.15312345061,2.13009783781,0.0,0.0,1.0,0.0,1.0,1
523,1.13603392528,-0.497549625513,0.845007674298,0.433554837342,0.0,0.0,0.0,0.0,0.0,1
698,1.51128053457,0.44384585641,0.845007674298,1.39276519518,0.0,0.0,1.0,0.0,0.0,0
263,0.835836637852,-0.497549625513,-0.463108102018,-0.61767274576,0.0,0.0,1.0,0.0,1.0,0
121,-0.214853868153,-0.497549625513,-0.463108102018,-0.471717264416,0.0,1.0,1.0,0.0,1.0,0
316,-0.364952511869,0.44384585641,-0.463108102018,-0.146263737691,1.0,0.0,0.0,0.0,1.0,1
217,0.985935281567,0.44384585641,-0.463108102018,-0.128132621996,1.0,0.0,1.0,0.0,1.0,0
347,0.160392741134,0.44384585641,-0.463108102018,-0.325761783071,0.0,1.0,0.0,0.0,1.0,1
208,-0.965347086729,-0.497549625513,-0.463108102018,-0.477156599124,0.0,1.0,0.0,1.0,0.0,1
423,-0.0647552244383,0.44384585641,0.845007674298,-0.356584679753,0.0,1.0,0.0,0.0,1.0,0
120,-0.590100477441,1.38524133833,-0.463108102018,0.714964257821,1.0,0.0,1.0,0.0,1.0,0
550,-0.890297764871,-0.497549625513,2.15312345061,1.39276519518,0.0,0.0,1.0,0.0,0.0,1
705,0.760787315995,-0.497549625513,-0.463108102018,-0.146263737691,1.0,0.0,1.0,0.0,1.0,0
351,0.985935281567,-0.497549625513,-0.463108102018,0.0169163035642,0.0,0.0,1.0,0.0,1.0,0
437,-0.364952511869,1.38524133833,3.46123922693,-0.277714326479,1.0,0.0,0.0,0.0,1.0,1
24,-1.56574166159,2.32663682025,0.845007674298,-0.235559482488,0.0,1.0,0.0,0.0,1.0,0
165,-1.49069233973,-0.497549625513,2.15312345061,-0.245531596121,0.0,1.0,1.0,0.0,1.0,1
726,0.0853434192768,2.32663682025,-0.463108102018,-0.236919316166,1.0,0.0,0.0,0.0,1.0,1
424,-0.815248443014,0.44384585641,0.845007674298,-0.251197569775,0.0,1.0,1.0,0.0,1.0,0
855,-0.815248443014,-0.497549625513,0.845007674298,-0.448146814012,0.0,1.0,0.0,0.0,1.0,1
18,0.160392741134,0.44384585641,-0.463108102018,-0.291312663251,0.0,1.0,0.0,0.0,1.0,0
629,-0.214853868153,-0.497549625513,-0.463108102018,-0.477459388756,0.0,1.0,1.0,1.0,0.0,0
836,-0.590100477441,-0.497549625513,-0.463108102018,-0.460611956053,0.0,1.0,1.0,0.0,1.0,0
735,-0.0272305635096,-0.497549625513,-0.463108102018,-0.325761783071,0.0,1.0,1.0,0.0,1.0,0
854,1.13603392528,0.44384585641,-0.463108102018,-0.146263737691,1.0,0.0,0.0,0.0,1.0,0
224,0.685737994137,0.44384585641,-0.463108102018,1.01412766679,0.0,0.0,1.0,0.0,1.0,1
93,-0.214853868153,0.44384585641,2.15312345061,-0.244625040336,0.0,1.0,1.0,0.0,1.0,0
811,0.760787315995,-0.497549625513,-0.463108102018,-0.179806301726,0.0,1.0,1.0,0.0,1.0,0
868,-0.214853868153,-0.497549625513,-0.463108102018,-0.445427146658,0.0,1.0,1.0,0.0,1.0,0
89,-0.364952511869,-0.497549625513,-0.463108102018,-0.471717264416,0.0,1.0,1.0,0.0,1.0,0
515,1.36118189086,-0.497549625513,-0.463108102018,-0.00083768492431,0.0,0.0,1.0,0.0,1.0,0
60,-0.515051155584,-0.497549625513,-0.463108102018,-0.486599284178,0.0,1.0,1.0,0.0,0.0,0
164,-2.09108691459,3.26803230218,0.845007674298,0.101905908384,0.0,1.0,1.0,0.0,1.0,0
78,-2.10384529931,-0.497549625513,2.15312345061,-0.0918703906057,1.0,0.0,1.0,0.0,1.0,1
566,-0.740199121156,-0.497549625513,-0.463108102018,-0.474513082456,0.0,1.0,1.0,0.0,1.0,0
717,-0.139804546296,-0.497549625513,-0.463108102018,-0.427296030963,1.0,0.0,0.0,0.0,1.0,1
431,0.160392741134,0.44384585641,-0.463108102018,-0.325761783071,0.0,1.0,0.0,0.0,1.0,1
270,0.985935281567,-0.497549625513,-0.463108102018,-0.0556081592157,0.0,0.0,1.0,0.0,1.0,0
213,0.0853434192768,-0.497549625513,-0.463108102018,-0.381968241725,1.0,0.0,1.0,0.0,1.0,0
331,1.24860790807,-0.497549625513,-0.463108102018,-0.100935948453,0.0,0.0,1.0,0.0,1.0,0
388,-0.214853868153,-0.497549625513,-0.463108102018,-0.477533726331,0.0,1.0,1.0,1.0,0.0,0
127,-0.364952511869,-0.497549625513,-0.463108102018,-0.488185756801,0.0,1.0,1.0,0.0,1.0,1
531,-0.214853868153,-0.497549625513,-0.463108102018,-0.486599284178,0.0,1.0,1.0,0.0,0.0,0
711,0.985935281567,-0.497549625513,-0.463108102018,-0.136291624058,0.0,0.0,1.0,0.0,1.0,0
408,-0.590100477441,-0.497549625513,-0.463108102018,-0.476703321232,0.0,1.0,1.0,0.0,1.0,0
828,-0.214853868153,-0.497549625513,-0.463108102018,-0.477156599124,0.0,1.0,1.0,1.0,0.0,1
427,-0.740199121156,-0.497549625513,-0.463108102018,-0.146263737691,1.0,0.0,0.0,0.0,1.0,1
591,1.73642850014,0.44384585641,-0.463108102018,0.801389847005,0.0,0.0,0.0,0.0,0.0,1
314,1.06098460342,0.44384585641,0.845007674298,-0.141730958767,1.0,0.0,1.0,0.0,1.0,0
862,1.43623121271,-0.497549625513,-0.463108102018,-0.147547420682,0.0,0.0,0.0,0.0,1.0,1
773,-0.214853868153,-0.497549625513,-0.463108102018,-0.486675434864,0.0,1.0,1.0,0.0,0.0,0
843,0.423065367636,-0.497549625513,-0.463108102018,-0.500953688474,0.0,1.0,1.0,0.0,0.0,0
839,0.985935281567,-0.497549625513,-0.463108102018,-0.0791786096192,0.0,0.0,1.0,0.0,0.0,1
4,0.460590028565,-0.497549625513,-0.463108102018,-0.471717264416,0.0,1.0,1.0,0.0,1.0,0
239,0.310491384849,-0.497549625513,-0.463108102018,-0.395113300604,1.0,0.0,1.0,0.0,1.0,0
200,-0.0647552244383,-0.497549625513,-0.463108102018,-0.445427146658,0.0,1.0,1.0,0.0,1.0,0
410,-0.214853868153,-0.497549625513,-0.463108102018,-0.474513082456,0.0,1.0,1.0,0.0,1.0,0
215,0.160392741134,0.44384585641,-0.463108102018,1.43612938459,0.0,0.0,0.0,0.0,0.0,1
109,-0.815248443014,0.44384585641,-0.463108102018,-0.179806301726,0.0,1.0,0.0,1.0,0.0,1
168,0.985935281567,-0.497549625513,-0.463108102018,-0.147623571368,0.0,0.0,1.0,0.0,1.0,0
611,-0.214853868153,-0.497549625513,-0.463108102018,-0.489848380111,0.0,1.0,1.0,0.0,1.0,0
684,2.336823075,0.44384585641,0.845007674298,0.0894407663442,1.0,0.0,1.0,0.0,1.0,0
38,-0.815248443014,1.38524133833,-0.463108102018,-0.291312663251,0.0,1.0,0.0,0.0,1.0,0
761,0.91088595971,-0.497549625513,-0.463108102018,-0.488488546434,0.0,1.0,1.0,0.0,1.0,0
74,0.235442062992,-0.497549625513,-0.463108102018,0.406659140321,0.0,1.0,1.0,0.0,1.0,1
558,0.760787315995,0.44384585641,0.845007674298,0.826470619345,0.0,0.0,0.0,0.0,1.0,1
545,2.63702036243,-0.497549625513,-0.463108102018,-0.146263737691,0.0,0.0,1.0,0.0,1.0,0
776,-0.214853868153,-0.497549625513,-0.463108102018,-0.477156599124,0.0,1.0,1.0,1.0,0.0,0
827,-2.09108691459,-0.497549625513,2.15312345061,0.0532546856401,1.0,0.0,1.0,0.0,0.0,1
379,-0.740199121156,-0.497549625513,-0.463108102018,-0.476703321232,0.0,1.0,1.0,0.0,1.0,0
363,0.460590028565,-0.497549625513,-0.463108102018,-0.489848380111,0.0,1.0,1.0,0.0,1.0,0
772,2.11167510943,-0.497549625513,-0.463108102018,-0.427296030963,1.0,0.0,0.0,0.0,1.0,0
529,-0.440001833726,1.38524133833,0.845007674298,-0.409164915268,1.0,0.0,1.0,0.0,1.0,0
511,-0.214853868153,-0.497549625513,-0.463108102018,-0.471717264416,0.0,1.0,1.0,0.0,1.0,0
16,-2.01603759273,3.26803230218,0.845007674298,-0.0896040011438,0.0,1.0,1.0,1.0,0.0,0
250,-0.214853868153,-0.497549625513,-0.463108102018,-0.486222156972,0.0,1.0,1.0,0.0,1.0,0
680,-0.815248443014,-0.497549625513,-0.463108102018,-0.470130791792,0.0,1.0,0.0,1.0,0.0,0
382,0.235442062992,-0.497549625513,-0.463108102018,-0.473983653878,0.0,1.0,1.0,0.0,1.0,0
814,0.122868080206,-0.497549625513,-0.463108102018,-0.471717264416,0.0,1.0,1.0,0.0,1.0,0
734,-0.440001833726,-0.497549625513,-0.463108102018,-0.381968241725,1.0,0.0,1.0,0.0,1.0,0
861,-0.590100477441,0.44384585641,-0.463108102018,-0.409164915268,1.0,0.0,1.0,0.0,1.0,0
97,-0.440001833726,-0.497549625513,0.845007674298,0.531083921777,0.0,0.0,1.0,0.0,0.0,1
80,-0.515051155584,-0.497549625513,-0.463108102018,-0.454492704505,0.0,1.0,1.0,0.0,1.0,0
565,-0.364952511869,1.38524133833,-0.463108102018,-0.179806301726,0.0,1.0,1.0,0.0,1.0,0
240,-0.815248443014,0.44384585641,-0.463108102018,-0.355601973282,0.0,1.0,0.0,0.0,0.0,0
421,-0.590100477441,-0.497549625513,-0.463108102018,-0.477459388756,0.0,1.0,1.0,1.0,0.0,0
649,-0.440001833726,-0.497549625513,-0.463108102018,-0.480782822263,0.0,1.0,0.0,0.0,1.0,1
502,-0.815248443014,-0.497549625513,-0.463108102018,-0.4793468379,0.0,1.0,0.0,1.0,0.0,0
606,0.0853434192768,-0.497549625513,-0.463108102018,-0.474513082456,0.0,1.0,1.0,0.0,1.0,0
472,0.310491384849,0.44384585641,2.15312345061,-0.114534285224,1.0,0.0,0.0,0.0,1.0,1
809,0.310491384849,0.44384585641,-0.463108102018,0.345089497643,0.0,0.0,0.0,0.0,1.0,1
262,1.73642850014,0.44384585641,0.845007674298,0.826470619345,0.0,0.0,1.0,0.0,1.0,0
602,0.985935281567,-0.497549625513,-0.463108102018,0.151086559707,0.0,0.0,1.0,0.0,1.0,0
769,0.235442062992,-0.497549625513,-0.463108102018,-0.466051290761,0.0,1.0,1.0,0.0,1.0,0
778,-0.214853868153,-0.497549625513,-0.463108102018,-0.47738323807,0.0,1.0,1.0,1.0,0.0,0
498,-0.289903190011,0.44384585641,2.15312345061,2.13009783781,0.0,0.0,0.0,0.0,1.0,0
170,2.41187239686,-0.497549625513,-0.463108102018,-0.0102803699783,0.0,0.0,1.0,0.0,1.0,0
412,0.310491384849,0.44384585641,-0.463108102018,1.01412766679,0.0,0.0,0.0,1.0,0.0,1
241,-0.815248443014,0.44384585641,-0.463108102018,-0.336640452488,0.0,1.0,0.0,1.0,0.0,1
369,-0.364952511869,-0.497549625513,-0.463108102018,0.638813571902,0.0,0.0,0.0,0.0,0.0,1
681,-0.139804546296,-0.497549625513,-0.463108102018,0.773513256623,0.0,0.0,1.0,0.0,0.0,1
884,-0.289903190011,-0.497549625513,-0.463108102018,-0.489848380111,0.0,1.0,1.0,0.0,1.0,0
147,-1.49069233973,1.38524133833,2.15312345061,0.00558435625485,0.0,1.0,0.0,0.0,1.0,0
676,-0.32742785094,-0.497549625513,-0.463108102018,-0.471717264416,0.0,1.0,1.0,0.0,1.0,0
743,-0.364952511869,0.44384585641,-0.463108102018,-0.325761783071,0.0,1.0,1.0,0.0,1.0,0
512,0.535639350422,-0.497549625513,-0.463108102018,-0.141051041928,0.0,0.0,1.0,0.0,1.0,1
630,3.83780951215,-0.497549625513,-0.463108102018,-0.0737392749107,0.0,0.0,1.0,0.0,1.0,1
459,-0.214853868153,-0.497549625513,-0.463108102018,-0.477156599124,0.0,1.0,1.0,1.0,0.0,0
664,-0.665149799299,0.44384585641,-0.463108102018,-0.473983653878,0.0,1.0,1.0,0.0,1.0,1
552,-0.214853868153,-0.497549625513,-0.463108102018,-0.475720614761,0.0,1.0,1.0,1.0,0.0,0
72,-0.590100477441,-0.497549625513,-0.463108102018,0.714964257821,1.0,0.0,1.0,0.0,1.0,0
117,0.0102940974192,0.44384585641,-0.463108102018,-0.236919316166,1.0,0.0,1.0,0.0,1.0,0
504,-0.965347086729,-0.497549625513,-0.463108102018,0.950668761856,0.0,0.0,0.0,0.0,1.0,1
105,-0.0647552244383,-0.497549625513,-0.463108102018,-0.474513082456,0.0,1.0,1.0,0.0,1.0,0
829,2.48692171872,-0.497549625513,-0.463108102018,0.832816509839,0.0,0.0,0.0,0.0,0.0,1
767,0.122868080206,-0.497549625513,-0.463108102018,-0.477156599124,0.0,1.0,0.0,1.0,0.0,0
509,-0.214853868153,-0.497549625513,-0.463108102018,0.406659140321,0.0,1.0,1.0,0.0,1.0,1
268,2.18672443129,-0.497549625513,0.845007674298,2.16477359658,0.0,0.0,0.0,0.0,1.0,1
277,0.160392741134,-0.497549625513,-0.463108102018,-0.61767274576,1.0,0.0,1.0,0.0,1.0,0
464,-0.214853868153,-0.497549625513,-0.463108102018,-0.471717264416,0.0,1.0,1.0,0.0,1.0,0
140,0.160392741134,-0.497549625513,2.15312345061,-0.341249382098,0.0,1.0,0.0,0.0,0.0,0
343,-0.289903190011,-0.497549625513,-0.463108102018,-0.381968241725,1.0,0.0,1.0,0.0,1.0,0
482,1.58632985643,-0.497549625513,-0.463108102018,-0.471717264416,0.0,1.0,1.0,0.0,1.0,0
360,0.835836637852,0.44384585641,4.76935500325,-0.11181461787,0.0,1.0,1.0,0.0,1.0,0
628,-0.214853868153,-0.497549625513,-0.463108102018,-0.474513082456,0.0,1.0,1.0,0.0,1.0,0
757,-0.815248443014,-0.497549625513,-0.463108102018,-0.409164915268,1.0,0.0,1.0,0.0,1.0,0
64,0.985935281567,-0.497549625513,-0.463108102018,-0.115063713803,0.0,0.0,1.0,0.0,0.0,0
106,-0.590100477441,-0.497549625513,-0.463108102018,-0.478969710694,0.0,1.0,0.0,0.0,1.0,1
154,-0.214853868153,-0.497549625513,-0.463108102018,-0.485088962241,0.0,1.0,1.0,0.0,1.0,0
729,-0.289903190011,0.44384585641,-0.463108102018,-0.473983653878,0.0,1.0,0.0,0.0,1.0,0
562,-0.0647552244383,-0.497549625513,-0.463108102018,-0.372902683878,1.0,0.0,1.0,0.0,1.0,0
527,0.985935281567,-0.497549625513,-0.463108102018,3.40343158818,0.0,0.0,1.0,0.0,1.0,0
243,-0.515051155584,-0.497549625513,-0.463108102018,-0.488488546434,0.0,1.0,1.0,0.0,1.0,0
650,-0.214853868153,-0.497549625513,-0.463108102018,-0.474513082456,0.0,1.0,1.0,0.0,1.0,0
801,0.160392741134,0.44384585641,0.845007674298,-0.141730958767,1.0,0.0,0.0,0.0,1.0,1
784,-0.289903190011,-0.497549625513,-0.463108102018,-0.489848380111,0.0,1.0,1.0,0.0,1.0,0
310,-0.364952511869,-0.497549625513,-0.463108102018,0.890080012538,0.0,0.0,0.0,0.0,0.0,1
673,0.160392741134,-0.497549625513,-0.463108102018,-0.381968241725,1.0,0.0,1.0,0.0,1.0,1
98,0.385540706707,-0.497549625513,0.845007674298,-0.200657084776,1.0,0.0,0.0,0.0,1.0,1
553,-0.515051155584,-0.497549625513,-0.463108102018,-0.486675434864,0.0,1.0,1.0,0.0,0.0,1
219,0.0853434192768,-0.497549625513,-0.463108102018,-0.427296030963,1.0,0.0,1.0,0.0,1.0,0
747,0.0853434192768,-0.497549625513,-0.463108102018,-0.381968241725,1.0,0.0,0.0,0.0,1.0,1
144,-0.815248443014,-0.497549625513,-0.463108102018,-0.409164915268,1.0,0.0,1.0,0.0,1.0,0
451,-0.214853868153,0.44384585641,-0.463108102018,-0.255654198013,0.0,1.0,1.0,0.0,1.0,0
99,0.385540706707,0.44384585641,-0.463108102018,-0.146263737691,1.0,0.0,1.0,0.0,1.0,0
267,-0.289903190011,0.44384585641,-0.463108102018,-0.476703321232,0.0,1.0,1.0,0.0,1.0,1
84,-0.890297764871,-0.497549625513,-0.463108102018,-0.427296030963,1.0,0.0,0.0,0.0,1.0,1
119,-2.01603759273,3.26803230218,2.15312345061,-0.0506221023996,0.0,1.0,0.0,0.0,1.0,0
860,0.91088595971,1.38524133833,-0.463108102018,-0.361873526201,0.0,1.0,1.0,0.0,1.0,0
874,-0.0647552244383,0.44384585641,-0.463108102018,-0.182525969081,1.0,0.0,0.0,0.0,0.0,1
36,-0.214853868153,-0.497549625513,-0.463108102018,-0.486599284178,0.0,1.0,1.0,0.0,0.0,1
866,-0.139804546296,0.44384585641,-0.463108102018,-0.366406305124,1.0,0.0,0.0,0.0,0.0,1
608,-0.515051155584,0.44384585641,2.15312345061,0.136204539945,1.0,0.0,0.0,0.0,0.0,1
490,-0.214853868153,0.44384585641,-0.463108102018,-0.255654198013,0.0,1.0,1.0,0.0,1.0,0
643,-0.214853868153,-0.497549625513,-0.463108102018,0.406659140321,0.0,1.0,1.0,0.0,1.0,1
387,0.535639350422,-0.497549625513,-0.463108102018,-0.381968241725,1.0,0.0,0.0,0.0,1.0,1
595,0.535639350422,0.44384585641,0.845007674298,-0.179806301726,0.0,1.0,1.0,0.0,1.0,0
800,0.385540706707,-0.497549625513,-0.463108102018,-0.381968241725,1.0,0.0,1.0,0.0,1.0,0
322,0.0853434192768,-0.497549625513,-0.463108102018,-0.393753466927,1.0,0.0,0.0,1.0,0.0,1
311,-0.815248443014,1.38524133833,2.15312345061,4.13947873471,0.0,0.0,0.0,0.0,0.0,1
604,0.460590028565,-0.497549625513,-0.463108102018,-0.136291624058,0.0,0.0,1.0,0.0,0.0,1
588,-0.515051155584,-0.497549625513,-0.463108102018,-0.471717264416,0.0,1.0,1.0,0.0,1.0,0
62,1.21108324714,0.44384585641,-0.463108102018,0.895822136879,0.0,0.0,1.0,0.0,1.0,0
548,0.310491384849,0.44384585641,0.845007674298,-0.245531596121,0.0,1.0,1.0,0.0,1.0,0
554,-0.515051155584,-0.497549625513,-0.463108102018,-0.476703321232,0.0,1.0,0.0,0.0,1.0,1
396,0.160392741134,-0.497549625513,-0.463108102018,-0.475267336869,0.0,1.0,0.0,0.0,1.0,0
15,1.96157646572,-0.497549625513,-0.463108102018,-0.327574894641,1.0,0.0,0.0,0.0,1.0,1
232,2.26177375315,-0.497549625513,-0.463108102018,-0.372902683878,1.0,0.0,1.0,0.0,1.0,0
724,-0.139804546296,0.44384585641,-0.463108102018,0.345089497643,0.0,0.0,1.0,0.0,1.0,1
594,0.61068867228,0.44384585641,-0.463108102018,-0.146263737691,1.0,0.0,1.0,0.0,1.0,0
332,0.685737994137,-0.497549625513,0.845007674298,2.16477359658,0.0,0.0,1.0,0.0,1.0,0
328,0.160392741134,0.44384585641,0.845007674298,-0.245531596121,0.0,1.0,0.0,0.0,1.0,1
58,-1.79088962716,0.44384585641,2.15312345061,-0.114534285224,1.0,0.0,0.0,0.0,1.0,1
881,0.310491384849,-0.497549625513,-0.463108102018,-0.474513082456,0.0,1.0,1.0,0.0,1.0,0
91,-0.665149799299,-0.497549625513,-0.463108102018,-0.475267336869,0.0,1.0,1.0,0.0,1.0,0
577,0.760787315995,0.44384585641,-0.463108102018,0.395856621589,0.0,0.0,0.0,0.0,1.0,1
713,0.0102940974192,-0.497549625513,-0.463108102018,-0.44572993629,0.0,1.0,1.0,0.0,1.0,0
655,-0.364952511869,1.38524133833,-0.463108102018,0.714964257821,1.0,0.0,1.0,0.0,1.0,0
411,-0.214853868153,-0.497549625513,-0.463108102018,-0.493324114989,0.0,1.0,1.0,1.0,0.0,0
609,0.835836637852,-0.497549625513,-0.463108102018,2.16477359658,0.0,0.0,0.0,0.0,1.0,1
873,1.36118189086,-0.497549625513,-0.463108102018,-0.454492704505,0.0,1.0,1.0,0.0,1.0,0
826,-0.214853868153,-0.497549625513,-0.463108102018,0.406659140321,0.0,1.0,1.0,0.0,1.0,0
183,-2.09108691459,1.38524133833,0.845007674298,0.0894407663442,1.0,0.0,1.0,0.0,1.0,1
849,0.798311976923,0.44384585641,-0.463108102018,0.997885813349,0.0,0.0,0.0,0.0,0.0,1
204,-0.815248443014,-0.497549625513,-0.463108102018,-0.471717264416,0.0,1.0,1.0,0.0,1.0,1
26,-0.214853868153,-0.497549625513,-0.463108102018,-0.486675434864,0.0,1.0,1.0,0.0,0.0,0
282,-0.965347086729,-0.497549625513,-0.463108102018,-0.445427146658,0.0,1.0,1.0,0.0,1.0,0
613,-0.214853868153,-0.497549625513,-0.463108102018,-0.477156599124,0.0,1.0,1.0,1.0,0.0,0
65,-1.86593894902,0.44384585641,0.845007674298,-0.341249382098,0.0,1.0,1.0,0.0,0.0,1
875,-1.04039640859,-0.497549625513,-0.463108102018,-0.486675434864,0.0,1.0,0.0,0.0,0.0,1
596,-0.364952511869,-0.497549625513,-0.463108102018,-0.0193459278258,1.0,0.0,0.0,0.0,1.0,1
19,0.160392741134,-0.497549625513,-0.463108102018,-0.486675434864,0.0,1.0,0.0,0.0,0.0,1
33,2.78711900615,-0.497549625513,-0.463108102018,-0.427296030963,1.0,0.0,1.0,0.0,1.0,0
780,-1.1904950523,-0.497549625513,-0.463108102018,-0.486599284178,0.0,1.0,0.0,0.0,0.0,1
807,-0.815248443014,-0.497549625513,-0.463108102018,-0.476703321232,0.0,1.0,0.0,0.0,1.0,0
647,2.03662578757,-0.497549625513,-0.463108102018,0.0259818614117,0.0,0.0,1.0,0.0,0.0,1
12,-0.665149799299,-0.497549625513,-0.463108102018,-0.471717264416,0.0,1.0,1.0,0.0,1.0,0
691,-1.86593894902,-0.497549625513,0.845007674298,-0.374413005815,0.0,1.0,0.0,0.0,0.0,1
514,-0.364952511869,-0.497549625513,-0.463108102018,-0.481765528734,0.0,1.0,1.0,0.0,1.0,0
731,-1.34059369602,-0.497549625513,-0.463108102018,-0.277034409641,0.0,1.0,1.0,0.0,0.0,0
372,-0.740199121156,-0.497549625513,-0.463108102018,-0.471717264416,0.0,1.0,1.0,0.0,1.0,0
755,-2.11585319081,0.44384585641,0.845007674298,-0.354771568183,1.0,0.0,1.0,0.0,1.0,1
834,-0.815248443014,-0.497549625513,-0.463108102018,-0.467184485492,0.0,1.0,1.0,0.0,1.0,0
693,-0.289903190011,-0.497549625513,-0.463108102018,-0.486675434864,0.0,1.0,1.0,0.0,0.0,0
601,-0.214853868153,-0.497549625513,-0.463108102018,-0.474513082456,0.0,1.0,1.0,0.0,1.0,0
675,-0.815248443014,-0.497549625513,-0.463108102018,-0.476703321232,0.0,1.0,1.0,0.0,1.0,0
315,-0.214853868153,-0.497549625513,-0.463108102018,-0.475267336869,0.0,1.0,0.0,0.0,1.0,1
177,1.58632985643,-0.497549625513,-0.463108102018,-0.097083086368,0.0,0.0,0.0,0.0,0.0,0
665,0.235442062992,1.38524133833,-0.463108102018,0.714964257821,1.0,0.0,1.0,0.0,1.0,0
190,0.235442062992,-0.497549625513,-0.463108102018,-0.381968241725,1.0,0.0,0.0,0.0,1.0,1
842,0.0853434192768,-0.497549625513,-0.463108102018,-0.0556081592157,0.0,0.0,0.0,0.0,0.0,1
646,-0.740199121156,-0.497549625513,-0.463108102018,-0.474513082456,0.0,1.0,1.0,0.0,1.0,0
422,0.0102940974192,-0.497549625513,-0.463108102018,-0.474890209662,0.0,1.0,1.0,0.0,1.0,0
581,0.760787315995,0.44384585641,0.845007674298,1.39276519518,0.0,0.0,0.0,0.0,0.0,1
853,-0.965347086729,-0.497549625513,0.845007674298,0.0966932126222,0.0,0.0,0.0,0.0,1.0,1
81,0.0102940974192,-0.497549625513,-0.463108102018,-0.445427146658,0.0,1.0,1.0,0.0,1.0,1
308,0.0853434192768,0.44384585641,-0.463108102018,-0.182525969081,1.0,0.0,1.0,0.0,0.0,0
294,-0.364952511869,-0.497549625513,-0.463108102018,-0.474513082456,0.0,1.0,1.0,0.0,1.0,0
150,1.66137917829,-0.497549625513,-0.463108102018,-0.390580521681,1.0,0.0,1.0,0.0,1.0,0
557,0.985935281567,-0.497549625513,-0.463108102018,3.50760935274,0.0,0.0,1.0,0.0,0.0,0
230,0.460590028565,0.44384585641,-0.463108102018,0.895822136879,0.0,0.0,0.0,0.0,1.0,1
603,1.13603392528,-0.497549625513,-0.463108102018,-0.471717264416,0.0,1.0,1.0,0.0,1.0,0
352,-1.04039640859,0.44384585641,0.845007674298,-0.486599284178,0.0,1.0,1.0,0.0,0.0,0
865,0.985935281567,-0.497549625513,-0.463108102018,-0.381968241725,1.0,0.0,0.0,0.0,1.0,1
209,0.835836637852,-0.497549625513,-0.463108102018,-0.0556081592157,0.0,0.0,1.0,0.0,0.0,1
324,-0.214853868153,7.03361422987,2.15312345061,0.643346350826,0.0,1.0,1.0,0.0,1.0,0
495,-0.214853868153,-0.497549625513,-0.463108102018,-0.355527635707,0.0,1.0,1.0,0.0,0.0,0
505,-0.815248443014,0.44384585641,-0.463108102018,1.35680575342,0.0,0.0,1.0,0.0,0.0,0
869,-1.86593894902,0.44384585641,0.845007674298,-0.415813595393,0.0,1.0,1.0,0.0,1.0,1
672,3.08731629358,-0.497549625513,-0.463108102018,-0.427296030963,1.0,0.0,1.0,0.0,1.0,0
469,-2.10984924506,1.38524133833,0.845007674298,-0.268498280372,0.0,1.0,0.0,0.0,0.0,1
656,-0.214853868153,-0.497549625513,-0.463108102018,-0.474513082456,0.0,1.0,1.0,0.0,1.0,0
124,1.88652714386,-0.497549625513,0.845007674298,0.783635858516,0.0,0.0,1.0,0.0,1.0,0
441,-0.665149799299,-0.497549625513,-0.463108102018,-0.445427146658,0.0,1.0,1.0,0.0,1.0,0
547,0.160392741134,-0.497549625513,-0.463108102018,-0.366330154439,1.0,0.0,1.0,0.0,0.0,1
172,-2.09108691459,0.44384585641,0.845007674298,-0.415813595393,0.0,1.0,0.0,0.0,1.0,1
450,0.535639350422,0.44384585641,2.15312345061,-0.114534285224,1.0,0.0,1.0,0.0,1.0,0
413,0.160392741134,-0.497549625513,-0.463108102018,-0.61767274576,1.0,0.0,1.0,0.0,1.0,0
640,-0.665149799299,-0.497549625513,-0.463108102018,-0.475267336869,0.0,1.0,1.0,0.0,1.0,0
818,1.06098460342,-0.497549625513,-0.463108102018,-0.500727049528,0.0,1.0,1.0,0.0,1.0,0
448,-1.79088962716,1.38524133833,0.845007674298,-0.268498280372,0.0,1.0,0.0,0.0,0.0,1
589,-0.214853868153,-0.497549625513,-0.463108102018,-0.471717264416,0.0,1.0,1.0,0.0,1.0,0
666,-0.289903190011,-0.497549625513,-0.463108102018,-0.381968241725,1.0,0.0,1.0,0.0,1.0,0
141,-0.515051155584,-0.497549625513,-0.463108102018,-0.477156599124,0.0,1.0,0.0,0.0,1.0,1
271,-0.289903190011,-0.497549625513,-0.463108102018,-0.61767274576,0.0,1.0,1.0,0.0,1.0,1
376,-0.515051155584,-0.497549625513,-0.463108102018,-0.486222156972,0.0,1.0,0.0,0.0,1.0,1
35,0.985935281567,0.44384585641,-0.463108102018,0.325145270379,0.0,0.0,1.0,0.0,1.0,0
544,1.58632985643,0.44384585641,-0.463108102018,1.31193124208,0.0,0.0,1.0,0.0,0.0,0
648,-0.214853868153,-0.497549625513,-0.463108102018,-0.480782822263,0.0,1.0,1.0,0.0,1.0,0
286,0.0853434192768,-0.497549625513,-0.463108102018,-0.445427146658,0.0,1.0,1.0,0.0,1.0,1
824,-2.01603759273,3.26803230218,0.845007674298,0.101905908384,0.0,1.0,1.0,0.0,1.0,0
753,-0.440001833726,-0.497549625513,-0.463108102018,-0.474513082456,0.0,1.0,1.0,0.0,1.0,0
497,-0.214853868153,-0.497549625513,-0.463108102018,-0.343892898766,0.0,1.0,1.0,0.0,1.0,0
439,0.160392741134,-0.497549625513,-0.463108102018,-0.427296030963,1.0,0.0,1.0,0.0,1.0,0
573,-0.815248443014,-0.497549625513,-0.463108102018,-0.477156599124,0.0,1.0,0.0,1.0,0.0,1
579,0.235442062992,-0.497549625513,-0.463108102018,-0.473983653878,0.0,1.0,1.0,0.0,1.0,1
354,-0.214853868153,-0.497549625513,-0.463108102018,-0.486675434864,0.0,1.0,1.0,0.0,0.0,0
570,2.48692171872,-0.497549625513,-0.463108102018,-0.427296030963,1.0,0.0,1.0,0.0,1.0,1
123,0.272966723921,-0.497549625513,-0.463108102018,-0.381968241725,1.0,0.0,0.0,0.0,1.0,1
732,0.160392741134,-0.497549625513,-0.463108102018,-0.61767274576,1.0,0.0,1.0,0.0,1.0,0
549,-1.56574166159,0.44384585641,0.845007674298,0.0486457560304,1.0,0.0,1.0,0.0,1.0,1
679,0.535639350422,-0.497549625513,0.845007674298,8.67142725336,0.0,0.0,1.0,0.0,0.0,1
30,0.835836637852,-0.497549625513,-0.463108102018,-0.115063713803,0.0,0.0,1.0,0.0,0.0,0
433,-0.890297764871,-0.497549625513,-0.463108102018,-0.488488546434,0.0,1.0,1.0,0.0,1.0,0
236,1.13603392528,0.44384585641,-0.463108102018,-0.146263737691,1.0,0.0,1.0,0.0,1.0,0
223,-0.214853868153,-0.497549625513,-0.463108102018,-0.474513082456,0.0,1.0,1.0,0.0,1.0,0
63,-1.86593894902,2.32663682025,2.15312345061,-0.11181461787,0.0,1.0,1.0,0.0,1.0,0
419,-1.41564301787,-0.497549625513,2.15312345061,-0.179806301726,0.0,1.0,0.0,0.0,1.0,0
414,1.13603392528,-0.497549625513,-0.463108102018,-0.473983653878,0.0,1.0,1.0,0.0,1.0,1
380,0.985935281567,-0.497549625513,-0.463108102018,3.50760935274,0.0,0.0,0.0,0.0,0.0,1
871,1.36118189086,0.44384585641,0.845007674298,0.335193534697,0.0,0.0,0.0,0.0,1.0,1
850,-1.86593894902,3.26803230218,2.15312345061,-0.0506221023996,0.0,1.0,1.0,0.0,1.0,0
283,-0.740199121156,-0.497549625513,-0.463108102018,-0.471717264416,0.0,1.0,1.0,0.0,1.0,1
888,-0.815248443014,0.44384585641,2.15312345061,-0.192498082713,0.0,1.0,0.0,0.0,1.0,0
744,0.160392741134,-0.497549625513,-0.463108102018,-0.473983653878,0.0,1.0,1.0,0.0,1.0,1
725,-0.665149799299,-0.497549625513,-0.463108102018,-0.460611956053,0.0,1.0,1.0,0.0,1.0,0
341,-0.364952511869,2.32663682025,2.15312345061,4.15081068202,0.0,0.0,0.0,0.0,1.0,1
660,1.58632985643,1.38524133833,-0.463108102018,1.80555086687,0.0,0.0,1.0,0.0,1.0,1
710,-0.364952511869,-0.497549625513,-0.463108102018,0.279893631827,0.0,0.0,0.0,0.0,0.0,1
203,1.24860790807,-0.497549625513,-0.463108102018,-0.486675434864,0.0,1.0,1.0,0.0,0.0,0
823,-0.139804546296,-0.497549625513,0.845007674298,-0.391487077465,0.0,1.0,0.0,0.0,1.0,1
235,-0.815248443014,-0.497549625513,-0.463108102018,-0.480782822263,0.0,1.0,0.0,0.0,1.0,0
677,-0.815248443014,-0.497549625513,-0.463108102018,-0.439231744425,0.0,1.0,0.0,0.0,1.0,1
125,-1.26554437416,0.44384585641,-0.463108102018,-0.413848182452,0.0,1.0,1.0,0.0,0.0,1
126,-0.214853868153,-0.497549625513,-0.463108102018,-0.477156599124,0.0,1.0,1.0,1.0,0.0,0
571,1.811477822,1.38524133833,-0.463108102018,0.315702585325,0.0,0.0,0.0,0.0,1.0,1
138,-0.965347086729,-0.497549625513,-0.463108102018,-0.450563691734,0.0,1.0,1.0,0.0,1.0,0
585,-0.815248443014,-0.497549625513,2.15312345061,0.826470619345,0.0,0.0,0.0,0.0,1.0,1
357,0.685737994137,-0.497549625513,-0.463108102018,-0.381968241725,1.0,0.0,0.0,0.0,1.0,0
454,-0.214853868153,-0.497549625513,-0.463108102018,-0.471717264416,0.0,1.0,1.0,0.0,1.0,0
690,0.160392741134,0.44384585641,-0.463108102018,0.415800848854,0.0,0.0,1.0,0.0,1.0,1
841,-0.965347086729,-0.497549625513,-0.463108102018,-0.427296030963,1.0,0.0,1.0,0.0,1.0,0
768,-0.214853868153,0.44384585641,-0.463108102018,-0.179806301726,0.0,1.0,1.0,1.0,0.0,0
598,-0.214853868153,-0.497549625513,-0.463108102018,-0.486675434864,0.0,1.0,1.0,0.0,0.0,0
624,-0.590100477441,-0.497549625513,-0.463108102018,-0.325761783071,0.0,1.0,1.0,0.0,1.0,0
618,-1.86593894902,1.38524133833,0.845007674298,0.0894407663442,1.0,0.0,0.0,0.0,1.0,1
13,0.760787315995,0.44384585641,6.07747077956,-0.0506221023996,0.0,1.0,1.0,0.0,1.0,0
418,0.0853434192768,-0.497549625513,-0.463108102018,-0.381968241725,1.0,0.0,1.0,0.0,1.0,0
399,-0.0647552244383,-0.497549625513,-0.463108102018,-0.388314132219,1.0,0.0,0.0,0.0,1.0,1
819,-1.41564301787,2.32663682025,2.15312345061,-0.11181461787,0.0,1.0,1.0,0.0,1.0,0
212,-0.515051155584,-0.497549625513,-0.463108102018,-0.486222156972,0.0,1.0,1.0,0.0,1.0,0
429,0.235442062992,-0.497549625513,-0.463108102018,-0.471717264416,0.0,1.0,1.0,0.0,1.0,1
159,-1.86593894902,7.03361422987,2.15312345061,0.643346350826,0.0,1.0,1.0,0.0,1.0,0
44,-0.740199121156,-0.497549625513,-0.463108102018,-0.474814058976,0.0,1.0,0.0,1.0,0.0,1
222,1.66137917829,-0.497549625513,-0.463108102018,-0.471717264416,0.0,1.0,1.0,0.0,1.0,0
516,0.385540706707,-0.497549625513,-0.463108102018,-0.427296030963,1.0,0.0,0.0,0.0,1.0,1
461,0.385540706707,-0.497549625513,-0.463108102018,-0.471717264416,0.0,1.0,1.0,0.0,1.0,0
178,0.0853434192768,-0.497549625513,-0.463108102018,-0.381968241725,1.0,0.0,1.0,0.0,1.0,0
375,0.798311976923,0.44384585641,-0.463108102018,0.872175535789,0.0,0.0,0.0,0.0,0.0,1
658,-0.440001833726,-0.497549625513,-0.463108102018,-0.381968241725,1.0,0.0,1.0,0.0,1.0,0
17,0.160392741134,-0.497549625513,-0.463108102018,-0.381968241725,1.0,0.0,1.0,0.0,1.0,1
145,-0.740199121156,0.44384585641,0.845007674298,0.0486457560304,1.0,0.0,1.0,0.0,1.0,0
90,0.0102940974192,-0.497549625513,-0.463108102018,-0.471717264416,0.0,1.0,1.0,0.0,1.0,0
815,0.985935281567,-0.497549625513,-0.463108102018,-0.61767274576,0.0,0.0,1.0,0.0,1.0,0
567,0.0102940974192,-0.497549625513,4.76935500325,-0.235559482488,0.0,1.0,0.0,0.0,1.0,0
470,-0.214853868153,-0.497549625513,-0.463108102018,-0.486222156972,0.0,1.0,1.0,0.0,1.0,0
79,0.0853434192768,-0.497549625513,-0.463108102018,-0.391487077465,0.0,1.0,0.0,0.0,1.0,1
564,-0.815248443014,-0.497549625513,-0.463108102018,-0.471717264416,0.0,1.0,0.0,0.0,1.0,0
645,1.43623121271,0.44384585641,-0.463108102018,0.773513256623,0.0,0.0,1.0,0.0,0.0,1
507,0.985935281567,-0.497549625513,-0.463108102018,-0.136291624058,0.0,0.0,1.0,0.0,1.0,1
445,-1.86593894902,-0.497549625513,2.15312345061,0.866509562135,0.0,0.0,1.0,0.0,1.0,1
69,-0.214853868153,1.38524133833,-0.463108102018,-0.460611956053,0.0,1.0,1.0,0.0,1.0,0
186,0.160392741134,0.44384585641,-0.463108102018,-0.336640452488,0.0,1.0,0.0,1.0,0.0,1
135,-0.440001833726,-0.497549625513,-0.463108102018,-0.344875605237,1.0,0.0,1.0,0.0,0.0,0
578,0.160392741134,0.44384585641,-0.463108102018,-0.355527635707,0.0,1.0,0.0,0.0,0.0,0
625,2.41187239686,-0.497549625513,-0.463108102018,-0.0316605816058,0.0,0.0,1.0,0.0,1.0,0
782,0.0102940974192,-0.497549625513,-0.463108102018,-0.0737392749107,0.0,0.0,1.0,0.0,1.0,0
513,1.88652714386,0.44384585641,-0.463108102018,0.459315526522,0.0,0.0,0.0,0.0,0.0,1
228,-0.815248443014,-0.497549625513,-0.463108102018,-0.381968241725,1.0,0.0,1.0,0.0,1.0,0
321,-0.139804546296,-0.497549625513,-0.463108102018,-0.474513082456,0.0,1.0,1.0,0.0,1.0,0
373,-0.515051155584,-0.497549625513,-0.463108102018,1.84151030863,0.0,0.0,1.0,0.0,0.0,0
638,0.91088595971,-0.497549625513,6.07747077956,0.101905908384,0.0,1.0,0.0,0.0,1.0,0
438,2.63702036243,0.44384585641,4.76935500325,4.15081068202,0.0,0.0,1.0,0.0,1.0,0
496,1.88652714386,0.44384585641,-0.463108102018,0.801389847005,0.0,0.0,0.0,0.0,0.0,1
503,0.61068867228,-0.497549625513,-0.463108102018,-0.443840674035,0.0,1.0,0.0,0.0,1.0,0
631,1.66137917829,-0.497549625513,-0.463108102018,-0.489772229425,0.0,1.0,1.0,0.0,1.0,0
883,-0.0647552244383,-0.497549625513,-0.463108102018,-0.427296030963,1.0,0.0,1.0,0.0,1.0,0
479,-2.01603759273,-0.497549625513,0.845007674298,-0.394886661658,0.0,1.0,0.0,0.0,1.0,1
185,0.985935281567,-0.497549625513,-0.463108102018,0.288883038989,0.0,0.0,1.0,0.0,1.0,0
27,-0.740199121156,2.32663682025,2.15312345061,4.15081068202,0.0,0.0,1.0,0.0,1.0,0
85,0.310491384849,2.32663682025,-0.463108102018,-0.330294561995,0.0,1.0,0.0,0.0,1.0,1
325,0.535639350422,-0.497549625513,-0.463108102018,1.84151030863,0.0,0.0,0.0,0.0,0.0,1
309,0.0853434192768,-0.497549625513,-0.463108102018,0.414517165863,0.0,0.0,0.0,0.0,0.0,1
707,0.985935281567,-0.497549625513,-0.463108102018,-0.141051041928,0.0,0.0,1.0,0.0,1.0,1
118,-0.364952511869,-0.497549625513,0.845007674298,3.87015551596,0.0,0.0,1.0,0.0,0.0,0
71,-0.965347086729,4.2094277841,2.15312345061,0.232676580335,0.0,1.0,0.0,0.0,1.0,0
561,0.835836637852,-0.497549625513,-0.463108102018,-0.474513082456,0.0,1.0,1.0,0.0,1.0,0
671,0.160392741134,0.44384585641,-0.463108102018,0.325145270379,0.0,0.0,1.0,0.0,1.0,0
320,-0.515051155584,-0.497549625513,-0.463108102018,-0.486222156972,0.0,1.0,1.0,0.0,1.0,0
535,-1.64079098345,-0.497549625513,2.15312345061,-0.141730958767,1.0,0.0,0.0,0.0,1.0,1
132,1.36118189086,0.44384585641,-0.463108102018,-0.354771568183,0.0,1.0,0.0,0.0,1.0,0
736,1.43623121271,0.44384585641,3.46123922693,0.00558435625485,0.0,1.0,0.0,0.0,1.0,0
378,-0.665149799299,-0.497549625513,-0.463108102018,-0.544921644034,0.0,1.0,1.0,0.0,0.0,0
218,0.235442062992,-0.497549625513,-0.463108102018,0.765580893507,0.0,0.0,0.0,0.0,0.0,1
749,0.160392741134,-0.497549625513,-0.463108102018,-0.477156599124,0.0,1.0,1.0,1.0,0.0,0
460,1.43623121271,-0.497549625513,-0.463108102018,-0.136291624058,0.0,0.0,1.0,0.0,1.0,1
822,0.685737994137,-0.497549625513,-0.463108102018,-0.61767274576,0.0,0.0,1.0,0.0,1.0,0
233,-1.79088962716,3.26803230218,2.15312345061,-0.0485823518839,0.0,1.0,0.0,0.0,1.0,1
161,0.835836637852,-0.497549625513,-0.463108102018,-0.332107673564,1.0,0.0,0.0,0.0,1.0,1
669,0.798311976923,0.44384585641,-0.463108102018,0.325145270379,0.0,0.0,0.0,0.0,1.0,1
77,-0.214853868153,-0.497549625513,-0.463108102018,-0.471717264416,0.0,1.0,1.0,0.0,1.0,0
489,-1.49069233973,0.44384585641,0.845007674298,-0.32938800621,0.0,1.0,1.0,0.0,1.0,1
530,-2.01603759273,0.44384585641,0.845007674298,-0.146263737691,1.0,0.0,0.0,0.0,1.0,1
187,1.21108324714,-0.497549625513,-0.463108102018,-0.136291624058,0.0,0.0,1.0,0.0,1.0,1
348,-1.94098827088,0.44384585641,0.845007674298,-0.32938800621,0.0,1.0,1.0,0.0,1.0,1
663,0.535639350422,-0.497549625513,-0.463108102018,-0.481765528734,0.0,1.0,1.0,0.0,1.0,0
5,-0.214853868153,-0.497549625513,-0.463108102018,-0.464314329877,0.0,1.0,1.0,1.0,0.0,0
580,-0.289903190011,0.44384585641,0.845007674298,-0.0737392749107,1.0,0.0,0.0,0.0,1.0,1
486,0.460590028565,0.44384585641,-0.463108102018,1.01412766679,0.0,0.0,0.0,0.0,1.0,1
620,-0.139804546296,0.44384585641,-0.463108102018,-0.355601973282,0.0,1.0,1.0,0.0,0.0,0
525,0.873361298781,-0.497549625513,-0.463108102018,-0.477156599124,0.0,1.0,1.0,1.0,0.0,0
306,0.0853434192768,-0.497549625513,-0.463108102018,1.39276519518,0.0,0.0,0.0,0.0,0.0,1
21,0.385540706707,-0.497549625513,-0.463108102018,-0.381968241725,1.0,0.0,1.0,0.0,1.0,1
584,-0.214853868153,-0.497549625513,-0.463108102018,-0.459705400268,0.0,1.0,1.0,0.0,0.0,0
882,-0.515051155584,-0.497549625513,-0.463108102018,-0.426993241331,0.0,1.0,0.0,0.0,1.0,0
400,0.760787315995,-0.497549625513,-0.463108102018,-0.473983653878,0.0,1.0,1.0,0.0,1.0,1
113,-0.665149799299,0.44384585641,-0.463108102018,-0.439534534057,0.0,1.0,0.0,0.0,1.0,0
491,-0.590100477441,-0.497549625513,-0.463108102018,-0.486222156972,0.0,1.0,1.0,0.0,1.0,0
293,-0.364952511869,-0.497549625513,-0.463108102018,-0.45721237186,0.0,1.0,0.0,0.0,1.0,0
29,-0.214853868153,-0.497549625513,-0.463108102018,-0.474513082456,0.0,1.0,1.0,0.0,1.0,0
269,0.460590028565,-0.497549625513,-0.463108102018,1.84151030863,0.0,0.0,0.0,0.0,1.0,1
258,0.460590028565,-0.497549625513,-0.463108102018,8.67142725336,0.0,0.0,0.0,0.0,0.0,1
863,-0.815248443014,7.03361422987,2.15312345061,0.643346350826,0.0,1.0,0.0,0.0,1.0,0
687,-0.740199121156,-0.497549625513,-0.463108102018,-0.43326479425,0.0,1.0,1.0,0.0,1.0,0
226,-0.740199121156,-0.497549625513,-0.463108102018,-0.427296030963,1.0,0.0,1.0,0.0,1.0,1
463,1.43623121271,-0.497549625513,-0.463108102018,-0.381968241725,1.0,0.0,1.0,0.0,1.0,0
820,1.73642850014,0.44384585641,0.845007674298,1.07758657172,0.0,0.0,0.0,0.0,1.0,1
556,1.43623121271,0.44384585641,-0.463108102018,0.100319435761,0.0,0.0,0.0,0.0,0.0,1
802,-1.34059369602,0.44384585641,2.15312345061,1.55806113764,0.0,0.0,1.0,0.0,1.0,1
821,-0.139804546296,-0.497549625513,-0.463108102018,-0.460611956053,0.0,1.0,1.0,0.0,1.0,1
599,1.51128053457,0.44384585641,-0.463108102018,0.414517165863,0.0,0.0,1.0,0.0,0.0,1
786,-0.815248443014,-0.497549625513,-0.463108102018,-0.481765528734,0.0,1.0,0.0,0.0,1.0,1
57,-0.0272305635096,-0.497549625513,-0.463108102018,-0.486599284178,0.0,1.0,1.0,0.0,0.0,0
9,-1.11544573044,0.44384585641,-0.463108102018,-0.0724555919195,1.0,0.0,0.0,0.0,0.0,1
774,1.88652714386,0.44384585641,3.46123922693,-0.200657084776,1.0,0.0,0.0,0.0,1.0,1
406,1.66137917829,-0.497549625513,-0.463108102018,-0.477156599124,0.0,1.0,1.0,0.0,1.0,0
42,-0.214853868153,-0.497549625513,-0.463108102018,-0.474513082456,0.0,1.0,1.0,0.0,0.0,0
234,-0.364952511869,-0.497549625513,-0.463108102018,-0.427296030963,1.0,0.0,1.0,0.0,1.0,0
43,-1.94098827088,0.44384585641,2.15312345061,0.136204539945,1.0,0.0,0.0,0.0,0.0,1
25,0.685737994137,0.44384585641,6.07747077956,-0.0485823518839,0.0,1.0,0.0,0.0,1.0,1
199,-0.364952511869,-0.497549625513,-0.463108102018,-0.381968241725,1.0,0.0,0.0,0.0,1.0,0
110,1.36118189086,-0.497549625513,-0.463108102018,0.325145270379,0.0,0.0,1.0,0.0,1.0,0
682,-0.665149799299,-0.497549625513,-0.463108102018,-0.450413203474,0.0,1.0,1.0,0.0,1.0,0
350,-0.440001833726,-0.497549625513,-0.463108102018,-0.450413203474,0.0,1.0,1.0,0.0,1.0,0
683,-1.11544573044,4.2094277841,2.15312345061,0.232676580335,0.0,1.0,1.0,0.0,1.0,0
597,1.51128053457,-0.497549625513,-0.463108102018,-0.61767274576,0.0,1.0,1.0,0.0,1.0,0
797,0.160392741134,-0.497549625513,-0.463108102018,-0.460234828846,0.0,1.0,0.0,0.0,1.0,1
184,-1.86593894902,-0.497549625513,2.15312345061,-0.218334922578,0.0,1.0,0.0,0.0,1.0,1
430,-0.0647552244383,-0.497549625513,-0.463108102018,-0.136291624058,0.0,0.0,1.0,0.0,1.0,1
493,3.16236561544,-0.497549625513,-0.463108102018,0.279893631827,0.0,0.0,1.0,0.0,0.0,0
694,2.336823075,-0.497549625513,-0.463108102018,-0.136291624058,0.0,0.0,1.0,0.0,1.0,0
722,0.385540706707,-0.497549625513,-0.463108102018,-0.381968241725,1.0,0.0,1.0,0.0,1.0,0
457,0.798311976923,0.44384585641,-0.463108102018,0.322652241971,0.0,0.0,0.0,0.0,1.0,1
403,-0.0647552244383,0.44384585641,-0.463108102018,-0.330294561995,0.0,1.0,1.0,0.0,1.0,0
870,-0.214853868153,-0.497549625513,-0.463108102018,-0.474513082456,0.0,1.0,1.0,0.0,1.0,0
220,-0.965347086729,-0.497549625513,-0.463108102018,-0.471717264416,0.0,1.0,1.0,0.0,1.0,1
298,0.985935281567,-0.497549625513,-0.463108102018,-0.0646737170632,0.0,0.0,1.0,0.0,1.0,1
227,-0.62762513837,-0.497549625513,-0.463108102018,-0.486222156972,0.0,1.0,1.0,0.0,1.0,0
600,-0.364952511869,1.38524133833,0.845007674298,-0.128132621996,1.0,0.0,0.0,0.0,1.0,1
167,1.21108324714,0.44384585641,4.76935500325,-0.11181461787,0.0,1.0,0.0,0.0,1.0,0
307,-0.890297764871,0.44384585641,-0.463108102018,1.35680575342,0.0,0.0,0.0,0.0,0.0,1
626,2.11167510943,-0.497549625513,-0.463108102018,-0.393753466927,1.0,0.0,1.0,1.0,0.0,0
54,2.71206968429,-0.497549625513,0.845007674298,0.506079300122,0.0,0.0,1.0,0.0,0.0,0
790,-0.214853868153,-0.497549625513,-0.463108102018,-0.477156599124,0.0,1.0,1.0,1.0,0.0,0
393,-0.440001833726,0.44384585641,-0.463108102018,1.43612938459,0.0,0.0,0.0,0.0,0.0,1
3,0.460590028565,0.44384585641,-0.463108102018,0.345089497643,0.0,0.0,0.0,0.0,1.0,1
838,0.235442062992,-0.497549625513,-0.463108102018,0.406659140321,0.0,1.0,1.0,0.0,1.0,1
799,0.0853434192768,0.44384585641,0.845007674298,-0.179806301726,0.0,1.0,0.0,0.0,1.0,0
102,-0.590100477441,-0.497549625513,0.845007674298,0.783635858516,0.0,0.0,1.0,0.0,1.0,0
466,0.160392741134,-0.497549625513,-0.463108102018,-0.61767274576,1.0,0.0,1.0,0.0,1.0,0
211,0.460590028565,-0.497549625513,-0.463108102018,-0.236919316166,1.0,0.0,0.0,0.0,1.0,1
791,-0.965347086729,-0.497549625513,-0.463108102018,-0.146263737691,1.0,0.0,1.0,0.0,1.0,0
517,-0.214853868153,-0.497549625513,-0.463108102018,-0.179806301726,0.0,1.0,1.0,1.0,0.0,0
752,0.310491384849,-0.497549625513,-0.463108102018,-0.445427146658,0.0,1.0,1.0,0.0,1.0,0
169,-0.0647552244383,-0.497549625513,-0.463108102018,0.406659140321,0.0,1.0,1.0,0.0,1.0,0
23,-0.0647552244383,-0.497549625513,-0.463108102018,0.0259818614117,0.0,0.0,1.0,0.0,1.0,1
302,-0.740199121156,-0.497549625513,-0.463108102018,-0.61767274576,0.0,1.0,1.0,0.0,1.0,0
337,0.91088595971,-0.497549625513,-0.463108102018,1.82096231522,0.0,0.0,0.0,0.0,0.0,1
136,-0.740199121156,-0.497549625513,2.15312345061,-0.141127192614,0.0,0.0,0.0,0.0,1.0,1
845,0.985935281567,-0.497549625513,-0.463108102018,-0.480782822263,0.0,1.0,1.0,0.0,1.0,0
657,0.235442062992,0.44384585641,0.845007674298,-0.336640452488,0.0,1.0,0.0,1.0,0.0,0
32,-0.815248443014,-0.497549625513,-0.463108102018,-0.477156599124,0.0,1.0,0.0,1.0,0.0,1
389,-0.890297764871,-0.497549625513,-0.463108102018,-0.40009935742,1.0,0.0,0.0,0.0,0.0,1
659,2.18672443129,-0.497549625513,2.15312345061,1.43612938459,0.0,0.0,1.0,0.0,0.0,0
68,-0.890297764871,3.26803230218,2.15312345061,-0.473983653878,0.0,1.0,0.0,0.0,1.0,1
617,-0.214853868153,0.44384585641,-0.463108102018,-0.325761783071,0.0,1.0,0.0,0.0,1.0,0
41,-0.139804546296,0.44384585641,-0.463108102018,-0.236919316166,1.0,0.0,0.0,0.0,1.0,0
878,-0.214853868153,-0.497549625513,-0.463108102018,-0.474513082456,0.0,1.0,1.0,0.0,1.0,0
477,0.0102940974192,0.44384585641,-0.463108102018,-0.489924530797,0.0,1.0,1.0,0.0,1.0,0
115,-0.590100477441,-0.497549625513,-0.463108102018,-0.473983653878,0.0,1.0,1.0,0.0,1.0,0
540,0.535639350422,-0.497549625513,2.15312345061,0.669636468584,0.0,0.0,0.0,0.0,1.0,1
146,-0.139804546296,-0.497549625513,-0.463108102018,-0.476326194025,0.0,1.0,1.0,0.0,1.0,1
317,1.88652714386,-0.497549625513,-0.463108102018,-0.363837126031,1.0,0.0,1.0,0.0,1.0,0
385,-0.815248443014,-0.497549625513,-0.463108102018,0.714964257821,1.0,0.0,1.0,0.0,1.0,0
455,0.0102940974192,-0.497549625513,-0.463108102018,-0.474513082456,0.0,1.0,1.0,0.0,0.0,1
627,-0.590100477441,-0.497549625513,-0.463108102018,0.795798210924,0.0,0.0,0.0,0.0,1.0,1
361,0.0102940974192,0.44384585641,-0.463108102018,-0.115063713803,1.0,0.0,1.0,0.0,0.0,0
55,0.985935281567,-0.497549625513,-0.463108102018,0.0259818614117,0.0,0.0,1.0,0.0,1.0,1
367,0.160392741134,-0.497549625513,-0.463108102018,-0.486599284178,0.0,1.0,0.0,0.0,0.0,1
432,0.985935281567,0.44384585641,-0.463108102018,-0.146263737691,1.0,0.0,0.0,0.0,1.0,1
358,-0.815248443014,-0.497549625513,-0.463108102018,-0.474814058976,0.0,1.0,0.0,1.0,0.0,1
835,0.760787315995,0.44384585641,0.845007674298,0.890080012538,0.0,0.0,0.0,0.0,0.0,1
886,-0.139804546296,-0.497549625513,-0.463108102018,-0.381968241725,1.0,0.0,1.0,0.0,1.0,0
176,-1.86593894902,2.32663682025,0.845007674298,-0.155933061691,0.0,1.0,1.0,0.0,1.0,0
295,0.985935281567,-0.497549625513,-0.463108102018,-0.115063713803,0.0,0.0,1.0,0.0,0.0,0
654,-0.815248443014,-0.497549625513,-0.463108102018,-0.495287714819,0.0,1.0,0.0,1.0,0.0,0
83,-0.0647552244383,-0.497549625513,-0.463108102018,0.236302803474,0.0,0.0,1.0,0.0,1.0,0
417,-0.815248443014,-0.497549625513,2.15312345061,-0.381968241725,1.0,0.0,0.0,0.0,1.0,1
783,-0.214853868153,0.44384585641,2.15312345061,-0.192498082713,0.0,1.0,1.0,0.0,1.0,0
285,0.310491384849,-0.497549625513,-0.463108102018,-0.460611956053,0.0,1.0,1.0,0.0,0.0,0
122,0.272966723921,0.44384585641,-0.463108102018,-0.0724555919195,1.0,0.0,1.0,0.0,0.0,0
704,-0.214853868153,0.44384585641,-0.463108102018,-0.475267336869,0.0,1.0,1.0,0.0,1.0,0
210,-0.364952511869,-0.497549625513,-0.463108102018,-0.489848380111,0.0,1.0,1.0,0.0,1.0,0
197,0.985935281567,-0.497549625513,0.845007674298,-0.465295223237,0.0,1.0,1.0,0.0,1.0,0
130,0.310491384849,-0.497549625513,-0.463108102018,-0.474513082456,0.0,1.0,1.0,0.0,0.0,0
492,1.96157646572,-0.497549625513,-0.463108102018,-0.0646737170632,0.0,0.0,1.0,0.0,1.0,0
651,-0.815248443014,-0.497549625513,0.845007674298,-0.200657084776,1.0,0.0,0.0,0.0,1.0,1
501,-0.590100477441,-0.497549625513,-0.463108102018,-0.477156599124,0.0,1.0,0.0,1.0,0.0,0
76,-0.214853868153,-0.497549625513,-0.463108102018,-0.474513082456,0.0,1.0,1.0,0.0,1.0,0
789,1.286132569,-0.497549625513,-0.463108102018,0.818311617283,0.0,0.0,1.0,0.0,0.0,0
173,-0.590100477441,-0.497549625513,-0.463108102018,-0.473983653878,0.0,1.0,1.0,0.0,1.0,0
342,-0.0647552244383,-0.497549625513,-0.463108102018,-0.381968241725,1.0,0.0,1.0,0.0,1.0,0
202,0.385540706707,-0.497549625513,-0.463108102018,-0.499896644429,0.0,1.0,1.0,0.0,1.0,0
723,1.58632985643,-0.497549625513,-0.463108102018,-0.381968241725,1.0,0.0,1.0,0.0,1.0,0
434,1.58632985643,0.44384585641,-0.463108102018,0.395856621589,0.0,0.0,1.0,0.0,1.0,0
751,-1.7158403053,-0.497549625513,0.845007674298,-0.391487077465,0.0,1.0,1.0,0.0,1.0,1
709,-1.86593894902,0.44384585641,0.845007674298,-0.341249382098,0.0,1.0,1.0,0.0,0.0,1
300,-0.815248443014,-0.497549625513,-0.463108102018,-0.477156599124,0.0,1.0,0.0,1.0,0.0,1
133,0.0102940974192,0.44384585641,-0.463108102018,-0.146263737691,1.0,0.0,0.0,0.0,1.0,1
522,-0.214853868153,-0.497549625513,-0.463108102018,-0.486675434864,0.0,1.0,1.0,0.0,0.0,0
359,-0.815248443014,-0.497549625513,-0.463108102018,-0.474814058976,0.0,1.0,0.0,1.0,0.0,1
546,-0.740199121156,0.44384585641,-0.463108102018,-0.146263737691,1.0,0.0,0.0,0.0,1.0,1
39,-1.11544573044,0.44384585641,-0.463108102018,-0.413848182452,0.0,1.0,0.0,0.0,0.0,1
336,0.0102940974192,0.44384585641,-0.463108102018,0.589859559526,0.0,0.0,1.0,0.0,1.0,0
175,-0.815248443014,0.44384585641,0.845007674298,-0.475267336869,0.0,1.0,1.0,0.0,1.0,0
129,1.21108324714,-0.497549625513,-0.463108102018,-0.491208213788,0.0,1.0,1.0,0.0,1.0,0
612,-0.815248443014,0.44384585641,-0.463108102018,-0.336640452488,0.0,1.0,0.0,1.0,0.0,1
715,-0.740199121156,-0.497549625513,-0.463108102018,-0.478969710694,0.0,1.0,1.0,0.0,1.0,0
593,-0.815248443014,-0.497549625513,2.15312345061,-0.477156599124,0.0,1.0,0.0,1.0,0.0,0
468,-0.214853868153,-0.497549625513,-0.463108102018,-0.477609877017,0.0,1.0,1.0,1.0,0.0,0
537,0.0853434192768,-0.497549625513,-0.463108102018,1.31193124208,0.0,0.0,0.0,0.0,0.0,1
327,0.535639350422,-0.497549625513,-0.463108102018,-0.381968241725,1.0,0.0,0.0,0.0,1.0,1
289,-0.515051155584,-0.497549625513,-0.463108102018,-0.477156599124,0.0,1.0,0.0,1.0,0.0,1
494,-0.590100477441,-0.497549625513,-0.463108102018,-0.471717264416,0.0,1.0,1.0,0.0,1.0,0
816,-0.440001833726,-0.497549625513,-0.463108102018,-0.473983653878,0.0,1.0,0.0,0.0,1.0,0
254,0.91088595971,-0.497549625513,2.15312345061,-0.251197569775,0.0,1.0,0.0,0.0,1.0,0
255,0.0102940974192,-0.497549625513,2.15312345061,-0.341249382098,0.0,1.0,0.0,0.0,0.0,1
662,1.36118189086,-0.497549625513,-0.463108102018,-0.153742822915,0.0,0.0,1.0,0.0,1.0,0
416,0.385540706707,0.44384585641,0.845007674298,-0.0284114856732,1.0,0.0,0.0,0.0,1.0,1
536,1.21108324714,-0.497549625513,-0.463108102018,-0.136291624058,0.0,0.0,1.0,0.0,1.0,0
763,0.535639350422,0.44384585641,2.15312345061,1.55806113764,0.0,0.0,0.0,0.0,1.0,1
885,0.760787315995,-0.497549625513,6.07747077956,-0.0896040011438,0.0,1.0,0.0,1.0,0.0,0
832,-0.214853868153,-0.497549625513,-0.463108102018,-0.486599284178,0.0,1.0,1.0,0.0,0.0,0
193,-1.94098827088,0.44384585641,0.845007674298,-0.146263737691,1.0,0.0,1.0,0.0,1.0,1
335,-0.214853868153,-0.497549625513,-0.463108102018,-0.474513082456,0.0,1.0,1.0,0.0,1.0,0
368,-0.815248443014,-0.497549625513,-0.463108102018,-0.477156599124,0.0,1.0,0.0,1.0,0.0,1
143,-0.740199121156,-0.497549625513,-0.463108102018,-0.495287714819,0.0,1.0,1.0,1.0,0.0,0
543,0.235442062992,0.44384585641,-0.463108102018,-0.146263737691,1.0,0.0,1.0,0.0,1.0,1
616,0.385540706707,0.44384585641,0.845007674298,-0.356584679753,0.0,1.0,1.0,0.0,1.0,0
326,2.41187239686,-0.497549625513,-0.463108102018,-0.504579911613,0.0,1.0,1.0,0.0,1.0,0
160,1.13603392528,-0.497549625513,0.845007674298,-0.325761783071,0.0,1.0,1.0,0.0,1.0,0
426,-0.0647552244383,0.44384585641,-0.463108102018,-0.146263737691,1.0,0.0,0.0,0.0,1.0,1
407,-1.94098827088,0.44384585641,0.845007674298,-0.277714326479,1.0,0.0,1.0,0.0,1.0,1
364,-0.214853868153,0.44384585641,-0.463108102018,-0.336640452488,0.0,1.0,1.0,1.0,0.0,0
297,-2.01603759273,0.44384585641,2.15312345061,2.13009783781,0.0,0.0,0.0,0.0,1.0,0
447,0.385540706707,-0.497549625513,-0.463108102018,-0.136291624058,0.0,0.0,1.0,0.0,1.0,1
785,-0.289903190011,-0.497549625513,-0.463108102018,-0.486222156972,0.0,1.0,1.0,0.0,1.0,0
323,-0.515051155584,0.44384585641,0.845007674298,-0.0918703906057,1.0,0.0,0.0,0.0,1.0,1
252,2.48692171872,-0.497549625513,-0.463108102018,-0.136291624058,0.0,0.0,1.0,0.0,1.0,0
798,0.0853434192768,-0.497549625513,-0.463108102018,-0.486599284178,0.0,1.0,1.0,0.0,0.0,0
70,0.235442062992,-0.497549625513,-0.463108102018,-0.427296030963,1.0,0.0,1.0,0.0,1.0,0
189,0.535639350422,-0.497549625513,-0.463108102018,-0.474513082456,0.0,1.0,1.0,0.0,1.0,0
777,-1.79088962716,-0.497549625513,-0.463108102018,-0.391487077465,0.0,1.0,0.0,0.0,1.0,1
500,-0.890297764871,-0.497549625513,-0.463108102018,-0.460611956053,0.0,1.0,1.0,0.0,1.0,0
296,-0.402477172797,-0.497549625513,-0.463108102018,-0.486599284178,0.0,1.0,1.0,0.0,0.0,0
312,-0.214853868153,0.44384585641,0.845007674298,-0.146263737691,1.0,0.0,0.0,0.0,1.0,0
22,-1.04039640859,-0.497549625513,-0.463108102018,-0.472094391622,0.0,1.0,0.0,1.0,0.0,1
51,-0.590100477441,-0.497549625513,-0.463108102018,-0.476250043339,0.0,1.0,1.0,0.0,1.0,0
6,1.88652714386,-0.497549625513,-0.463108102018,0.322652241971,0.0,0.0,1.0,0.0,1.0,0
313,-0.0647552244383,-0.497549625513,-0.463108102018,-0.474513082456,0.0,1.0,1.0,0.0,1.0,0
420,-0.214853868153,-0.497549625513,-0.463108102018,-0.474513082456,0.0,1.0,1.0,0.0,0.0,0
355,-0.0647552244383,-0.497549625513,-0.463108102018,-0.445427146658,0.0,1.0,1.0,0.0,1.0,0
532,-0.890297764871,0.44384585641,0.845007674298,-0.486599284178,0.0,1.0,1.0,0.0,0.0,0
787,-1.56574166159,3.26803230218,0.845007674298,-0.0896040011438,0.0,1.0,1.0,1.0,0.0,0
453,1.51128053457,0.44384585641,-0.463108102018,0.997885813349,0.0,0.0,1.0,0.0,0.0,1
686,-1.11544573044,3.26803230218,0.845007674298,0.101905908384,0.0,1.0,1.0,0.0,1.0,0
73,-0.214853868153,0.44384585641,-0.463108102018,-0.355601973282,0.0,1.0,1.0,0.0,0.0,0
82,-0.815248443014,-0.497549625513,-0.463108102018,-0.476476682286,0.0,1.0,0.0,1.0,0.0,1
292,0.535639350422,-0.497549625513,-0.463108102018,-0.384234631187,1.0,0.0,1.0,0.0,0.0,0
334,0.798311976923,0.44384585641,-0.463108102018,1.80555086687,0.0,0.0,0.0,0.0,1.0,1
428,-0.214853868153,-0.497549625513,-0.463108102018,-0.477156599124,0.0,1.0,1.0,1.0,0.0,0
362,1.21108324714,-0.497549625513,0.845007674298,-0.355601973282,0.0,1.0,0.0,0.0,0.0,0
386,-2.09108691459,4.2094277841,2.15312345061,0.232676580335,0.0,1.0,1.0,0.0,1.0,0
467,2.03662578757,-0.497549625513,-0.463108102018,-0.136291624058,0.0,0.0,1.0,0.0,1.0,0
510,0.0102940974192,-0.497549625513,-0.463108102018,-0.477156599124,0.0,1.0,1.0,1.0,0.0,1
876,-0.665149799299,-0.497549625513,-0.463108102018,-0.439157406851,0.0,1.0,1.0,0.0,1.0,0
813,-1.7158403053,3.26803230218,2.15312345061,-0.0506221023996,0.0,1.0,0.0,0.0,1.0,0
256,0.798311976923,-0.497549625513,-0.463108102018,0.818311617283,0.0,0.0,0.0,0.0,0.0,1
152,1.99910112664,-0.497549625513,-0.463108102018,-0.471717264416,0.0,1.0,1.0,0.0,1.0,0
733,-0.440001833726,-0.497549625513,-0.463108102018,-0.381968241725,1.0,0.0,1.0,0.0,1.0,0
487,2.18672443129,-0.497549625513,-0.463108102018,-0.0791786096192,0.0,0.0,1.0,0.0,0.0,0
163,-0.890297764871,-0.497549625513,-0.463108102018,-0.460611956053,0.0,1.0,1.0,0.0,1.0,0
112,-0.515051155584,-0.497549625513,-0.463108102018,-0.471717264416,0.0,1.0,1.0,0.0,1.0,0
338,1.21108324714,-0.497549625513,-0.463108102018,-0.471717264416,0.0,1.0,1.0,0.0,1.0,1
520,0.0853434192768,-0.497549625513,-0.463108102018,1.07758657172,0.0,0.0,0.0,0.0,1.0,1
287,-0.515051155584,-0.497549625513,-0.463108102018,-0.474513082456,0.0,1.0,1.0,0.0,1.0,0
194,1.13603392528,-0.497549625513,-0.463108102018,-0.115063713803,0.0,0.0,0.0,0.0,0.0,1
259,1.58632985643,-0.497549625513,0.845007674298,-0.146263737691,1.0,0.0,0.0,0.0,1.0,1
508,-0.0647552244383,-0.497549625513,-0.463108102018,-0.209269364731,0.0,1.0,1.0,0.0,1.0,0
114,-0.890297764871,-0.497549625513,-0.463108102018,-0.355527635707,0.0,1.0,0.0,0.0,0.0,0
483,2.56197104058,-0.497549625513,-0.463108102018,-0.443840674035,0.0,1.0,0.0,0.0,1.0,1
812,0.460590028565,-0.497549625513,-0.463108102018,-0.427296030963,1.0,0.0,1.0,0.0,1.0,0
456,2.71206968429,-0.497549625513,-0.463108102018,-0.136291624058,0.0,0.0,1.0,0.0,1.0,0
166,0.798311976923,-0.497549625513,0.845007674298,0.379538617464,0.0,0.0,0.0,0.0,1.0,1
765,1.66137917829,0.44384585641,-0.463108102018,0.795798210924,0.0,0.0,0.0,0.0,1.0,1
279,0.460590028565,0.44384585641,0.845007674298,-0.250517652937,0.0,1.0,0.0,0.0,1.0,1
728,-0.289903190011,0.44384585641,-0.463108102018,-0.146263737691,1.0,0.0,1.0,0.0,1.0,0
264,-0.815248443014,-0.497549625513,-0.463108102018,-0.477156599124,0.0,1.0,0.0,1.0,0.0,0
592,1.36118189086,-0.497549625513,-0.463108102018,-0.486222156972,0.0,1.0,1.0,0.0,1.0,0
476,0.385540706707,0.44384585641,-0.463108102018,-0.236919316166,1.0,0.0,1.0,0.0,1.0,0
481,0.160392741134,-0.497549625513,-0.463108102018,-0.61767274576,1.0,0.0,1.0,0.0,1.0,0
615,-0.364952511869,0.44384585641,2.15312345061,0.560849774414,1.0,0.0,0.0,0.0,1.0,1
534,0.0853434192768,-0.497549625513,-0.463108102018,-0.460611956053,0.0,1.0,0.0,0.0,1.0,0
180,-0.815248443014,7.03361422987,2.15312345061,0.643346350826,0.0,1.0,0.0,0.0,1.0,0
383,0.460590028565,0.44384585641,-0.463108102018,0.325145270379,0.0,0.0,0.0,0.0,1.0,1
49,-0.815248443014,0.44384585641,-0.463108102018,-0.29493888639,0.0,1.0,0.0,0.0,1.0,0
247,-0.364952511869,-0.497549625513,2.15312345061,-0.354771568183,1.0,0.0,0.0,0.0,1.0,1
20,0.460590028565,-0.497549625513,-0.463108102018,-0.146263737691,1.0,0.0,1.0,0.0,1.0,0
216,-0.139804546296,-0.497549625513,-0.463108102018,-0.473983653878,0.0,1.0,0.0,0.0,1.0,1
53,0.0102940974192,0.44384585641,-0.463108102018,-0.146263737691,1.0,0.0,0.0,0.0,1.0,1
661,0.835836637852,-0.497549625513,-0.463108102018,-0.486675434864,0.0,1.0,1.0,0.0,0.0,0
859,-0.214853868153,-0.497549625513,-0.463108102018,-0.486599284178,0.0,1.0,1.0,0.0,0.0,0
253,0.0853434192768,0.44384585641,-0.463108102018,-0.325761783071,0.0,1.0,1.0,0.0,1.0,0
304,-0.214853868153,-0.497549625513,-0.463108102018,-0.471717264416,0.0,1.0,1.0,0.0,1.0,0
555,2.48692171872,-0.497549625513,-0.463108102018,-0.136291624058,0.0,0.0,1.0,0.0,1.0,0
719,0.310491384849,-0.497549625513,-0.463108102018,-0.476703321232,0.0,1.0,1.0,0.0,1.0,0
31,0.798311976923,0.44384585641,-0.463108102018,2.03891283076,0.0,0.0,0.0,0.0,0.0,1
636,0.235442062992,-0.497549625513,-0.463108102018,-0.473983653878,0.0,1.0,1.0,0.0,1.0,0
11,2.18672443129,-0.497549625513,-0.463108102018,-0.136291624058,0.0,0.0,0.0,0.0,1.0,1
299,1.58632985643,-0.497549625513,0.845007674298,3.87015551596,0.0,0.0,0.0,0.0,0.0,1
674,0.160392741134,-0.497549625513,-0.463108102018,-0.61767274576,1.0,0.0,1.0,0.0,1.0,0
249,1.88652714386,0.44384585641,-0.463108102018,-0.146263737691,1.0,0.0,1.0,0.0,1.0,0
402,-0.590100477441,0.44384585641,-0.463108102018,-0.439534534057,0.0,1.0,0.0,0.0,1.0,0
46,-0.214853868153,0.44384585641,-0.463108102018,-0.336640452488,0.0,1.0,1.0,1.0,0.0,0
196,-0.214853868153,-0.497549625513,-0.463108102018,-0.477156599124,0.0,1.0,1.0,1.0,0.0,0
104,0.61068867228,1.38524133833,-0.463108102018,-0.473983653878,0.0,1.0,1.0,0.0,1.0,0
706,1.21108324714,-0.497549625513,-0.463108102018,-0.372902683878,1.0,0.0,0.0,0.0,1.0,1
701,0.460590028565,-0.497549625513,-0.463108102018,-0.141051041928,0.0,0.0,1.0,0.0,1.0,1
848,-0.0647552244383,-0.497549625513,0.845007674298,-0.0193459278258,1.0,0.0,1.0,0.0,1.0,0
742,-0.590100477441,1.38524133833,2.15312345061,4.13947873471,0.0,0.0,0.0,0.0,0.0,1
572,0.535639350422,-0.497549625513,-0.463108102018,-0.139237930359,0.0,0.0,1.0,0.0,1.0,1
808,0.760787315995,-0.497549625513,-0.463108102018,-0.381968241725,1.0,0.0,1.0,0.0,1.0,0
759,0.310491384849,-0.497549625513,-0.463108102018,0.950668761856,0.0,0.0,0.0,0.0,1.0,1
288,0.985935281567,-0.497549625513,-0.463108102018,-0.381968241725,1.0,0.0,1.0,0.0,1.0,1
702,-0.815248443014,-0.497549625513,0.845007674298,-0.355601973282,0.0,1.0,0.0,0.0,0.0,0
538,-0.214853868153,-0.497549625513,-0.463108102018,-0.354771568183,0.0,1.0,1.0,0.0,1.0,0
344,0.535639350422,-0.497549625513,-0.463108102018,-0.381968241725,1.0,0.0,1.0,0.0,1.0,0
149,0.985935281567,-0.497549625513,-0.463108102018,-0.381968241725,1.0,0.0,1.0,0.0,1.0,0
1,0.685737994137,0.44384585641,-0.463108102018,0.67477301366,0.0,0.0,0.0,0.0,0.0,1
766,1.32365722993,-0.497549625513,-0.463108102018,0.100319435761,0.0,0.0,1.0,0.0,0.0,0
365,0.0853434192768,-0.497549625513,-0.463108102018,-0.486222156972,0.0,1.0,1.0,0.0,1.0,0
192,-0.740199121156,0.44384585641,-0.463108102018,-0.475267336869,0.0,1.0,0.0,0.0,1.0,1
714,1.73642850014,-0.497549625513,-0.463108102018,-0.381968241725,1.0,0.0,1.0,0.0,1.0,0
568,-0.214853868153,-0.497549625513,-0.463108102018,-0.486599284178,0.0,1.0,1.0,0.0,0.0,0
95,-0.214853868153,-0.497549625513,-0.463108102018,-0.471717264416,0.0,1.0,1.0,0.0,1.0,0
856,1.21108324714,0.44384585641,0.845007674298,2.37154446619,0.0,0.0,0.0,0.0,1.0,1
653,-0.815248443014,-0.497549625513,-0.463108102018,-0.475720614761,0.0,1.0,0.0,1.0,0.0,1
727,-0.815248443014,-0.497549625513,-0.463108102018,-0.47738323807,0.0,1.0,0.0,1.0,0.0,1
775,-0.815248443014,-0.497549625513,-0.463108102018,-0.477156599124,0.0,1.0,1.0,0.0,1.0,0
745,3.08731629358,0.44384585641,0.845007674298,0.669636468584,0.0,0.0,1.0,0.0,1.0,0
857,1.66137917829,-0.497549625513,-0.463108102018,-0.136291624058,0.0,0.0,1.0,0.0,1.0,1
746,-0.965347086729,0.44384585641,0.845007674298,-0.250517652937,0.0,1.0,1.0,0.0,1.0,0
237,-1.56574166159,-0.497549625513,2.15312345061,-0.141730958767,1.0,0.0,0.0,0.0,1.0,1
28,-0.815248443014,-0.497549625513,-0.463108102018,-0.474814058976,0.0,1.0,0.0,1.0,0.0,1
667,-0.214853868153,-0.497549625513,-0.463108102018,-0.476703321232,0.0,1.0,1.0,0.0,1.0,0
340,-2.01603759273,0.44384585641,0.845007674298,-0.146263737691,1.0,0.0,1.0,0.0,1.0,1
652,-0.590100477441,-0.497549625513,-0.463108102018,-0.46476760777,0.0,1.0,1.0,0.0,1.0,0
377,-0.139804546296,-0.497549625513,2.15312345061,3.21705822373,0.0,0.0,1.0,0.0,0.0,0
171,-1.86593894902,3.26803230218,0.845007674298,-0.0896040011438,0.0,1.0,1.0,1.0,0.0,0
642,-2.01603759273,2.32663682025,2.15312345061,-0.11181461787,0.0,1.0,0.0,0.0,1.0,0
678,1.06098460342,0.44384585641,7.38558655588,0.232676580335,0.0,1.0,0.0,0.0,1.0,0
506,0.310491384849,-0.497549625513,2.15312345061,-0.146263737691,1.0,0.0,0.0,0.0,1.0,1
201,-0.214853868153,7.03361422987,2.15312345061,0.643346350826,0.0,1.0,1.0,0.0,1.0,0
339,1.21108324714,-0.497549625513,-0.463108102018,0.0259818614117,0.0,0.0,1.0,0.0,1.0,0
788,-2.09108691459,0.44384585641,2.15312345061,-0.244625040336,0.0,1.0,1.0,0.0,1.0,1
887,-0.740199121156,-0.497549625513,-0.463108102018,-0.0737392749107,0.0,0.0,0.0,0.0,1.0,1
444,-0.214853868153,-0.497549625513,-0.463108102018,-0.470584069685,0.0,1.0,1.0,0.0,1.0,1
670,0.835836637852,0.44384585641,0.845007674298,0.0894407663442,1.0,0.0,0.0,0.0,1.0,1
858,-0.364952511869,-0.497549625513,3.46123922693,-0.268498280372,0.0,1.0,0.0,0.0,0.0,1
889,-0.214853868153,-0.497549625513,-0.463108102018,-0.0737392749107,0.0,0.0,1.0,0.0,0.0,1
764,-0.965347086729,-0.497549625513,-0.463108102018,-0.476703321232,0.0,1.0,1.0,0.0,1.0,0
614,0.460590028565,-0.497549625513,-0.463108102018,-0.471717264416,0.0,1.0,1.0,0.0,1.0,0
480,-1.49069233973,4.2094277841,2.15312345061,0.232676580335,0.0,1.0,1.0,0.0,1.0,0
274,-0.815248443014,-0.497549625513,-0.463108102018,-0.477156599124,0.0,1.0,0.0,1.0,0.0,1
756,-0.0647552244383,-0.497549625513,-0.463108102018,-0.476326194025,0.0,1.0,1.0,0.0,1.0,0
50,-1.64079098345,3.26803230218,0.845007674298,0.101905908384,0.0,1.0,1.0,0.0,1.0,0
329,-0.965347086729,-0.497549625513,0.845007674298,0.433554837342,0.0,0.0,0.0,0.0,0.0,1
533,0.160392741134,-0.497549625513,2.15312345061,-0.212291821717,0.0,1.0,0.0,0.0,0.0,1
485,-0.815248443014,2.32663682025,0.845007674298,-0.155933061691,0.0,1.0,0.0,0.0,1.0,0
633,0.985935281567,-0.497549625513,-0.463108102018,-0.61767274576,0.0,0.0,1.0,0.0,1.0,0
415,0.160392741134,-0.497549625513,-0.463108102018,-0.471717264416,0.0,1.0,0.0,0.0,1.0,0
107,-0.214853868153,-0.497549625513,-0.463108102018,-0.476703321232,0.0,1.0,1.0,0.0,1.0,1
446,-1.1904950523,-0.497549625513,0.845007674298,-0.264115989708,1.0,0.0,0.0,0.0,1.0,1
792,-0.815248443014,7.03361422987,2.15312345061,0.643346350826,0.0,1.0,0.0,0.0,1.0,0
94,2.26177375315,-0.497549625513,-0.463108102018,-0.486222156972,0.0,1.0,1.0,0.0,1.0,0
741,0.535639350422,0.44384585641,-0.463108102018,0.811965726789,0.0,0.0,1.0,0.0,1.0,0
712,1.43623121271,0.44384585641,-0.463108102018,0.325145270379,0.0,0.0,1.0,0.0,1.0,1
872,0.310491384849,-0.497549625513,-0.463108102018,-0.527017167285,0.0,0.0,1.0,0.0,1.0,0
803,-2.13461552127,-0.497549625513,0.845007674298,-0.463255472721,0.0,1.0,1.0,0.0,0.0,1
805,0.160392741134,-0.497549625513,-0.463108102018,-0.476703321232,0.0,1.0,1.0,0.0,1.0,0
708,-0.515051155584,-0.497549625513,-0.463108102018,2.13009783781,0.0,0.0,0.0,0.0,1.0,1
586,1.36118189086,-0.497549625513,-0.463108102018,-0.345706010336,1.0,0.0,1.0,0.0,1.0,0
2,-0.214853868153,-0.497549625513,-0.463108102018,-0.473983653878,0.0,1.0,0.0,0.0,1.0,1
770,-0.364952511869,-0.497549625513,-0.463108102018,-0.445427146658,0.0,1.0,1.0,0.0,1.0,0
103,0.310491384849,-0.497549625513,-0.463108102018,-0.460762444313,0.0,1.0,1.0,0.0,1.0,0
526,1.58632985643,-0.497549625513,-0.463108102018,-0.427296030963,1.0,0.0,0.0,0.0,1.0,1
207,-0.214853868153,-0.497549625513,-0.463108102018,-0.277034409641,0.0,1.0,1.0,0.0,0.0,1
738,-0.214853868153,-0.497549625513,-0.463108102018,-0.474513082456,0.0,1.0,1.0,0.0,1.0,0
623,-0.590100477441,-0.497549625513,-0.463108102018,-0.475267336869,0.0,1.0,1.0,0.0,1.0,0
890,0.235442062992,-0.497549625513,-0.463108102018,-0.477156599124,0.0,1.0,1.0,1.0,0.0,0
542,-1.34059369602,3.26803230218,2.15312345061,-0.0506221023996,0.0,1.0,0.0,0.0,1.0,0
474,-0.515051155584,-0.497549625513,-0.463108102018,-0.439307895111,0.0,1.0,0.0,0.0,1.0,0
632,0.235442062992,-0.497549625513,-0.463108102018,-0.0646737170632,0.0,0.0,1.0,0.0,0.0,1
879,2.03662578757,-0.497549625513,0.845007674298,0.890080012538,0.0,0.0,0.0,0.0,0.0,1
281,-0.0647552244383,-0.497549625513,-0.463108102018,-0.475267336869,0.0,1.0,1.0,0.0,1.0,0
371,-0.815248443014,0.44384585641,-0.463108102018,-0.499896644429,0.0,1.0,1.0,0.0,1.0,0
539,-0.515051155584,-0.497549625513,2.15312345061,0.279817481142,0.0,0.0,0.0,0.0,0.0,1
349,0.985935281567,-0.497549625513,-0.463108102018,-0.460611956053,0.0,1.0,1.0,0.0,1.0,0
