,id
0,tt2582802
1,tt1620487
2,tt4061854
3,tt2245137
4,tt0427637
5,tt0132347
6,tt0081146
7,tt0436232
8,tt0088172
9,tt5044244
10,tt5032468
11,tt0072761
12,tt0068853
13,tt0484964
14,tt4705170
15,tt0100095
16,tt2567712
17,tt0131400
18,tt5891144
19,tt0381206
20,tt4839424
21,tt0298152
22,tt5311514
23,tt0350357
24,tt0127464
25,tt0468569
26,tt1378811
27,tt0322580
28,tt0045668
29,tt1979317
30,tt1756835
31,tt0110357
32,tt0337692
33,tt0496595
34,tt3243474
35,tt0107870
36,tt0037913
37,tt0026475
38,tt2231208
39,tt4704862
40,tt1715362
41,tt4280842
42,tt5176560
43,tt3108988
44,tt1821641
45,tt0369258
46,tt0097170
47,tt0218041
48,tt3344680
49,tt0120749
50,tt5880942
51,tt0993846
52,tt0040500
53,tt0061671
54,tt1173568
55,tt2726796
56,tt0881200
57,tt2106361
58,tt5935234
59,tt1628055
60,tt4020052
61,tt0237186
62,tt0480249
63,tt0446013
64,tt0214082
65,tt0142971
66,tt1676194
67,tt0426864
68,tt0245429
69,tt0311597
70,tt4303038
71,tt1178665
72,tt4982390
73,tt1353125
74,tt0028631
75,tt0349457
76,tt0033399
77,tt0256465
78,tt3581414
79,tt5538124
80,tt1232823
81,tt3104656
82,tt0068646
83,tt0471834
84,tt0231391
85,tt0188404
86,tt1340108
87,tt3227442
88,tt0078477
89,tt0094764
90,tt3228826
91,tt0334901
92,tt1228707
93,tt0419167
94,tt0804492
95,tt3410834
96,tt0892769
97,tt0865911
98,tt0064373
99,tt0274371
100,tt0072435
101,tt1334018
102,tt2073715
103,tt0016220
104,tt0067770
105,tt0109305
106,tt1087445
107,tt0040530
108,tt4111334
109,tt0041508
110,tt3039138
111,tt1989523
112,tt1601943
113,tt1853728
114,tt3784042
115,tt0049922
116,tt1235837
117,tt1753912
118,tt0307692
119,tt0053351
120,tt5343960
121,tt5575408
122,tt0229421
123,tt0115696
124,tt0274470
125,tt0030893
126,tt0293557
127,tt1725969
128,tt3437164
129,tt0273045
130,tt2578608
131,tt0111161
132,tt0457342
133,tt1363363
134,tt0172109
135,tt0190590
136,tt1361599
137,tt0068161
138,tt3968634
139,tt0274980
140,tt0122286
141,tt0026198
142,tt1099948
143,tt0359587
144,tt4954968
145,tt0819714
146,tt0076759
147,tt5425264
148,tt1468843
149,tt0197675
150,tt1692190
151,tt2304933
152,tt5710818
153,tt0317234
154,tt0058275
155,tt0068685
156,tt2710534
157,tt5547924
158,tt1783285
159,tt4645330
160,tt0363983
161,tt0402364
162,tt4654864
163,tt0090249
164,tt3387266
165,tt0075783
166,tt0133093
167,tt0159273
168,tt0141369
169,tt0089689
170,tt6093904
171,tt1643224
172,tt5049258
173,tt0268978
174,tt4827878
175,tt0321337
176,tt0351105
177,tt0364751
178,tt5234462
179,tt1649349
180,tt2643408
181,tt2277860
182,tt0271946
183,tt0036775
184,tt1572503
185,tt4949162
186,tt1663202
187,tt0038355
188,tt5059782
189,tt0056923
190,tt5170168
191,tt0039728
192,tt0088763
193,tt5693020
194,tt0079116
195,tt0043954
196,tt1865374
197,tt0815245
198,tt5922386
199,tt0031516
200,tt0385990
201,tt1832938
202,tt1135989
203,tt0415906
204,tt2133360
205,tt2381957
206,tt2777190
207,tt0050681
208,tt2014392
209,tt4842296
210,tt5876318
211,tt2089664
212,tt0026761
213,tt3412784
214,tt0063759
215,tt1582244
216,tt0372784
217,tt0069289
218,tt3743778
219,tt3216288
220,tt3838802
221,tt0013451
222,tt1050739
223,tt1278099
224,tt1049413
225,tt0382932
226,tt4278144
227,tt4515070
228,tt2574698
229,tt0317887
230,tt0805511
231,tt4583448
232,tt0063200
233,tt0320244
234,tt0100904
235,tt5138244
236,tt0124993
237,tt0047127
238,tt0068486
239,tt3478978
240,tt1673734
241,tt0499549
242,tt2316801
243,tt1980254
244,tt4907766
245,tt0042208
246,tt2642128
247,tt4679502
248,tt0040491
249,tt0139831
250,tt0496306
251,tt1430626
252,tt0129148
253,tt1339065
254,tt1143095
255,tt0250223
256,tt0083258
257,tt0094997
258,tt5354160
259,tt0215326
260,tt2205589
261,tt4731580
262,tt0050091
263,tt0816692
264,tt5299042
265,tt0059673
266,tt0353369
267,tt5280090
268,tt3385704
269,tt0081505
270,tt5709892
271,tt1291584
272,tt3259324
273,tt0137523
274,tt0452130
275,tt1780798
276,tt0116250
277,tt0462249
278,tt0294799
279,tt0299108
280,tt0097570
281,tt0199924
282,tt0181030
283,tt0478888
284,tt0365929
285,tt0476872
286,tt6018006
287,tt0076864
288,tt0256524
289,tt3718024
290,tt0054195
291,tt0135843
292,tt0466304
293,tt2017703
294,tt3544548
295,tt4511452
296,tt0099685
297,tt4329274
298,tt0052171
299,tt0405159
300,tt0060196
301,tt1345836
302,tt0120828
303,tt0050577
304,tt0288244
305,tt0109830
306,tt1677709
307,tt1235827
308,tt0362989
309,tt0034969
310,tt0066758
311,tt2750746
312,tt1711425
313,tt0084171
314,tt0061620
315,tt2412064
316,tt0120382
317,tt0848228
318,tt4201394
319,tt1981617
320,tt0142340
321,tt0142346
322,tt0106364
323,tt0061014
324,tt6121998
325,tt0058700
326,tt0104684
327,tt0095631
328,tt0051459
329,tt0241567
330,tt5505722
331,tt3533338
332,tt4667330
333,tt4599524
334,tt5128712
335,tt1158700
336,tt1996429
337,tt3419324
338,tt0425637
339,tt5044906
340,tt0324173
341,tt0989831
342,tt0225505
343,tt1911658
344,tt1658837
345,tt5936370
346,tt0095879
347,tt5980526
348,tt0429523
349,tt2908444
350,tt0808240
351,tt0075148
352,tt2011032
353,tt3905366
354,tt1577811
355,tt0040506
356,tt0108052
357,tt2517390
358,tt2638178
359,tt0036865
360,tt4765188
361,tt2033947
362,tt1621809
363,tt5876392
364,tt1206541
365,tt1242545
366,tt0317705
367,tt0125015
368,tt6099760
369,tt0037598
370,tt0056207
371,tt0391356
372,tt0085254
373,tt0091794
374,tt0189973
375,tt4119054
376,tt0215126
377,tt2410798
378,tt3178174
379,tt0296281
380,tt0299619
381,tt2071567
382,tt0361748
383,tt0132888
384,tt4885958
385,tt0040951
386,tt1980135
387,tt1355638
388,tt5212122
389,tt0926084
390,tt1786497
391,tt3218052
392,tt3204020
393,tt0082782
394,tt5646314
395,tt0416044
396,tt0114369
397,tt4844130
398,tt0320597
399,tt3524410
400,tt0390096
401,tt0120737
402,tt0074691
403,tt0236689
404,tt1205481
405,tt5674554
406,tt0341341
407,tt2147331
408,tt1932655
409,tt0060574
410,tt0114709
411,tt1091229
412,tt0049804
413,tt6010936
414,tt1023347
415,tt0105680
416,tt4197474
417,tt5207482
418,tt0482571
419,tt5774688
420,tt0369018
421,tt0074356
422,tt0033870
423,tt0317932
424,tt2090501
425,tt0022811
426,tt5245048
427,tt2571362
428,tt4191054
429,tt0066109
430,tt3006588
431,tt0099215
432,tt0317210
433,tt0910970
434,tt0853012
435,tt0929632
436,tt1674047
437,tt0056125
438,tt1926214
439,tt2204840
440,tt0338013
441,tt1817211
442,tt0297157
443,tt0064631
444,tt3875548
445,tt0116225
446,tt0219570
447,tt0400244
448,tt1294645
449,tt0330036
450,tt1013860
451,tt1079372
452,tt0043014
453,tt4819546
454,tt3906002
455,tt4885916
456,tt0486655
457,tt0097202
458,tt2070831
459,tt1375666
460,tt0107091
461,tt0110566
462,tt2505818
463,tt1119194
464,tt0408324
465,tt0120815
466,tt1345449
467,tt0209144
468,tt1617200
469,tt0032687
470,tt1024648
471,tt0039185
472,tt0426931
473,tt3916634
474,tt5050842
475,tt0314134
476,tt3556394
477,tt0281203
478,tt0808506
479,tt0038733
480,tt2015366
481,tt3463004
482,tt0266543
483,tt0379833
484,tt0198781
485,tt0032904
486,tt0038057
487,tt4320128
488,tt0492416
489,tt0110912
490,tt0369649
491,tt0256155
492,tt0045555
493,tt1843309
494,tt0114558
495,tt4058378
496,tt6044414
497,tt2076916
498,tt1018764
499,tt3630800
500,tt2950996
501,tt2101341
502,tt0043153
503,tt0304118
504,tt0261298
505,tt2393941
506,tt0032546
507,tt2316861
508,tt2071491
509,tt2344678
510,tt5752476
511,tt0953989
512,tt0240425
513,tt0167261
514,tt0167260
515,tt0018850
516,tt0172495
517,tt4026586
518,tt0078748
519,tt0098965
520,tt0036855
521,tt1719583
522,tt2279956
523,tt4815862
524,tt1258998
525,tt0450323
526,tt0435761
527,tt2387413
528,tt0038787
529,tt0349523
530,tt2495980
531,tt0339128
532,tt0138074
533,tt0306444
534,tt0094889
535,tt3561068
536,tt4468650
537,tt0202464
538,tt0089793
539,tt2197776
540,tt0310940
541,tt3281960
542,tt0035299
543,tt0169547
544,tt3259484
545,tt0025066
546,tt1921071
547,tt1623780
548,tt0320421
549,tt0353545
550,tt0040317
551,tt0326663
552,tt0070109
553,tt1833084
554,tt0257457
555,tt0151170
556,tt0257451
557,tt3959690
558,tt4269500
559,tt0045187
560,tt0041959
561,tt2103997
562,tt1543465
563,tt0112573
564,tt0109813
565,tt0265632
566,tt0120338
567,tt2506858
568,tt2016868
569,tt0008144
570,tt1023114
571,tt0249516
572,tt3469284
573,tt0017925
574,tt0243585
575,tt0360214
576,tt5932546
577,tt5200736
578,tt0165204
579,tt0217805
580,tt0232858
581,tt1719665
582,tt5423310
583,tt6017238
584,tt0056138
585,tt4910718
586,tt0251769
587,tt0142248
588,tt0086879
589,tt1443493
590,tt0094828
591,tt0074363
592,tt0076946
593,tt0062229
594,tt3338444
595,tt1577868
596,tt0220791
597,tt0105350
598,tt5994790
599,tt0171661
600,tt0099582
601,tt2207711
602,tt0400497
603,tt2368717
604,tt0101414
605,tt0218412
606,tt4442090
607,tt5872692
608,tt4680790
609,tt2300783
610,tt1961143
611,tt2294629
612,tt3036576
613,tt5466576
614,tt4162472
615,tt0100339
616,tt0062687
617,tt4077382
