0,tt4061854
1,tt0030726
2,tt0050212
3,tt0036409
4,tt2818724
5,tt1245468
6,tt1758755
7,tt1196651
8,tt3418854
9,tt0368578
10,tt0185757
11,tt4587000
12,tt0333215
13,tt0199481
14,tt1378811
15,tt1146304
16,tt2865984
17,tt0973837
18,tt0788069
19,tt1979317
20,tt1975159
21,tt0404213
22,tt1964678
23,tt0177889
24,tt1634329
25,tt0349878
26,tt4280842
27,tt0055797
28,tt0031983
29,tt0426996
30,tt0097070
31,tt0062775
32,tt4761964
33,tt0049406
34,tt0108212
35,tt0108211
36,tt0083185
37,tt0060558
38,tt0358551
39,tt0213847
40,tt0047449
41,tt0498536
42,tt0034006
43,tt0208879
44,tt3704538
45,tt0266971
46,tt0083987
47,tt0020700
48,tt0156611
49,tt0230600
50,tt0192111
51,tt0420233
52,tt0016884
53,tt0069704
54,tt0040720
55,tt3854372
56,tt1343092
57,tt0064505
58,tt0309530
59,tt0046536
60,tt0042692
61,tt0435625
62,tt0046539
63,tt1734113
64,tt1816518
65,tt0084296
66,tt4212800
67,tt6035564
68,tt0080455
69,tt2582846
70,tt2002718
71,tt1349646
72,tt0109305
73,tt0026272
74,tt4111334
75,tt2865618
76,tt1989523
77,tt0050539
78,tt0969332
79,tt0350554
80,tt0235166
81,tt0028016
82,tt0028010
83,tt0038928
84,tt0307692
85,tt0071941
86,tt0780660
87,tt0039037
88,tt0327227
89,tt3839880
90,tt0164078
91,tt1725969
92,tt0111168
93,tt0017136
94,tt0080678
95,tt0330994
96,tt0031398
97,tt2622602
98,tt0264464
99,tt0084602
100,tt0120152
101,tt0169547
102,tt0069962
103,tt0393941
104,tt2793312
105,tt1691451
106,tt1780798
107,tt5801026
108,tt2736854
109,tt5667482
110,tt2657648
111,tt0033352
112,tt0179476
113,tt0402364
114,tt0116209
115,tt5049258
116,tt3659162
117,tt0268978
118,tt0041610
119,tt0331232
120,tt0273799
121,tt1686831
122,tt0263118
123,tt0021491
124,tt1673509
125,tt4273500
126,tt3033080
127,tt1255953
128,tt1893371
129,tt4568358
130,tt4072326
131,tt0079116
132,tt5922386
133,tt2328797
134,tt3800674
135,tt0332379
136,tt4422796
137,tt0050680
138,tt0050681
139,tt1269701
140,tt0088987
141,tt4842296
142,tt0128985
143,tt0100339
144,tt4302938
145,tt1077258
146,tt2267524
147,tt2022520
148,tt0255477
149,tt0051624
150,tt0004028
151,tt5164558
152,tt0198749
153,tt1278099
154,tt0118757
155,tt0266697
156,tt4618398
157,tt4583448
158,tt0048124
159,tt0277969
160,tt0031867
161,tt0102939
162,tt1764625
163,tt5321646
164,tt1551641
165,tt1980929
166,tt0104437
167,tt0499549
168,tt1980254
169,tt3544654
170,tt3338230
171,tt0126388
172,tt0058461
173,tt1457767
174,tt5471570
175,tt0151571
176,tt5537724
177,tt0369239
178,tt4626160
179,tt0067286
180,tt0362227
181,tt0156409
182,tt0421238
183,tt0421237
184,tt2488496
185,tt1525915
186,tt0022566
187,tt0349113
188,tt0051036
189,tt0091886
190,tt1671454
191,tt3296434
192,tt0137523
193,tt0283353
194,tt0163000
195,tt0012998
196,tt0043751
197,tt0408807
198,tt5047160
199,tt1611965
200,tt0097875
201,tt0052171
202,tt2292948
203,tt5311724
204,tt0081441
205,tt0330830
206,tt3585116
207,tt0395480
208,tt1446838
209,tt0039191
210,tt4151346
211,tt0328707
212,tt0032740
213,tt3033578
214,tt0109445
215,tt0038020
216,tt0120382
217,tt0038026
218,tt0120389
219,tt0142340
220,tt0142346
221,tt2569414
222,tt1741605
223,tt0064718
224,tt0044565
225,tt0064712
226,tt0064711
227,tt0228778
228,tt0053221
229,tt2140479
230,tt0241291
231,tt0475723
232,tt0078987
233,tt0054026
234,tt5480768
235,tt0135788
236,tt0346585
237,tt0044706
238,tt0099733
239,tt0099088
240,tt4705682
241,tt1764360
242,tt3848600
243,tt1481363
244,tt1329424
245,tt0341601
246,tt3316948
247,tt0048992
248,tt1173568
249,tt0054248
250,tt1843834
251,tt0205306
252,tt0079588
253,tt6099760
254,tt0037598
255,tt0189404
256,tt0121164
257,tt0089911
258,tt1559016
259,tt1559017
260,tt1593747
261,tt0339056
262,tt0258186
263,tt1392214
264,tt1284996
265,tt0185955
266,tt0361061
267,tt3557580
268,tt0301085
269,tt0301083
270,tt0301082
271,tt5249850
272,tt0283632
273,tt2387710
274,tt0202566
275,tt0090036
276,tt0311113
277,tt0060716
278,tt0212881
279,tt3673000
280,tt4280824
281,tt0031473
282,tt0051011
283,tt1330985
284,tt2921178
285,tt0041862
286,tt0253474
287,tt0041869
288,tt0268706
289,tt0033654
290,tt0418763
291,tt0060574
292,tt1053284
293,tt1858770
294,tt2056567
295,tt0277558
296,tt0384369
297,tt0067763
298,tt0204161
299,tt2006148
300,tt1319032
301,tt5406460
302,tt3777204
303,tt4771706
304,tt4130788
305,tt0022953
306,tt0029965
307,tt1285245
308,tt0110912
309,tt0317210
310,tt5945946
311,tt0317219
312,tt0163278
313,tt0861689
314,tt0407265
315,tt0063000
316,tt1294645
317,tt0052097
318,tt3627782
319,tt5078390
320,tt4505314
321,tt4885916
322,tt0087925
323,tt0098707
324,tt0103841
325,tt2505818
326,tt1934166
327,tt0048484
328,tt0106364
329,tt1773522
330,tt0350204
331,tt0445095
332,tt1545503
333,tt0295659
334,tt0297242
335,tt0405159
336,tt0057115
337,tt0253779
338,tt0035080
339,tt0057111
340,tt0148482
341,tt1296464
342,tt0017115
343,tt3904372
344,tt0130121
345,tt1977844
346,tt0120177
347,tt0114558
348,tt0141399
349,tt1245678
350,tt0471093
351,tt1455193
352,tt2111255
353,tt0450188
354,tt1699147
355,tt1609147
356,tt0061765
357,tt0044954
358,tt5219156
359,tt0478311
360,tt1490726
361,tt1485096
362,tt5946852
363,tt1993396
364,tt0171363
365,tt4086722
366,tt0005939
367,tt1016184
368,tt0116772
369,tt0036855
370,tt2008457
371,tt0325710
372,tt0037101
373,tt0436567
374,tt0439659
375,tt0222426
376,tt0086489
377,tt0793572
378,tt0116483
379,tt0020323
380,tt1521655
381,tt1074638
382,tt0228237
383,tt0134847
384,tt0023367
385,tt0023366
386,tt0393162
387,tt0428806
388,tt0166813
389,tt0075703
390,tt0314505
391,tt0072316
392,tt0248112
393,tt0346911
394,tt4458206
395,tt0032828
396,tt4876928
397,tt2575290
398,tt2181912
399,tt2416376
400,tt3093764
401,tt5047424
402,tt3719320
403,tt0116950
404,tt0419684
405,tt0259392
406,tt0082334
407,tt0332318
408,tt0456007
409,tt0119282
410,tt0363771
411,tt1810793
412,tt0089457
413,tt0156791
414,tt0217805
415,tt5774920
416,tt0225505
417,tt1431240
418,tt2909124
419,tt4536768
420,tt0392760
421,tt1187007
422,tt0311305
423,tt2670556
424,tt0076113
425,tt1242457
426,tt0105585
427,tt0047096
428,tt1714148
429,tt0051207
430,tt0067002
431,tt2630930
432,tt0316955
433,tt0281286
434,tt0466977
435,tt1204342
436,tt1711533
437,tt0043733
438,tt0810913
439,tt3884570
440,tt0384116
441,tt0368891
442,tt3837162
443,tt0219781
444,tt0004223
445,tt0035140
446,tt0243004
447,tt1328865
448,tt1505127
449,tt0123881
450,tt0468569
451,tt0127504
452,tt0364569
453,tt2103222
454,tt0110357
455,tt1355615
456,tt0038046
457,tt1588173
458,tt0279985
459,tt0307246
460,tt0028999
461,tt0077199
462,tt1139797
463,tt1715362
464,tt0183306
465,tt0186151
466,tt0042061
467,tt3262718
468,tt0848228
469,tt2924472
470,tt2015381
471,tt1844777
472,tt0058208
473,tt1352406
474,tt0412798
475,tt0058205
476,tt0242355
477,tt1628055
478,tt4515722
479,tt3477070
480,tt1352396
481,tt2057487
482,tt0207434
483,tt2051886
484,tt2281251
485,tt0091763
486,tt2550300
487,tt0237643
488,tt4472100
489,tt0269492
490,tt0180306
491,tt2371281
492,tt0101583
493,tt0113198
494,tt2400666
495,tt5545470
496,tt0339034
497,tt0078477
498,tt0419165
499,tt0185937
500,tt3573138
501,tt3333920
502,tt0255284
503,tt0024507
504,tt0298765
505,tt5303564
506,tt0101761
507,tt0283616
508,tt3385270
509,tt0252622
510,tt0086540
511,tt0086541
512,tt0455326
513,tt0212860
514,tt0254481
515,tt0170795
516,tt0054265
517,tt0048805
518,tt0054262
519,tt0051565
520,tt2602338
521,tt1753912
522,tt0041801
523,tt0033674
524,tt1647467
525,tt0383177
526,tt0108258
527,tt2282058
528,tt0156160
529,tt3437164
530,tt0276150
531,tt0201123
532,tt4661128
533,tt3968634
534,tt0964529
535,tt0409938
536,tt0248329
537,tt2353925
538,tt2304933
539,tt2378470
540,tt3729774
541,tt5710818
542,tt0317234
543,tt3466380
544,tt2307008
545,tt0367495
546,tt0363983
547,tt0016844
548,tt0043123
549,tt0063023
550,tt0358267
551,tt0042657
552,tt0235340
553,tt0026903
554,tt0441516
555,tt1019960
556,tt0043386
557,tt0111161
558,tt3748466
559,tt0250950
560,tt5314520
561,tt0127975
562,tt0109348
563,tt0082925
564,tt1087562
565,tt0231118
566,tt4548650
567,tt2077886
568,tt0084787
569,tt2777190
570,tt1034324
571,tt0253754
572,tt1247655
573,tt1369677
574,tt1582244
575,tt4263780
576,tt0284083
577,tt0284086
578,tt0019971
579,tt0053694
580,tt1800241
581,tt0045004
582,tt3467522
583,tt6035470
584,tt0247911
585,tt0068161
586,tt0061743
587,tt1573478
588,tt0246062
589,tt0007518
590,tt5449390
591,tt0321299
592,tt2290749
593,tt0475224
594,tt5057626
595,tt4093860
596,tt2354577
597,tt4679502
598,tt0206113
599,tt0280148
600,tt3564122
601,tt1143095
602,tt0250223
603,tt0083258
604,tt0099385
605,tt1248882
606,tt0294798
607,tt1313257
608,tt0305711
609,tt0305716
610,tt0117002
611,tt2229359
612,tt4303202
613,tt0085959
614,tt3474788
615,tt1469387
616,tt0030664
617,tt0076864
618,tt2022562
619,tt5271442
620,tt0041123
621,tt0089894
622,tt1336103
623,tt1399017
624,tt0118715
625,tt0040525
626,tt0050574
627,tt0050577
628,tt0090714
629,tt0371746
630,tt0082314
631,tt0019023
632,tt0017860
633,tt4045414
634,tt0262355
635,tt1943782
636,tt0386669
637,tt1956657
638,tt1928334
639,tt0173682
640,tt1706686
641,tt0392748
642,tt0267650
643,tt1996429
644,tt3419324
645,tt1576385
646,tt1186370
647,tt0461703
648,tt0033704
649,tt0031756
650,tt0283390
651,tt0096411
652,tt0039529
653,tt1085806
654,tt0088258
655,tt2196091
656,tt3646058
657,tt0048525
658,tt5600714
659,tt0064940
660,tt1326190
661,tt0228853
662,tt0097839
663,tt0056166
664,tt1258972
665,tt1621809
666,tt0334192
667,tt0203519
668,tt0238668
669,tt5777338
670,tt0990374
671,tt3769594
672,tt1355630
673,tt0046294
674,tt0458972
675,tt2265113
676,tt1355638
677,tt0072901
678,tt0046299
679,tt3218052
680,tt0012739
681,tt0411759
682,tt0069534
683,tt2265116
684,tt0257441
685,tt1685584
686,tt0068486
687,tt0179955
688,tt0242193
689,tt0289043
690,tt0286813
691,tt0042041
692,tt0092820
693,tt0084048
694,tt0105511
695,tt2055781
696,tt0878804
697,tt1780924
698,tt1613874
699,tt0216019
700,tt2727882
701,tt2008553
702,tt5282110
703,tt1720161
704,tt1720164
705,tt3834906
706,tt0095606
707,tt0095601
708,tt0092922
709,tt5774688
710,tt0033870
711,tt3862704
712,tt0074194
713,tt2571362
714,tt0238982
715,tt0079817
716,tt0208997
717,tt0995039
718,tt0202393
719,tt0071101
720,tt0995031
721,tt0038669
722,tt3576858
723,tt0434409
724,tt0955411
725,tt1995260
726,tt0086393
727,tt0004164
728,tt0119008
729,tt2557490
730,tt3906002
731,tt1332097
732,tt1375666
733,tt0240135
734,tt0059578
735,tt0336773
736,tt0050904
737,tt0050907
738,tt0402606
739,tt0209144
740,tt3595744
741,tt5810240
742,tt0031927
743,tt0119654
744,tt0426931
745,tt5050842
746,tt0808506
747,tt0049468
748,tt0108508
749,tt2710226
750,tt5686868
751,tt2258399
752,tt0158983
753,tt0369649
754,tt0044398
755,tt0426060
756,tt0845527
757,tt2137584
758,tt5819280
759,tt0165433
760,tt5368302
761,tt1483013
762,tt1373452
763,tt4700248
764,tt0099582
765,tt0256276
766,tt0400600
767,tt3111858
768,tt1125849
769,tt0348493
770,tt0056570
771,tt0104868
772,tt0136514
773,tt0109108
774,tt0030341
775,tt0167261
776,tt0167260
777,tt2113091
778,tt0214878
779,tt3623510
780,tt4660276
781,tt0367136
782,tt3230852
783,tt2243469
784,tt0084236
785,tt4430212
786,tt3488710
787,tt1409831
788,tt3910172
789,tt0454824
790,tt0039420
791,tt1798684
792,tt0231138
793,tt2386502
794,tt1976600
795,tt1390470
796,tt1986148
797,tt0019644
798,tt0102130
799,tt1010048
800,tt3959690
801,tt4269500
802,tt4858362
803,tt0045027
804,tt0109813
805,tt5641696
806,tt0043505
807,tt1697696
808,tt0094074
809,tt0496558
810,tt5519250
811,tt0436697
812,tt5932546
813,tt0113277
814,tt1981677
815,tt1080016
816,tt0033998
817,tt0142248
818,tt1675434
819,tt0164184
820,tt0342962
821,tt0285401
822,tt1401621
823,tt2070831
824,tt0191275
825,tt4550436
826,tt0110892
827,tt1185232
828,tt0050685
829,tt0073869
830,tt0061477
831,tt0141573
832,tt0895777
833,tt0078805
834,tt1961143
835,tt5595168
836,tt0064127
837,tt0075163
838,tt4691334
839,tt0280518
840,tt0245501
841,tt3848586
842,tt3456012
843,tt1183890
844,tt0122559
845,tt3633032
846,tt2833788
847,tt1843957
848,tt0178767
849,tt0096223
850,tt0132347
851,tt2567712
852,tt0095033
853,tt3564858
854,tt1669617
855,tt0030424
856,tt3078950
857,tt0359078
858,tt0116995
859,tt0167456
860,tt0443543
861,tt3080240
862,tt0277909
863,tt4301200
864,tt0071713
865,tt2806870
866,tt0368709
867,tt0026008
868,tt2451666
869,tt3555534
870,tt0059742
871,tt0369258
872,tt0190114
873,tt0097170
874,tt2388755
875,tt1278074
876,tt0125147
877,tt0060258
878,tt2181959
879,tt0040500
880,tt1561412
881,tt3468824
882,tt0093886
883,tt1340694
884,tt0105812
885,tt0061814
886,tt2262640
887,tt0031770
888,tt0933008
889,tt0055076
890,tt0102636
891,tt0215225
892,tt0068853
893,tt0046903
894,tt0499524
895,tt1509130
896,tt0049105
897,tt0363880
898,tt0386134
899,tt1784629
900,tt5144770
901,tt3522198
902,tt5540086
903,tt5126792
904,tt0376968
905,tt1051907
906,tt0139831
907,tt0192295
908,tt1037116
909,tt1161405
910,tt0128276
911,tt2909932
912,tt0204250
913,tt0274371
914,tt1300854
915,tt0072435
916,tt4882750
917,tt4053842
918,tt5510934
919,tt0477647
920,tt0058593
921,tt0007942
922,tt0064785
923,tt0350651
924,tt1235837
925,tt1235836
926,tt0038886
927,tt0038887
928,tt0092844
929,tt0020681
930,tt0084065
931,tt1429433
932,tt4813152
933,tt0039689
934,tt0269300
935,tt5004422
936,tt0032103
937,tt0096030
938,tt1851046
939,tt1409024
940,tt0032455
941,tt0320661
942,tt1136608
943,tt0032452
944,tt0976146
945,tt4278144
946,tt0264508
947,tt2091864
948,tt4954968
949,tt0819714
950,tt4934506
951,tt3391348
952,tt0374627
953,tt2945250
954,tt3020986
955,tt3277072
956,tt0448017
957,tt0165130
958,tt3605262
959,tt0036378
960,tt3257846
961,tt3341638
962,tt0189973
963,tt0360399
964,tt0775440
965,tt0021114
966,tt0054047
967,tt0054737
968,tt0374480
969,tt1057500
970,tt0059517
971,tt0249364
972,tt5234462
973,tt2643408
974,tt0271946
975,tt1981115
976,tt0086502
977,tt0303267
978,tt0328327
979,tt0806010
980,tt2041374
981,tt0119856
982,tt0432325
983,tt2523934
984,tt2381957
985,tt0361809
986,tt0026761
987,tt5864950
988,tt0310595
989,tt4473356
990,tt0051745
991,tt0075447
992,tt0023042
993,tt0038768
994,tt0050439
995,tt0054953
996,tt0063200
997,tt1122587
998,tt4717534
999,tt0058605
1000,tt0173783
1001,tt3711164
1002,tt0252223
1003,tt1693110
1004,tt1648062
1005,tt4665360
1006,tt0481572
1007,tt0261102
1008,tt5888238
1009,tt0094997
1010,tt0457430
1011,tt4764380
1012,tt1620933
1013,tt4430270
1014,tt3028180
1015,tt1460650
1016,tt0281364
1017,tt3025936
1018,tt0312962
1019,tt0818095
1020,tt0111255
1021,tt3795628
1022,tt0193355
1023,tt0309750
1024,tt2071567
1025,tt1068773
1026,tt0028096
1027,tt3611052
1028,tt3340870
1029,tt0316502
1030,tt0100141
1031,tt0043697
1032,tt2719094
1033,tt2204618
1034,tt0135843
1035,tt4786222
1036,tt1707800
1037,tt0031011
1038,tt2922740
1039,tt1239276
1040,tt0052072
1041,tt1843309
1042,tt2779770
1043,tt1700468
1044,tt0497991
1045,tt0109830
1046,tt0029222
1047,tt1170358
1048,tt0049938
1049,tt0340013
1050,tt0052383
1051,tt0042924
1052,tt1817684
1053,tt3601558
1054,tt0264754
1055,tt0365847
1056,tt3903480
1057,tt0274748
1058,tt1981617
1059,tt0142260
1060,tt0035710
1061,tt0381168
1062,tt0083295
1063,tt2927212
1064,tt0483785
1065,tt4280756
1066,tt5128712
1067,tt2345112
1068,tt0284595
1069,tt6043054
1070,tt0181821
1071,tt0078358
1072,tt0073849
1073,tt0117041
1074,tt1220719
1075,tt0068696
1076,tt0044314
1077,tt0068699
1078,tt1632708
1079,tt0075143
1080,tt0075148
1081,tt0153509
1082,tt0053039
1083,tt1352765
1084,tt0986264
1085,tt2358919
1086,tt0030627
1087,tt2353755
1088,tt2191721
1089,tt0032843
1090,tt2935476
1091,tt0095016
1092,tt0445922
1093,tt0816711
1094,tt0202452
1095,tt3540136
1096,tt0373247
1097,tt0055380
1098,tt2215954
1099,tt3520022
1100,tt0369018
1101,tt0169102
1102,tt1691016
1103,tt1482246
1104,tt2078549
1105,tt3796898
1106,tt0014733
1107,tt0481141
1108,tt0265830
1109,tt2116909
1110,tt5674554
1111,tt3122436
1112,tt3037586
1113,tt2096673
1114,tt1921071
1115,tt0104120
1116,tt3566740
1117,tt0093983
1118,tt0093315
1119,tt1337672
1120,tt1149394
1121,tt0356770
1122,tt1056463
1123,tt0043066
1124,tt1753729
1125,tt0215750
1126,tt0046927
1127,tt6066948
1128,tt1820678
1129,tt0184703
1130,tt0421051
1131,tt0421054
1132,tt1785554
1133,tt2423176
1134,tt0230141
1135,tt1433540
1136,tt0088747
1137,tt0364725
1138,tt4662934
1139,tt0088748
1140,tt0429589
1141,tt2131532
1142,tt0056125
1143,tt4526630
1144,tt0480239
1145,tt0156487
1146,tt0050825
1147,tt0076175
1148,tt0098043
1149,tt1225899
1150,tt0057836
1151,tt1259227
1152,tt0128299
1153,tt1577072
1154,tt0025700
1155,tt4177080
1156,tt0110445
1157,tt1876517
1158,tt3046080
1159,tt2794560
1160,tt0163086
1161,tt0367587
1162,tt0080571
1163,tt5095552
1164,tt0831887
1165,tt6103962
1166,tt4982390
1167,tt0042551
1168,tt0052719
1169,tt0042005
1170,tt0046076
1171,tt3556394
1172,tt1361843
1173,tt0926764
1174,tt2504514
1175,tt0426592
1176,tt0080716
1177,tt0430779
1178,tt0087928
1179,tt0130281
1180,tt1781922
1181,tt3011932
1182,tt0284100
1183,tt0016560
1184,tt1315981
1185,tt3263160
1186,tt0457920
1187,tt0311565
1188,tt0202604
1189,tt5981284
1190,tt0297411
1191,tt0080487
1192,tt0390341
1193,tt1711484
1194,tt1837521
1195,tt2543490
1196,tt0093185
1197,tt0107048
1198,tt0844012
1199,tt0009766
1200,tt0052311
1201,tt0021133
1202,tt1992148
1203,tt4111168
1204,tt0091256
1205,tt3311564
1206,tt0462504
1207,tt4738892
1208,tt2760890
1209,tt3266366
1210,tt1139665
1211,tt1312974
1212,tt0094889
1213,tt1255873
1214,tt0079501
1215,tt0020080
1216,tt0041312
1217,tt3852484
1218,tt5446460
1219,tt5592250
1220,tt0113755
1221,tt0418279
1222,tt0108549
1223,tt0076416
1224,tt2361150
1225,tt0044127
1226,tt1321511
1227,tt0070109
1228,tt0075467
1229,tt0368008
1230,tt0124766
1231,tt4020052
1232,tt2512204
1233,tt0314009
1234,tt5675016
1235,tt0008144
1236,tt2823886
1237,tt0218041
1238,tt3711140
1239,tt0178269
1240,tt0049578
1241,tt0095800
1242,tt5200736
1243,tt3628704
1244,tt0093125
1245,tt1883126
1246,tt1537920
1247,tt3920094
1248,tt2585078
1249,tt5994790
1250,tt0028709
1251,tt0175750
1252,tt1019906
1253,tt0944961
1254,tt0193373
1255,tt0325575
1256,tt0031381
1257,tt0062687
1258,tt4077382
1259,tt0363290
1260,tt0012877
1261,tt4272416
1262,tt0016358
1263,tt4562030
1264,tt0057193
1265,tt5032468
1266,tt1099200
1267,tt5240178
1268,tt0314679
1269,tt1099204
1270,tt5762190
1271,tt5891144
1272,tt0350028
1273,tt4185488
1274,tt0240940
1275,tt2238936
1276,tt3982558
1277,tt0331711
1278,tt0109859
1279,tt0029475
1280,tt2027140
1281,tt3797934
1282,tt0496595
1283,tt0231171
1284,tt0038769
1285,tt2233927
1286,tt1428448
1287,tt0430431
1288,tt0046446
1289,tt0110631
1290,tt2085930
1291,tt0345425
1292,tt1653064
1293,tt2363385
1294,tt0054367
1295,tt5556766
1296,tt0312528
1297,tt0018243
1298,tt5120292
1299,tt0238552
1300,tt2375585
1301,tt0082892
1302,tt0113234
1303,tt5119048
1304,tt0202292
1305,tt2358937
1306,tt1353125
1307,tt0472043
1308,tt2279373
1309,tt2136922
1310,tt2567026
1311,tt4959068
1312,tt2271581
1313,tt0299112
1314,tt0296604
1315,tt0428081
1316,tt0360214
1317,tt2431576
1318,tt2345539
1319,tt0055368
1320,tt2988546
1321,tt0337711
1322,tt0189727
1323,tt0319604
1324,tt0065489
1325,tt0073442
1326,tt1587865
1327,tt4869132
1328,tt1278035
1329,tt0204597
1330,tt5000686
1331,tt3340000
1332,tt1561457
1333,tt0118806
1334,tt0040239
1335,tt0060218
1336,tt0388795
1337,tt0048090
1338,tt1853646
1339,tt0358349
1340,tt0119314
1341,tt0137094
1342,tt0332280
1343,tt5190958
1344,tt0808357
1345,tt0048600
1346,tt4161380
1347,tt0210920
1348,tt4117510
1349,tt1132132
1350,tt4180290
1351,tt0233464
1352,tt0233469
1353,tt1891979
1354,tt1133511
1355,tt1890550
1356,tt2090663
1357,tt0029860
1358,tt0137895
1359,tt0056459
1360,tt2412560
1361,tt0400782
1362,tt1058579
1363,tt0062887
1364,tt4820278
1365,tt0387914
1366,tt0040237
1367,tt1294706
1368,tt2458910
1369,tt0052618
1370,tt5033472
1371,tt5186066
1372,tt0089109
1373,tt4048278
1374,tt0043950
1375,tt0088763
1376,tt0043954
1377,tt0056857
1378,tt0092882
1379,tt0120586
1380,tt0028118
1381,tt1798108
1382,tt1477705
1383,tt0139699
1384,tt3170866
1385,tt0275335
1386,tt0164334
1387,tt0094810
1388,tt0423837
1389,tt0114279
1390,tt3122216
1391,tt3126902
1392,tt0065178
1393,tt0021733
1394,tt0078162
1395,tt3454026
1396,tt0834967
1397,tt0080322
1398,tt0119317
1399,tt6063294
1400,tt5546274
1401,tt5935492
1402,tt4394104
1403,tt0009700
1404,tt0083559
1405,tt1618473
1406,tt0384853
1407,tt3897080
1408,tt4550596
1409,tt0231625
1410,tt0816692
1411,tt0078788
1412,tt0060048
1413,tt2240720
1414,tt0038655
1415,tt0039820
1416,tt0091059
1417,tt0124770
1418,tt5565818
1419,tt0181030
1420,tt0447854
1421,tt0037469
1422,tt2249498
1423,tt2395427
1424,tt0054192
1425,tt0042296
1426,tt0054195
1427,tt0099685
1428,tt0095198
1429,tt0051876
1430,tt1712159
1431,tt0199335
1432,tt0071562
1433,tt0882755
1434,tt1712570
1435,tt1869823
1436,tt1677709
1437,tt0090655
1438,tt4639644
1439,tt0064212
1440,tt0058642
1441,tt0361883
1442,tt0096438
1443,tt5612702
1444,tt1270083
1445,tt0273059
1446,tt0426627
1447,tt1341710
1448,tt0040068
1449,tt0040067
1450,tt1430116
1451,tt3842002
1452,tt0058700
1453,tt0026186
1454,tt0109615
1455,tt0112817
1456,tt0853267
1457,tt0241567
1458,tt5786050
1459,tt0392420
1460,tt0235078
1461,tt5888866
1462,tt0425637
1463,tt0022608
1464,tt2057399
1465,tt0026987
1466,tt0073639
1467,tt0971215
1468,tt0057460
1469,tt1877560
1470,tt0287941
1471,tt3326846
1472,tt0057980
1473,tt2965412
1474,tt0137401
1475,tt2293038
1476,tt0400789
1477,tt1013753
1478,tt3675606
1479,tt0257560
1480,tt1958088
1481,tt0135805
1482,tt0031055
1483,tt0059074
1484,tt0062373
1485,tt3016948
1486,tt0085255
1487,tt0085254
1488,tt0031058
1489,tt1382250
1490,tt0026999
1491,tt0354078
1492,tt0460975
1493,tt0290152
1494,tt0035824
1495,tt0035539
1496,tt0035829
1497,tt0035284
1498,tt0029458
1499,tt1753470
1500,tt0025373
1501,tt0025370
1502,tt2076176
1503,tt2330666
1504,tt0252918
1505,tt0120912
1506,tt0120913
1507,tt1648179
1508,tt0034485
1509,tt0282120
1510,tt0391999
1511,tt0147505
1512,tt1160525
1513,tt0035751
1514,tt0395672
1515,tt0035758
1516,tt1627028
1517,tt1205489
1518,tt1205481
1519,tt0438097
1520,tt0085662
1521,tt2062618
1522,tt0077631
1523,tt0417666
1524,tt2170114
1525,tt0777829
1526,tt1342891
1527,tt0066473
1528,tt0046134
1529,tt1316062
1530,tt6134214
1531,tt4443856
1532,tt0064181
1533,tt2375567
1534,tt1937372
1535,tt0006241
1536,tt1774596
1537,tt3235258
1538,tt0271027
1539,tt2379118
1540,tt0091425
1541,tt0036255
1542,tt5235434
1543,tt5512242
1544,tt0237704
1545,tt0099215
1546,tt0482527
1547,tt1537481
1548,tt0339421
1549,tt1450326
1550,tt0055349
1551,tt3243664
1552,tt1079372
1553,tt4567500
1554,tt0024243
1555,tt2609812
1556,tt0157460
1557,tt2642128
1558,tt0009137
1559,tt0030956
1560,tt0051114
1561,tt0031534
1562,tt0033029
1563,tt0033021
1564,tt2035595
1565,tt0447194
1566,tt0198781
1567,tt0198788
1568,tt5816076
1569,tt4490824
1570,tt0030489
1571,tt5247736
1572,tt0492416
1573,tt0119488
1574,tt0082288
1575,tt2346094
1576,tt3758334
1577,tt0083881
1578,tt0015518
1579,tt3604664
1580,tt0154464
1581,tt0279108
1582,tt0062714
1583,tt1651321
1584,tt0221027
1585,tt0018850
1586,tt0951258
1587,tt0022880
1588,tt1560702
1589,tt0043024
1590,tt3843564
1591,tt1605783
1592,tt0067600
1593,tt0102035
1594,tt2279956
1595,tt2206844
1596,tt0098660
1597,tt0435761
1598,tt0961063
1599,tt5269208
1600,tt0951335
1601,tt0951333
1602,tt0033110
1603,tt0080531
1604,tt0043970
1605,tt0082758
1606,tt0043791
1607,tt0450608
1608,tt0265305
1609,tt1064960
1610,tt0038390
1611,tt2759390
1612,tt0038397
1613,tt0038395
1614,tt0335202
1615,tt0114825
1616,tt1549571
1617,tt0301426
1618,tt0068954
1619,tt5709892
1620,tt0151170
1621,tt1693968
1622,tt0114214
1623,tt1274418
1624,tt2726430
1625,tt0417279
1626,tt2184095
1627,tt0257226
1628,tt2604642
1629,tt0390384
1630,tt0017925
1631,tt0007927
1632,tt1707386
1633,tt1641398
1634,tt5750534
1635,tt0045296
1636,tt0339091
1637,tt0940656
1638,tt0045563
1639,tt0086879
1640,tt4814444
1641,tt0036134
1642,tt0468492
1643,tt1100089
1644,tt0099044
1645,tt5323662
1646,tt0033563
1647,tt2748180
1648,tt1922736
1649,tt0390831
1650,tt5343070
1651,tt0039849
1652,tt0146278
1653,tt0024747
1654,tt5599540
1655,tt0079542
1656,tt1286559
1657,tt0223856
1658,tt2831172
1659,tt0133213
1660,tt4299828
1661,tt0113799
1662,tt0346819
1663,tt0458509
1664,tt1210819
1665,tt0044167
1666,tt0075421
1667,tt4705170
1668,tt0188160
1669,tt3090110
1670,tt0347149
1671,tt1235189
1672,tt2325741
1673,tt0040915
1674,tt2231681
1675,tt0090675
1676,tt0322580
1677,tt4671838
1678,tt2653190
1679,tt2357291
1680,tt0337692
1681,tt0337697
1682,tt0092297
1683,tt0432348
1684,tt0037913
1685,tt0049535
1686,tt1337574
1687,tt3689894
1688,tt1213663
1689,tt0185379
1690,tt5527316
1691,tt1587430
1692,tt1466974
1693,tt3507676
1694,tt0120053
1695,tt0071549
1696,tt1253863
1697,tt0071545
1698,tt0071230
1699,tt0071231
1700,tt1570565
1701,tt0257761
1702,tt2624344
1703,tt0881200
1704,tt2217983
1705,tt3717180
1706,tt3542188
1707,tt0180827
1708,tt0025971
1709,tt4901106
1710,tt0197427
1711,tt0244400
1712,tt2644690
1713,tt1178663
1714,tt1964706
1715,tt1178665
1716,tt3104324
1717,tt0109098
1718,tt3463004
1719,tt0349457
1720,tt4981966
1721,tt0048667
1722,tt0061852
1723,tt0061850
1724,tt0261298
1725,tt0810817
1726,tt0059054
1727,tt0363565
1728,tt0137685
1729,tt0038496
1730,tt0109891
1731,tt0049953
1732,tt0804492
1733,tt0111495
1734,tt0111492
1735,tt2572764
1736,tt1577113
1737,tt3596382
1738,tt0072844
1739,tt1548909
1740,tt1941478
1741,tt0274189
1742,tt0062825
1743,tt3094414
1744,tt5575408
1745,tt0039728
1746,tt0375920
1747,tt0077651
1748,tt1202044
1749,tt2347134
1750,tt0052948
1751,tt2554274
1752,tt0018285
1753,tt0017599
1754,tt1937390
1755,tt0274980
1756,tt0223992
1757,tt1993421
1758,tt1993354
1759,tt1481578
1760,tt0475283
1761,tt2460690
1762,tt2435892
1763,tt0308494
1764,tt0321609
1765,tt1388351
1766,tt1935890
1767,tt1185244
1768,tt0441253
1769,tt2387559
1770,tt3387266
1771,tt0074657
1772,tt5207482
1773,tt0021055
1774,tt0021052
1775,tt2084970
1776,tt1603791
1777,tt0298131
1778,tt0079063
1779,tt1309000
1780,tt2277860
1781,tt2277862
1782,tt2387433
1783,tt3989904
1784,tt1346649
1785,tt0950692
1786,tt0050665
1787,tt0258622
1788,tt0050662
1789,tt1927035
1790,tt0051136
1791,tt0408476
1792,tt1873636
1793,tt0031516
1794,tt1706620
1795,tt0385990
1796,tt3654396
1797,tt0037059
1798,tt1265293
1799,tt0476705
1800,tt0040277
1801,tt2040512
1802,tt1454468
1803,tt0389522
1804,tt0119354
1805,tt2339707
1806,tt2574698
1807,tt0181316
1808,tt0805511
1809,tt2107873
1810,tt2248665
1811,tt0054816
1812,tt0088870
1813,tt0063161
1814,tt0008241
1815,tt0317648
1816,tt0252543
1817,tt1589490
1818,tt0056415
1819,tt1201607
1820,tt2550858
1821,tt3986108
1822,tt0040491
1823,tt0038559
1824,tt0294799
1825,tt0105236
1826,tt0473024
1827,tt4113846
1828,tt0048059
1829,tt0162446
1830,tt0046891
1831,tt0102014
1832,tt1773443
1833,tt0034583
1834,tt0479051
1835,tt0034586
1836,tt0457530
1837,tt0089233
1838,tt0340255
1839,tt0089585
1840,tt0951319
1841,tt0109424
1842,tt2721152
1843,tt4523066
1844,tt0365929
1845,tt0120891
1846,tt0090051
1847,tt0090050
1848,tt0157936
1849,tt0090056
1850,tt0090054
1851,tt0407296
1852,tt0390145
1853,tt1148205
1854,tt5904244
1855,tt0139658
1856,tt0416474
1857,tt0174856
1858,tt0120764
1859,tt3685372
1860,tt0120762
1861,tt0069880
1862,tt0103273
1863,tt0120769
1864,tt1156464
1865,tt0811056
1866,tt2072066
1867,tt1711425
1868,tt0047940
1869,tt3377380
1870,tt0061620
1871,tt2148724
1872,tt0007410
1873,tt0097493
1874,tt0268380
1875,tt0042530
1876,tt0106220
1877,tt0496436
1878,tt0106223
1879,tt0171220
1880,tt0032687
1881,tt1422708
1882,tt3304610
1883,tt0074797
1884,tt2259946
1885,tt3129682
1886,tt4930116
1887,tt0083511
1888,tt0384819
1889,tt0274516
1890,tt2103159
1891,tt0110979
1892,tt1895587
1893,tt1946452
1894,tt0263053
1895,tt1455613
1896,tt0282917
1897,tt3844362
1898,tt2242332
1899,tt0070309
1900,tt0116583
1901,tt5108164
1902,tt1682948
1903,tt1895369
1904,tt0353248
1905,tt0248673
1906,tt0342395
1907,tt0100507
1908,tt0347618
1909,tt1712191
1910,tt6048582
1911,tt4515452
1912,tt3043214
1913,tt2180411
1914,tt5083736
1915,tt1024232
1916,tt4061944
1917,tt0440963
1918,tt4120732
1919,tt2056757
1920,tt0064253
1921,tt2034031
1922,tt1830848
1923,tt1786497
1924,tt0295254
1925,tt0121766
1926,tt0027277
1927,tt0121765
1928,tt3433600
1929,tt0112461
1930,tt0159784
1931,tt0351977
1932,tt0249500
1933,tt0172704
1934,tt0286320
1935,tt0121587
1936,tt0281929
1937,tt2429118
1938,tt1234250
1939,tt0175734
1940,tt0121729
1941,tt5061126
1942,tt0022313
1943,tt0105680
1944,tt2078644
1945,tt4169250
1946,tt0062622
1947,tt0119721
1948,tt0062155
1949,tt0169215
1950,tt1278333
1951,tt0268636
1952,tt5894778
1953,tt0386509
1954,tt0383574
1955,tt0072272
1956,tt2173826
1957,tt3251306
1958,tt0331040
1959,tt2475826
1960,tt0293557
1961,tt1591095
1962,tt0491166
1963,tt0034112
1964,tt0038120
1965,tt1619622
1966,tt0028814
1967,tt0028818
1968,tt0171580
1969,tt2525478
1970,tt2285387
1971,tt1375750
1972,tt0331952
1973,tt0029493
1974,tt1415261
1975,tt0203415
1976,tt0267336
1977,tt0145765
1978,tt0110566
1979,tt0056336
1980,tt0348521
1981,tt0391733
1982,tt1868027
1983,tt0300943
1984,tt4599292
1985,tt0131636
1986,tt0250803
1987,tt3187378
1988,tt0999872
1989,tt2648138
1990,tt2773382
1991,tt3855260
1992,tt0039297
1993,tt3470790
1994,tt0042256
1995,tt4796614
1996,tt1274596
1997,tt0365770
1998,tt0012949
1999,tt2032425
2000,tt0071853
2001,tt5437514
2002,tt2396224
2003,tt0107962
2004,tt3963812
2005,tt2114377
2006,tt2562232
2007,tt1912398
2008,tt0304118
2009,tt0096283
2010,tt0140715
2011,tt0095095
2012,tt0295409
2013,tt2846156
2014,tt0045152
2015,tt0449088
2016,tt0010049
2017,tt0010733
2018,tt0171966
2019,tt0436099
2020,tt2387413
2021,tt2387419
2022,tt0030011
2023,tt0065421
2024,tt0273828
2025,tt0065938
2026,tt4049534
2027,tt3317776
2028,tt0208223
2029,tt0041258
2030,tt3890730
2031,tt0182294
2032,tt4932436
2033,tt4529904
2034,tt1745816
2035,tt2978462
2036,tt2150476
2037,tt0201067
2038,tt4664244
2039,tt5312354
2040,tt0071666
2041,tt0305396
2042,tt0166385
2043,tt3227442
2044,tt0886450
2045,tt0314160
2046,tt0314166
2047,tt2983564
2048,tt0076244
2049,tt3080148
2050,tt3469284
2051,tt1646926
2052,tt0063141
2053,tt2678424
2054,tt0758758
2055,tt1553086
2056,tt3449670
2057,tt0030265
2058,tt0490170
2059,tt5790404
2060,tt0400497
2061,tt1798709
2062,tt1764707
2063,tt0098622
2064,tt0035691
2065,tt3403352
2066,tt0089211
2067,tt1909302
2068,tt5973626
2069,tt0453467
2070,tt0043939
2071,tt0048254
2072,tt5468014
2073,tt0048256
2074,tt0082797
2075,tt0291897
2076,tt0151200
2077,tt2113607
2078,tt0087543
2079,tt5640774
2080,tt0371369
2081,tt3894558
2082,tt0039661
2083,tt0131400
2084,tt1862502
2085,tt1347329
2086,tt0410152
2087,tt0496634
2088,tt0042732
2089,tt3257022
2090,tt0045705
2091,tt0035966
2092,tt1735308
2093,tt0243398
2094,tt0043425
2095,tt1220224
2096,tt0380738
2097,tt0102295
2098,tt0106977
2099,tt0380737
2100,tt0243133
2101,tt0932661
2102,tt1096997
2103,tt2009466
2104,tt0042593
2105,tt0094621
2106,tt2009469
2107,tt0138581
2108,tt0120749
2109,tt5880942
2110,tt0120746
2111,tt0120834
2112,tt5657514
2113,tt0117706
2114,tt0360626
2115,tt2485014
2116,tt1328910
2117,tt2576812
2118,tt0347602
2119,tt0100740
2120,tt0965649
2121,tt4418718
2122,tt0020007
2123,tt0070325
2124,tt0020556
2125,tt0102926
2126,tt0245429
2127,tt0120659
2128,tt4157484
2129,tt0170405
2130,tt0346671
2131,tt4862056
2132,tt2012091
2133,tt0831390
2134,tt0058331
2135,tt3581414
2136,tt0242519
2137,tt0008416
2138,tt4058378
2139,tt2191621
2140,tt1922777
2141,tt1383444
2142,tt5251328
2143,tt3025068
2144,tt3916284
2145,tt0275773
2146,tt0090964
2147,tt1302553
2148,tt0036531
2149,tt0064273
2150,tt0259497
2151,tt0304254
2152,tt0024694
2153,tt0165771
2154,tt0095288
2155,tt0366665
2156,tt0027253
2157,tt0267287
2158,tt3499748
2159,tt0485851
2160,tt0485853
2161,tt0157360
2162,tt2423054
2163,tt3540474
2164,tt3039138
2165,tt0026125
2166,tt0427954
2167,tt0361715
2168,tt0408281
2169,tt0462499
2170,tt2447920
2171,tt3776510
2172,tt1790864
2173,tt1482459
2174,tt0906083
2175,tt0049287
2176,tt0071278
2177,tt0388389
2178,tt0259945
2179,tt0047396
2180,tt0313531
2181,tt0073691
2182,tt0119250
2183,tt0119700
2184,tt0119707
2185,tt0180869
2186,tt2042568
2187,tt0378568
2188,tt3813456
2189,tt0210222
2190,tt0088930
2191,tt0433383
2192,tt1739224
2193,tt0484187
2194,tt0826091
2195,tt0027641
2196,tt2262103
2197,tt5348534
2198,tt2426268
2199,tt0038451
2200,tt0038102
2201,tt0480600
2202,tt0027646
2203,tt2006059
2204,tt0038109
2205,tt1929326
2206,tt0126029
2207,tt0363163
2208,tt0159273
2209,tt0159272
2210,tt0122071
2211,tt0076057
2212,tt0089689
2213,tt0025314
2214,tt4598720
2215,tt0268282
2216,tt0046374
2217,tt1572503
2218,tt5069158
2219,tt3479530
2220,tt0058941
2221,tt1776979
2222,tt2351392
2223,tt0247133
2224,tt0052632
2225,tt0246266
2226,tt0028691
2227,tt2089664
2228,tt0253592
2229,tt1791611
2230,tt0211318
2231,tt5641300
2232,tt0032023
2233,tt3838802
2234,tt0114375
2235,tt0190590
2236,tt5355542
2237,tt0321722
2238,tt2873660
2239,tt0065075
2240,tt0117571
2241,tt4773144
2242,tt2762056
2243,tt0186544
2244,tt0395169
2245,tt1692190
2246,tt1388390
2247,tt0178723
2248,tt1231580
2249,tt1961211
2250,tt0441297
2251,tt4317854
2252,tt1839447
2253,tt1652337
2254,tt0055985
2255,tt0405481
2256,tt0462396
2257,tt3365084
2258,tt4832358
2259,tt0146882
2260,tt0238883
2261,tt0059786
2262,tt0478888
2263,tt5740060
2264,tt0033045
2265,tt0476872
2266,tt0113670
2267,tt0181689
2268,tt2059224
2269,tt2438658
2270,tt1114677
2271,tt0079029
2272,tt0288439
2273,tt0024995
2274,tt0070040
2275,tt0070047
2276,tt0056984
2277,tt0054851
2278,tt0076917
2279,tt3470918
2280,tt0765432
2281,tt0058162
2282,tt0259534
2283,tt1972571
2284,tt0460721
2285,tt0030468
2286,tt0118664
2287,tt0233975
2288,tt0118661
2289,tt0758774
2290,tt0030537
2291,tt0214209
2292,tt0871510
2293,tt0105275
2294,tt2186781
2295,tt0453494
2296,tt2257994
2297,tt0094890
2298,tt2377938
2299,tt4926320
2300,tt4433110
2301,tt2125584
2302,tt5044906
2303,tt1756537
2304,tt0089271
2305,tt0967925
2306,tt1821527
2307,tt3683086
2308,tt0429523
2309,tt0193253
2310,tt1577811
2311,tt3638542
2312,tt0337353
2313,tt2713180
2314,tt0062294
2315,tt0256622
2316,tt0293961
2317,tt0162661
2318,tt0089092
2319,tt5876392
2320,tt1242545
2321,tt0349572
2322,tt0434215
2323,tt0067116
2324,tt0247679
2325,tt1156311
2326,tt4158922
2327,tt0069228
2328,tt0132888
2329,tt2719606
2330,tt0073341
2331,tt5196148
2332,tt0229087
2333,tt0021228
2334,tt0790628
2335,tt1236471
2336,tt0085409
2337,tt0085402
2338,tt0294531
2339,tt2417624
2340,tt0808185
2341,tt0114413
2342,tt0114148
2343,tt0081531
2344,tt0045854
2345,tt3524410
2346,tt0035053
2347,tt0390096
2348,tt5720450
2349,tt0250457
2350,tt0178969
2351,tt0138564
2352,tt2831336
2353,tt2166047
2354,tt0417741
2355,tt3667086
2356,tt3796736
2357,tt0455942
2358,tt0021486
2359,tt0135501
2360,tt4197474
2361,tt2267998
2362,tt3325802
2363,tt2166226
2364,tt0134907
2365,tt0403935
2366,tt3107890
2367,tt3663564
2368,tt1050725
2369,tt0050166
2370,tt1602613
2371,tt0054443
2372,tt1184940
2373,tt0058315
2374,tt2072979
2375,tt2849498
2376,tt0246894
2377,tt4218580
2378,tt0237319
2379,tt0048836
2380,tt3198454
2381,tt2980516
2382,tt1674047
2383,tt0092723
2384,tt0213149
2385,tt6029714
2386,tt0112715
2387,tt0112714
2388,tt2460440
2389,tt0120915
2390,tt4819546
2391,tt2245084
2392,tt0486655
2393,tt0124993
2394,tt0124998
2395,tt0382376
2396,tt1954648
2397,tt0092580
2398,tt0119899
2399,tt2381991
2400,tt0166485
2401,tt0023888
2402,tt1634013
2403,tt0075957
2404,tt0119099
2405,tt0051690
2406,tt0190675
2407,tt3026660
2408,tt2673212
2409,tt3324868
2410,tt1663662
2411,tt0033458
2412,tt0023085
2413,tt0195884
2414,tt1261945
2415,tt0040357
2416,tt1736000
2417,tt4320128
2418,tt0051438
2419,tt0051433
2420,tt0434022
2421,tt0051437
2422,tt6040012
2423,tt2356180
2424,tt3268790
2425,tt0015460
2426,tt4991172
2427,tt4165542
2428,tt4067578
2429,tt0378589
2430,tt5090116
2431,tt2510894
2432,tt0093673
2433,tt0367959
2434,tt0022136
2435,tt2494788
2436,tt1192628
2437,tt0158212
2438,tt1008023
2439,tt2760434
2440,tt0036126
2441,tt0063829
2442,tt4681452
2443,tt0253828
2444,tt0057971
2445,tt0261055
2446,tt0123324
2447,tt2918226
2448,tt0038787
2449,tt3214392
2450,tt1865375
2451,tt0048603
2452,tt1865374
2453,tt0174685
2454,tt0174683
2455,tt0064452
2456,tt1494688
2457,tt0046130
2458,tt1773365
2459,tt3585418
2460,tt0057393
2461,tt2339773
2462,tt0039787
2463,tt0327597
2464,tt0039783
2465,tt1087431
2466,tt0350485
2467,tt4142364
2468,tt0264606
2469,tt0193003
2470,tt5640450
2471,tt0120338
2472,tt1450146
2473,tt2758878
2474,tt4613688
2475,tt0061213
2476,tt0186566
2477,tt4909506
2478,tt0018773
2479,tt0134067
2480,tt0413051
2481,tt3279420
2482,tt6017238
2483,tt0202496
2484,tt0091355
2485,tt2207711
2486,tt2140379
2487,tt1642195
2488,tt2140373
2489,tt5046534
2490,tt4442090
2491,tt0037782
2492,tt1206326
2493,tt2396690
2494,tt1623780
2495,tt2051851
2496,tt0107259
2497,tt3850214
2498,tt3036576
2499,tt0146572
2500,tt0497227
2501,tt5466576
2502,tt1016075
2503,tt1922698
2504,tt0099291
2505,tt4131622
2506,tt4506106
2507,tt2979044
2508,tt0099474
2509,tt1073624
2510,tt0436232
2511,tt2728220
2512,tt1075747
2513,tt0112384
2514,tt2364774
2515,tt0298152
2516,tt0179797
2517,tt0252695
2518,tt0887912
2519,tt3644258
2520,tt0088272
2521,tt3655682
2522,tt0032910
2523,tt1142588
2524,tt0041747
2525,tt0095327
2526,tt0040168
2527,tt0104702
2528,tt1935109
2529,tt0359672
2530,tt3108988
2531,tt1566926
2532,tt3865286
2533,tt1821641
2534,tt0116860
2535,tt5329972
2536,tt0295001
2537,tt5875364
2538,tt4899056
2539,tt2998464
2540,tt3025410
2541,tt0103855
2542,tt0159802
2543,tt3533690
2544,tt3511362
2545,tt0139554
2546,tt0096740
2547,tt0214082
2548,tt1067920
2549,tt0376361
2550,tt1625074
2551,tt1676194
2552,tt0301359
2553,tt0011756
2554,tt0015074
2555,tt1277144
2556,tt0011758
2557,tt0415094
2558,tt0335284
2559,tt0309299
2560,tt2164320
2561,tt0031179
2562,tt1208714
2563,tt0042844
2564,tt0102701
2565,tt0086182
2566,tt0046839
2567,tt0357450
2568,tt0205264
2569,tt1393003
2570,tt0049810
2571,tt0043466
2572,tt1218510
2573,tt0865911
2574,tt1239462
2575,tt1239466
2576,tt3957278
2577,tt4071498
2578,tt0059228
2579,tt0038864
2580,tt0086231
2581,tt0038643
2582,tt0391304
2583,tt0972848
2584,tt0086238
2585,tt1648093
2586,tt2114454
2587,tt0430377
2588,tt3522866
2589,tt2123894
2590,tt1181791
2591,tt0191869
2592,tt1852069
2593,tt4263882
2594,tt0274573
2595,tt4505670
2596,tt0417765
2597,tt1809398
2598,tt0066223
2599,tt0120788
2600,tt0100709
2601,tt4324020
2602,tt0078238
2603,tt0018525
2604,tt0042338
2605,tt0042332
2606,tt0077578
2607,tt3810602
2608,tt0385115
2609,tt1217572
2610,tt0100835
2611,tt0304072
2612,tt0454561
2613,tt4645330
2614,tt1965162
2615,tt0084698
2616,tt0010229
2617,tt1308990
2618,tt0139239
2619,tt0308832
2620,tt0141369
2621,tt0361532
2622,tt0146329
2623,tt0267243
2624,tt1417060
2625,tt0314331
2626,tt0360486
2627,tt1703824
2628,tt0054133
2629,tt0368667
2630,tt0173149
2631,tt1832938
2632,tt1841562
2633,tt0101615
2634,tt0249562
2635,tt0432696
2636,tt0172810
2637,tt0043981
2638,tt3319036
2639,tt0356147
2640,tt0044750
2641,tt1693814
2642,tt0051417
2643,tt5651372
2644,tt0119217
2645,tt0426864
2646,tt0382932
2647,tt2472432
2648,tt0352248
2649,tt0104391
2650,tt3511172
2651,tt2075310
2652,tt0126203
2653,tt0076890
2654,tt0082432
2655,tt1326277
2656,tt1784700
2657,tt0389860
2658,tt3449200
2659,tt0040883
2660,tt0479767
2661,tt0018413
2662,tt0076761
2663,tt0064819
2664,tt0022801
2665,tt0473453
2666,tt0047355
2667,tt0376136
2668,tt0169858
2669,tt0067546
2670,tt0046333
2671,tt0306108
2672,tt0098219
2673,tt0189290
2674,tt1082881
2675,tt3155936
2676,tt0072730
2677,tt1315576
2678,tt0066762
2679,tt0794062
2680,tt3148856
2681,tt1340466
2682,tt0109015
2683,tt2637156
2684,tt0230046
2685,tt1347442
2686,tt0389126
2687,tt0028653
2688,tt0367753
2689,tt0084105
2690,tt0929632
2691,tt1662500
2692,tt0425743
2693,tt1098199
2694,tt0163983
2695,tt0764235
2696,tt1119191
2697,tt1821317
2698,tt1119194
2699,tt0390221
2700,tt0937353
2701,tt0111413
2702,tt2320924
2703,tt0127333
2704,tt1259521
2705,tt0280964
2706,tt0111419
2707,tt0114337
2708,tt0028382
2709,tt0120317
2710,tt2091987
2711,tt0113819
2712,tt0045684
2713,tt0316345
2714,tt1152843
2715,tt0057043
2716,tt2102472
2717,tt0013902
2718,tt0191989
2719,tt4219130
2720,tt0018758
2721,tt1690136
2722,tt0284935
2723,tt3467412
2724,tt2631210
2725,tt1899342
2726,tt1316088
2727,tt4667330
2728,tt1211837
2729,tt1679335
2730,tt0249795
2731,tt5036298
2732,tt0052884
2733,tt0876291
2734,tt0278964
2735,tt0448621
2736,tt0448150
2737,tt0448157
2738,tt1231277
2739,tt0305623
2740,tt1690384
2741,tt3514116
2742,tt1885307
2743,tt4299920
2744,tt2033947
2745,tt1894486
2746,tt4459758
2747,tt0044221
2748,tt0044222
2749,tt4943992
2750,tt0981227
2751,tt4389410
2752,tt0373889
2753,tt0060780
2754,tt0296281
2755,tt2700974
2756,tt3576558
2757,tt0770703
2758,tt0765476
2759,tt0043678
2760,tt0255096
2761,tt2172109
2762,tt0467200
2763,tt5091616
2764,tt0041765
2765,tt0295394
2766,tt0359123
2767,tt0104231
2768,tt2982542
2769,tt1459048
2770,tt1930443
2771,tt0322330
2772,tt0087615
2773,tt1814796
2774,tt3444514
2775,tt0426470
2776,tt2324384
2777,tt0267054
2778,tt0212312
2779,tt1253580
2780,tt1524539
2781,tt3544548
2782,tt1620487
2783,tt0907301
2784,tt0051062
2785,tt0313453
2786,tt0037382
2787,tt0119683
2788,tt0343818
2789,tt5545098
2790,tt1872054
2791,tt0037387
2792,tt1606595
2793,tt2543164
2794,tt5696110
2795,tt2404435
2796,tt4070830
2797,tt6155784
2798,tt0498071
2799,tt1363363
2800,tt0398165
2801,tt0119535
2802,tt4219304
2803,tt0102765
2804,tt0102761
2805,tt0042823
2806,tt2960930
2807,tt0435780
2808,tt0240318
2809,tt1303776
2810,tt0043338
2811,tt0080483
2812,tt1448567
2813,tt0495747
2814,tt0331632
2815,tt0059244
2816,tt0430111
2817,tt0085445
2818,tt0357843
2819,tt2284790
2820,tt0120815
2821,tt2165699
2822,tt0086250
2823,tt0482025
2824,tt3124456
2825,tt2776270
2826,tt1582501
2827,tt2715098
2828,tt1380860
2829,tt0127458
2830,tt0062925
2831,tt0077775
2832,tt2935888
2833,tt0065214
2834,tt2363481
2835,tt0107715
2836,tt0012067
2837,tt0229664
2838,tt4379224
2839,tt1621766
2840,tt3384218
2841,tt1194445
2842,tt0117106
2843,tt0045897
2844,tt1131729
2845,tt2009481
2846,tt3755914
2847,tt1339199
2848,tt3985472
2849,tt0032546
2850,tt0180165
2851,tt3753360
2852,tt0187393
2853,tt1430607
2854,tt4026586
2855,tt0045096
2856,tt1538290
2857,tt4586136
2858,tt0078748
2859,tt0078747
2860,tt0024366
2861,tt1189002
2862,tt1979172
2863,tt2657636
2864,tt2396711
2865,tt0339128
2866,tt0065834
2867,tt2952488
2868,tt0402331
2869,tt0005987
2870,tt0448001
2871,tt0287100
2872,tt0311289
2873,tt6162808
2874,tt0154469
2875,tt0033410
2876,tt0033144
2877,tt0775088
2878,tt1065107
2879,tt0049223
2880,tt0272729
2881,tt5368986
2882,tt0091677
2883,tt4907766
2884,tt0041959
2885,tt0031363
2886,tt4050646
2887,tt5000984
2888,tt0332385
2889,tt0133365
2890,tt1739249
2891,tt0005231
2892,tt3097944
2893,tt0156074
2894,tt0026144
2895,tt0334764
2896,tt1334018
2897,tt1176175
2898,tt2781212
2899,tt0038579
2900,tt5888246
2901,tt0419167
2902,tt1443493
2903,tt0030141
2904,tt0105350
2905,tt1305038
2906,tt0105358
2907,tt0843533
2908,tt0046317
2909,tt0410409
2910,tt0056382
2911,tt0400220
2912,tt0389321
2913,tt0359358
2914,tt0089199
2915,tt2170401
2916,tt1980970
2917,tt0141949
2918,tt1766164
2919,tt5099660
2920,tt0048312
2921,tt0082410
2922,tt1667093
2923,tt3712718
2924,tt0081146
2925,tt1446714
2926,tt1545295
2927,tt1577780
2928,tt0090338
2929,tt0090334
2930,tt5047828
2931,tt1193138
2932,tt0327001
2933,tt0073109
2934,tt0327554
2935,tt0096951
2936,tt0111473
2937,tt2024544
2938,tt5311514
2939,tt0028456
2940,tt2908048
2941,tt1272051
2942,tt1742307
2943,tt0045668
2944,tt0057060
2945,tt4066086
2946,tt1579902
2947,tt1522415
2948,tt1611913
2949,tt1856022
2950,tt0053290
2951,tt0379790
2952,tt0102034
2953,tt3064298
2954,tt0103119
2955,tt0285685
2956,tt5649102
2957,tt0032739
2958,tt0032049
2959,tt0107290
2960,tt0117660
2961,tt1384768
2962,tt2240822
2963,tt1482828
2964,tt0310715
2965,tt1027718
2966,tt0068431
2967,tt1079447
2968,tt1564353
2969,tt5778412
2970,tt0181627
2971,tt0113690
2972,tt0418867
2973,tt0100448
2974,tt1441395
2975,tt0146791
2976,tt0359940
2977,tt0099785
2978,tt3043330
2979,tt0048953
2980,tt0020702
2981,tt4619628
2982,tt1731658
2983,tt0783233
2984,tt1307067
2985,tt4649814
2986,tt0437273
2987,tt0054215
2988,tt0830861
2989,tt0201294
2990,tt0036431
2991,tt1851831
2992,tt2274538
2993,tt1843866
2994,tt2302809
2995,tt0079889
2996,tt4059850
2997,tt2429292
2998,tt1430836
2999,tt0122195
3000,tt0026286
3001,tt0030552
3002,tt3655420
3003,tt1821682
3004,tt0109739
3005,tt0055296
3006,tt4015930
3007,tt2950418
3008,tt0115696
3009,tt2856874
3010,tt2674496
3011,tt0056923
3012,tt0233001
3013,tt0303780
3014,tt0055038
3015,tt0055740
3016,tt0059673
3017,tt2484690
3018,tt1468843
3019,tt0104219
3020,tt0460838
3021,tt4508018
3022,tt0093206
3023,tt0439504
3024,tt0093756
3025,tt2366608
3026,tt0109198
3027,tt0922532
3028,tt0047473
3029,tt0109190
3030,tt5547924
3031,tt0478701
3032,tt3570168
3033,tt0042807
3034,tt1073223
3035,tt0305205
3036,tt1719688
3037,tt0081777
3038,tt1219289
3039,tt0425112
3040,tt6093904
3041,tt2719848
3042,tt5654154
3043,tt0351105
3044,tt2130075
3045,tt0128435
3046,tt0340377
3047,tt0085460
3048,tt4943218
3049,tt0176700
3050,tt0086278
3051,tt0114122
3052,tt0056218
3053,tt0056217
3054,tt0038355
3055,tt0018906
3056,tt0068226
3057,tt1153545
3058,tt1205585
3059,tt0178900
3060,tt0118209
3061,tt5077742
3062,tt0329774
3063,tt1670635
3064,tt3159212
3065,tt3418092
3066,tt0069289
3067,tt3819236
3068,tt0013356
3069,tt0052357
3070,tt0061069
3071,tt0184858
3072,tt0320421
3073,tt0039628
3074,tt4337464
3075,tt2079591
3076,tt0200245
3077,tt0395511
3078,tt0096149
3079,tt0304032
3080,tt0976035
3081,tt1954374
3082,tt2783926
3083,tt1430626
3084,tt0067885
3085,tt0160236
3086,tt1837619
3087,tt0373184
3088,tt0291032
3089,tt0161013
3090,tt0345940
3091,tt1961624
3092,tt0940709
3093,tt2064852
3094,tt0313952
3095,tt0116250
3096,tt3453106
3097,tt0408209
3098,tt6018006
3099,tt3718024
3100,tt0049204
3101,tt3923750
3102,tt0466304
3103,tt2278388
3104,tt0040338
3105,tt1486793
3106,tt0334294
3107,tt2814874
3108,tt1545976
3109,tt0206366
3110,tt0206367
3111,tt0085923
3112,tt0091699
3113,tt0293715
3114,tt0037262
3115,tt1552010
3116,tt0222054
3117,tt2137326
3118,tt0906775
3119,tt0299658
3120,tt4970880
3121,tt0906778
3122,tt0023398
3123,tt0334744
3124,tt0026614
3125,tt0168856
3126,tt0313608
3127,tt0173105
3128,tt0255112
3129,tt2073715
3130,tt0075314
3131,tt0255443
3132,tt0459554
3133,tt0023649
3134,tt1355207
3135,tt0040840
3136,tt1359553
3137,tt0104683
3138,tt0104684
3139,tt0359595
3140,tt0248254
3141,tt5505722
3142,tt0387162
3143,tt0031839
3144,tt0051459
3145,tt5812306
3146,tt1270798
3147,tt0057357
3148,tt0046996
3149,tt0102682
3150,tt0244739
3151,tt0861711
3152,tt0244083
3153,tt0046998
3154,tt0102688
3155,tt0118564
3156,tt0118565
3157,tt5936370
3158,tt0411477
3159,tt1648199
3160,tt2081423
3161,tt0181875
3162,tt0337214
3163,tt0025423
3164,tt0034240
3165,tt0147699
3166,tt0926156
3167,tt0022512
3168,tt0057887
3169,tt1242422
3170,tt2619074
3171,tt0955308
3172,tt0804452
3173,tt0410079
3174,tt0123385
3175,tt0102351
3176,tt0162327
3177,tt1682180
3178,tt2091325
3179,tt2949596
3180,tt5068918
3181,tt0057083
3182,tt3209560
3183,tt0039498
3184,tt0139046
3185,tt0790780
3186,tt0047861
3187,tt0478134
3188,tt0052104
3189,tt0102535
3190,tt0052109
3191,tt3033042
3192,tt2072293
3193,tt0074695
3194,tt2171416
3195,tt0234946
3196,tt2147331
3197,tt0029522
3198,tt0110322
3199,tt1169137
3200,tt0211915
3201,tt4027066
3202,tt5880884
3203,tt1548544
3204,tt0038017
3205,tt0807755
3206,tt0370537
3207,tt1408101
3208,tt5672048
3209,tt0384537
3210,tt0046731
3211,tt0046732
3212,tt1596722
3213,tt0110148
3214,tt4658786
3215,tt0050083
3216,tt3006588
3217,tt1797487
3218,tt0100466
3219,tt0338467
3220,tt0382625
3221,tt0087243
3222,tt2180283
3223,tt0249931
3224,tt0113273
3225,tt1342387
3226,tt2278870
3227,tt0254983
3228,tt0787475
3229,tt0248089
3230,tt2413516
3231,tt0091737
3232,tt0032976
3233,tt0251003
3234,tt0129387
3235,tt3896100
3236,tt0089927
3237,tt0439217
3238,tt0122173
3239,tt0207820
3240,tt2404822
3241,tt0427341
3242,tt1060273
3243,tt4931948
3244,tt1171533
3245,tt1060277
3246,tt3136146
3247,tt5215566
3248,tt0024805
3249,tt5994186
3250,tt1979320
3251,tt5893480
3252,tt0378194
3253,tt2332966
3254,tt1128213
3255,tt0065596
3256,tt0057507
3257,tt0194456
3258,tt1576412
3259,tt5834978
3260,tt0041859
3261,tt0039440
3262,tt0051398
3263,tt0015016
3264,tt0067333
3265,tt0460811
3266,tt0093779
3267,tt0093775
3268,tt0093773
3269,tt0043153
3270,tt2692938
3271,tt0067190
3272,tt0240425
3273,tt0325055
3274,tt0108045
3275,tt0262226
3276,tt3835764
3277,tt0083624
3278,tt1403865
3279,tt0043379
3280,tt0317248
3281,tt0085486
3282,tt0119152
3283,tt0368909
3284,tt0038370
3285,tt0120855
3286,tt0359784
3287,tt0790818
3288,tt0132000
3289,tt0377471
3290,tt0039840
3291,tt0310940
3292,tt0018671
3293,tt1077368
3294,tt3259484
3295,tt5227468
3296,tt1156398
3297,tt0329717
3298,tt0067424
3299,tt1966525
3300,tt0107822
3301,tt0243334
3302,tt1429387
3303,tt4449798
3304,tt0854672
3305,tt2008644
3306,tt4844288
3307,tt0106332
3308,tt2103997
3309,tt0067992
3310,tt0038956
3311,tt0034905
3312,tt2709606
3313,tt2359300
3314,tt3922754
3315,tt1381406
3316,tt3862094
3317,tt0297290
3318,tt0114508
3319,tt0298272
3320,tt0165204
3321,tt0134187
3322,tt0032508
3323,tt0120145
3324,tt2325873
3325,tt6022812
3326,tt0769515
3327,tt0025452
3328,tt0073929
3329,tt0069952
3330,tt3338444
3331,tt1780766
3332,tt0220791
3333,tt0134969
3334,tt2084763
3335,tt0057541
3336,tt4883512
3337,tt0017850
3338,tt1477180
3339,tt1466572
3340,tt0101414
3341,tt0457303
3342,tt4680790
3343,tt0295297
3344,tt2393902
3345,tt0033369
3346,tt2549398
3347,tt0924001
3348,tt1302067
3349,tt0094752
3350,tt0091501
3351,tt1772230
3352,tt1814878
3353,tt1146300
3354,tt0097216
3355,tt0086459
3356,tt0164912
3357,tt0043992
3358,tt0484964
3359,tt0100095
3360,tt0183834
3361,tt0381206
3362,tt0308220
3363,tt0182406
3364,tt0027674
3365,tt0071784
3366,tt1651065
3367,tt0076833
3368,tt0076836
3369,tt1840417
3370,tt2361024
3371,tt0088999
3372,tt3243474
3373,tt4742102
3374,tt0176579
3375,tt0060955
3376,tt0060956
3377,tt0484383
3378,tt0266687
3379,tt0116904
3380,tt2948356
3381,tt0116908
3382,tt3344680
3383,tt0993846
3384,tt5812360
3385,tt4859842
3386,tt0498200
3387,tt0098273
3388,tt0098271
3389,tt0040711
3390,tt1499658
3391,tt1157547
3392,tt0446013
3393,tt1052353
3394,tt5043096
3395,tt0269758
3396,tt1431238
3397,tt1595021
3398,tt0070687
3399,tt0369221
3400,tt0085770
3401,tt4303038
3402,tt0311958
3403,tt2148924
3404,tt1592556
3405,tt1592557
3406,tt0028632
3407,tt2086830
3408,tt0415481
3409,tt0363547
3410,tt0129979
3411,tt0096999
3412,tt1691917
3413,tt2385001
3414,tt0377439
3415,tt0111301
3416,tt0265086
3417,tt0461770
3418,tt1867612
3419,tt5423310
3420,tt0028943
3421,tt3257692
3422,tt5087152
3423,tt2310332
3424,tt0073000
3425,tt1772838
3426,tt0450385
3427,tt0047843
3428,tt0052169
3429,tt0294451
3430,tt2848292
3431,tt1314645
3432,tt1142977
3433,tt0326977
3434,tt3471592
3435,tt0035173
3436,tt0450564
3437,tt1532942
3438,tt3361874
3439,tt0194993
3440,tt0029542
3441,tt2221713
3442,tt0274470
3443,tt0274472
3444,tt0455829
3445,tt0038033
3446,tt0120623
3447,tt2806106
3448,tt1411697
3449,tt0142374
3450,tt1135498
3451,tt0276832
3452,tt2623734
3453,tt0100665
3454,tt1555219
3455,tt0102802
3456,tt0138333
3457,tt0442672
3458,tt0077270
3459,tt0171126
3460,tt1366419
3461,tt0054789
3462,tt1817211
3463,tt0058275
3464,tt0008519
3465,tt0405422
3466,tt0485601
3467,tt3534598
3468,tt2585562
3469,tt4827878
3470,tt0116571
3471,tt4201854
3472,tt0032997
3473,tt0087131
3474,tt0178387
3475,tt0079595
3476,tt0482389
3477,tt1308748
3478,tt4971786
3479,tt0051588
3480,tt0976203
3481,tt0027441
3482,tt0027110
3483,tt2400321
3484,tt0881891
3485,tt0303017
3486,tt0026240
3487,tt1340708
3488,tt0241355
3489,tt2133360
3490,tt0055254
3491,tt0024862
3492,tt4772968
3493,tt0462590
3494,tt1657318
3495,tt0212890
3496,tt0048411
3497,tt0014960
3498,tt0318462
3499,tt4678202
3500,tt3659388
3501,tt0031465
3502,tt0464996
3503,tt0059635
3504,tt0059636
3505,tt0049434
3506,tt0049432
3507,tt0083193
3508,tt5005454
3509,tt0047127
3510,tt0473626
3511,tt0261199
3512,tt2123170
3513,tt2436386
3514,tt0023563
3515,tt0062493
3516,tt0086102
3517,tt0034032
3518,tt0270691
3519,tt0266965
3520,tt1524559
3521,tt0022969
3522,tt0266747
3523,tt2093995
3524,tt0122735
3525,tt0076646
3526,tt0029228
3527,tt2214985
3528,tt5299042
3529,tt0039302
3530,tt0138683
3531,tt0056520
3532,tt2644178
3533,tt1891845
3534,tt1303828
3535,tt5354160
3536,tt0102470
3537,tt0350831
3538,tt0098048
3539,tt5533192
3540,tt0393320
3541,tt0035616
3542,tt2478746
3543,tt0035344
3544,tt0086972
3545,tt1928157
3546,tt0096874
3547,tt1987021
3548,tt0109331
3549,tt0032692
3550,tt1679583
3551,tt0454876
3552,tt0034967
3553,tt0481510
3554,tt0034969
3555,tt2219554
3556,tt2425470
3557,tt0175215
3558,tt0039041
3559,tt0229354
3560,tt0291341
3561,tt0409847
3562,tt1948614
3563,tt4032570
3564,tt0069977
3565,tt1400386
3566,tt0035010
3567,tt4495188
3568,tt1943710
3569,tt0989007
3570,tt0134301
3571,tt0171357
3572,tt1658837
3573,tt0065727
3574,tt1582507
3575,tt0065723
3576,tt0084422
3577,tt0402352
3578,tt0384967
3579,tt0116743
3580,tt0036868
3581,tt1530545
3582,tt0116213
3583,tt2638178
3584,tt4792108
3585,tt0036865
3586,tt1332106
3587,tt0037119
3588,tt1571219
3589,tt0972759
3590,tt0281203
3591,tt0217164
3592,tt3530596
3593,tt5714216
3594,tt4537362
3595,tt0368373
3596,tt0294274
3597,tt1624391
3598,tt0024654
3599,tt0192482
3600,tt0027871
3601,tt0299619
3602,tt0027653
3603,tt0027652
3604,tt0226044
3605,tt0072305
3606,tt0001911
3607,tt0026650
3608,tt0026653
3609,tt0463854
3610,tt1877894
3611,tt0051636
3612,tt0051631
3613,tt1013860
3614,tt1764581
3615,tt0041604
3616,tt4577624
3617,tt1969959
3618,tt0060970
3619,tt1337685
3620,tt0090729
3621,tt2642226
3622,tt4415088
3623,tt1672136
3624,tt0022882
3625,tt3573598
3626,tt5334126
3627,tt1932655
3628,tt2402246
3629,tt0041468
3630,tt0456014
3631,tt0119297
3632,tt1726669
3633,tt1435543
3634,tt1934389
3635,tt0225535
3636,tt2604330
3637,tt0058019
3638,tt2090501
3639,tt0281078
3640,tt1489882
3641,tt0105841
3642,tt0301520
3643,tt0910970
3644,tt0853012
3645,tt1562872
3646,tt0025682
3647,tt0923811
3648,tt0081693
3649,tt0081692
3650,tt0003740
3651,tt0219570
3652,tt0400244
3653,tt0045977
3654,tt0043722
3655,tt1508698
3656,tt0138749
3657,tt0007246
3658,tt5086198
3659,tt0456902
3660,tt4329274
3661,tt0240897
3662,tt1161457
3663,tt0038238
3664,tt2941258
3665,tt0081471
3666,tt1037140
3667,tt0035400
3668,tt0039185
3669,tt0815229
3670,tt0009619
3671,tt0203521
3672,tt0274454
3673,tt3443810
3674,tt5354458
3675,tt0110361
3676,tt0102798
3677,tt0038057
3678,tt5765818
3679,tt3327856
3680,tt0061369
3681,tt3783958
3682,tt0018426
3683,tt1618390
3684,tt0036988
3685,tt1795595
3686,tt0384579
3687,tt1235845
3688,tt2831568
3689,tt0091326
3690,tt4858722
3691,tt0103190
3692,tt0054014
3693,tt1302183
3694,tt0985025
3695,tt0342258
3696,tt5872692
3697,tt0479143
3698,tt0330373
3699,tt0095655
3700,tt0039980
3701,tt5729754
3702,tt0455590
3703,tt1107395
3704,tt1217595
3705,tt0116557
3706,tt0472198
3707,tt3630800
3708,tt0237186
3709,tt0180668
3710,tt0122461
3711,tt0121118
3712,tt0037586
3713,tt0482456
3714,tt1128075
3715,tt1718130
3716,tt0443272
3717,tt0893507
3718,tt0100856
3719,tt0943481
3720,tt0973808
3721,tt0283623
3722,tt0086559
3723,tt0249462
3724,tt1320341
3725,tt0071684
3726,tt2122318
3727,tt0342039
3728,tt1430618
3729,tt2602340
3730,tt0190081
3731,tt1676134
3732,tt0037323
3733,tt2506858
3734,tt1436045
3735,tt0093734
3736,tt0114814
3737,tt0101393
3738,tt5291716
3739,tt0029025
3740,tt1719665
3741,tt0049957
3742,tt2958558
3743,tt0964517
3744,tt1073241
3745,tt2933632
3746,tt0494290
3747,tt0191421
3748,tt0349822
3749,tt0025234
3750,tt4009460
3751,tt0275942
3752,tt1402488
3753,tt0018966
3754,tt3597732
3755,tt4162472
3756,tt0047413
3757,tt0071141
3758,tt0047411
3759,tt0473310
3760,tt0042641
3761,tt0215088
3762,tt1773733
3763,tt0042644
3764,tt1807921
3765,tt0389557
3766,tt0046545
3767,tt2522596
3768,tt3134058
3769,tt4513052
3770,tt0035368
3771,tt0439817
3772,tt1126618
3773,tt0159807
3774,tt0226975
3775,tt1721051
3776,tt0200191
3777,tt0082661
3778,tt0141303
3779,tt0081318
3780,tt0496294
3781,tt0028510
3782,tt0084796
3783,tt0253761
3784,tt3249660
3785,tt0186446
3786,tt0111112
3787,tt1318819
3788,tt0120185
3789,tt0120188
3790,tt0200653
3791,tt0107683
3792,tt1346259
3793,tt0107688
3794,tt0035897
3795,tt0035893
3796,tt4886780
3797,tt0212056
3798,tt0074539
3799,tt1411778
3800,tt0032324
3801,tt0274842
3802,tt3349772
3803,tt5935234
3804,tt0116763
3805,tt0091540
3806,tt0134149
3807,tt0134145
3808,tt0432637
3809,tt1790885
3810,tt0222783
3811,tt1232829
3812,tt0181784
3813,tt1232823
3814,tt0300556
3815,tt4198034
3816,tt2195968
3817,tt0068646
3818,tt1345780
3819,tt0064115
3820,tt0064116
3821,tt0298583
3822,tt0188404
3823,tt0079470
3824,tt1570728
3825,tt1584096
3826,tt3421192
3827,tt0096253
3828,tt0103639
3829,tt0353824
3830,tt0040530
3831,tt0783238
3832,tt0338348
3833,tt0050560
3834,tt2814362
3835,tt3607198
3836,tt3346976
3837,tt0112641
3838,tt1535109
3839,tt1034389
3840,tt0373219
3841,tt4669574
3842,tt0239296
3843,tt0457342
3844,tt0165855
3845,tt5313162
3846,tt0093058
3847,tt3212948
3848,tt1431274
3849,tt4718656
3850,tt4756774
3851,tt0055423
3852,tt0172615
3853,tt2343473
3854,tt0281723
3855,tt1327035
3856,tt0367089
3857,tt3996710
3858,tt0048966
3859,tt3898504
3860,tt0077303
3861,tt0478660
3862,tt0488349
3863,tt0062044
3864,tt0913425
3865,tt1119646
3866,tt4119110
3867,tt0407715
3868,tt0047881
3869,tt1498565
3870,tt0043705
3871,tt0088247
3872,tt0364751
3873,tt4459154
3874,tt0376994
3875,tt0286499
3876,tt1659337
3877,tt0491526
3878,tt2522922
3879,tt1913022
3880,tt0282387
3881,tt0815245
3882,tt2043979
3883,tt3512578
3884,tt0220697
3885,tt0088425
3886,tt1135989
3887,tt0029583
3888,tt2014392
3889,tt0015864
3890,tt0047163
3891,tt0264395
3892,tt0077451
3893,tt0038071
3894,tt4796556
3895,tt5805252
3896,tt4715026
3897,tt0064307
3898,tt0066344
3899,tt2063749
3900,tt2063745
3901,tt3502404
3902,tt4311072
3903,tt1049413
3904,tt1049414
3905,tt0046022
3906,tt3598850
3907,tt0903624
3908,tt4868958
3909,tt0028180
3910,tt4643580
3911,tt1202170
3912,tt1054509
3913,tt1780934
3914,tt2991554
3915,tt0246313
3916,tt1293761
3917,tt2718418
3918,tt0090888
3919,tt0239102
3920,tt2318092
3921,tt0021839
3922,tt1334464
3923,tt0483586
3924,tt0353369
3925,tt0416263
3926,tt0202368
3927,tt0239042
3928,tt3387352
3929,tt1894425
3930,tt0054078
3931,tt1870432
3932,tt2274246
3933,tt3969990
3934,tt1046198
3935,tt0199924
3936,tt0024536
3937,tt0315306
3938,tt3743362
3939,tt3293426
3940,tt2017703
3941,tt1627937
3942,tt1217209
3943,tt0050973
3944,tt0091757
3945,tt1093370
3946,tt0218547
3947,tt0041839
3948,tt5104954
3949,tt0031939
3950,tt0382910
3951,tt0796366
3952,tt0808518
3953,tt1127180
3954,tt0104290
3955,tt0104299
3956,tt4944366
3957,tt2431448
3958,tt0167833
3959,tt0427327
3960,tt0366548
3961,tt2741626
3962,tt1285016
3963,tt3869246
3964,tt0232975
3965,tt0814296
3966,tt0404192
3967,tt4187786
3968,tt0282556
3969,tt0030083
3970,tt0022928
3971,tt1033483
3972,tt0011607
3973,tt0176783
3974,tt0270846
3975,tt3099370
3976,tt0095879
3977,tt0815745
3978,tt0109117
3979,tt0105477
3980,tt5097012
3981,tt1784356
3982,tt0218327
3983,tt0358273
3984,tt0214841
3985,tt0811159
3986,tt0244259
3987,tt0046568
3988,tt0435670
3989,tt0089308
3990,tt3856142
3991,tt0435679
3992,tt1431045
3993,tt0200426
3994,tt0111756
3995,tt0043397
3996,tt0111280
3997,tt0306062
3998,tt2071552
3999,tt0019585
4000,tt0307623
4001,tt0061578
4002,tt0080684
4003,tt0057168
4004,tt0915458
4005,tt0066409
4006,tt1262406
4007,tt4644836
4008,tt0236689
4009,tt0070377
4010,tt3317362
4011,tt5543456
4012,tt1059961
4013,tt0061759
4014,tt3405166
4015,tt0017832
4016,tt0114709
4017,tt0274824
4018,tt0042915
4019,tt0350585
4020,tt2194542
4021,tt0053001
4022,tt1799121
4023,tt0430912
4024,tt1657513
4025,tt2051931
4026,tt2256826
4027,tt0076340
4028,tt2943352
4029,tt0373908
4030,tt4191054
4031,tt0452866
4032,tt0452860
4033,tt0370010
4034,tt3106878
4035,tt1009017
4036,tt0183504
4037,tt2720966
4038,tt0338013
4039,tt0168629
4040,tt0188427
4041,tt0298130
4042,tt0314228
4043,tt0248126
4044,tt0030657
4045,tt0044079
4046,tt1840309
4047,tt1594970
4048,tt2260254
4049,tt1112639
4050,tt1873575
4051,tt0041642
4052,tt4610876
4053,tt0037157
4054,tt5159352
4055,tt1617200
4056,tt5152652
4057,tt0284094
4058,tt0040513
4059,tt5742484
4060,tt4674916
4061,tt1722612
4062,tt5334470
4063,tt0121309
4064,tt0038593
4065,tt0356542
4066,tt0262614
4067,tt0484095
4068,tt0159456
4069,tt3185650
4070,tt0073433
4071,tt0167193
4072,tt4795772
4073,tt0167190
4074,tt0087483
4075,tt1366917
4076,tt2116976
4077,tt2076916
4078,tt2116974
4079,tt1018764
4080,tt0104608
4081,tt0104604
4082,tt0057372
4083,tt0043098
4084,tt1803745
4085,tt3817950
4086,tt2316861
4087,tt3030786
4088,tt2071491
4089,tt1305678
4090,tt0062069
4091,tt0172495
4092,tt0791473
4093,tt0049648
4094,tt0098965
4095,tt4067378
4096,tt0093072
4097,tt3974386
4098,tt0450329
4099,tt0043274
4100,tt0450323
4101,tt1212428
4102,tt0038279
4103,tt0056172
4104,tt0081435
4105,tt3498658
4106,tt0421262
4107,tt1186367
4108,tt1528810
4109,tt4563072
4110,tt3961690
4111,tt0025066
4112,tt0317569
4113,tt0312043
4114,tt0110413
4115,tt0081775
4116,tt3526286
4117,tt0038095
4118,tt0072918
4119,tt0120689
4120,tt0326663
4121,tt1462576
4122,tt0820059
4123,tt0045936
4124,tt0257457
4125,tt0257451
4126,tt2656424
4127,tt3140724
4128,tt5934420
4129,tt0046004
4130,tt0046000
4131,tt0403703
4132,tt0367608
4133,tt2363219
4134,tt1863171
4135,tt0035119
4136,tt0243585
4137,tt2991532
4138,tt1091191
4139,tt0463664
4140,tt0032467
4141,tt0032465
4142,tt0185184
4143,tt0365609
4144,tt4429596
4145,tt3521084
4146,tt0139157
4147,tt4529128
4148,tt0135426
4149,tt3198282
4150,tt1585572
4151,tt2300783
4152,tt2917646
4153,tt0195360
4154,tt0040278
4155,tt2298592
4156,tt4261326
4157,tt4757164
4158,tt3829278
4159,tt0055233
4160,tt0034746
4161,tt0041584
4162,tt0097351
4163,tt0462538
4164,tt0829150
4165,tt2312718
4166,tt3347944
4167,tt5260948
4168,tt0329474
4169,tt4025150
4170,tt0120484
4171,tt0116040
4172,tt4238982
4173,tt0041361
4174,tt0037366
4175,tt2800448
4176,tt0447604
4177,tt0027201
4178,tt0035648
4179,tt0066963
4180,tt0259288
4181,tt3209858
4182,tt0338751
4183,tt1267433
4184,tt1320291
4185,tt5532888
4186,tt0845535
4187,tt0026487
4188,tt0162222
4189,tt1155076
4190,tt3381008
4191,tt0098571
4192,tt0035241
4193,tt0104815
4194,tt0026855
4195,tt2376660
4196,tt0048729
4197,tt3140454
4198,tt3120314
4199,tt1615843
4200,tt5360936
4201,tt0034189
4202,tt0329794
4203,tt1438173
4204,tt2472754
4205,tt4554408
4206,tt0295919
4207,tt2331566
4208,tt0349683
4209,tt3477554
4210,tt0873886
4211,tt0127940
4212,tt3506970
4213,tt0029287
4214,tt1228707
4215,tt4953348
4216,tt1228705
4217,tt0307607
4218,tt0034982
4219,tt0307605
4220,tt5677720
4221,tt0031001
4222,tt5176560
4223,tt0054817
4224,tt0376784
4225,tt0067770
4226,tt0371257
4227,tt0053640
4228,tt0120179
4229,tt2248661
4230,tt0035850
4231,tt2199711
4232,tt0158719
4233,tt0123915
4234,tt0032677
4235,tt0936504
4236,tt0350258
4237,tt0032670
4238,tt0365830
4239,tt1263679
4240,tt0107392
4241,tt0210945
4242,tt2991272
4243,tt0455142
4244,tt0005945
4245,tt0013086
4246,tt0285479
4247,tt0203716
4248,tt2903902
4249,tt0143187
4250,tt0360717
4251,tt2723334
4252,tt0370785
4253,tt0183523
4254,tt0068685
4255,tt2710534
4256,tt0381286
4257,tt0381281
4258,tt0155753
4259,tt4654864
4260,tt1826687
4261,tt2349142
4262,tt1307926
4263,tt0009544
4264,tt0874319
4265,tt2301041
4266,tt5890998
4267,tt0346747
4268,tt0280560
4269,tt1815691
4270,tt5973370
4271,tt2470102
4272,tt0036775
4273,tt4949162
4274,tt0041113
4275,tt1602103
4276,tt2997728
4277,tt2379727
4278,tt0482571
4279,tt1541806
4280,tt1183716
4281,tt2282829
4282,tt1182937
4283,tt0396269
4284,tt1542344
4285,tt2950510
4286,tt4691436
4287,tt0060482
4288,tt0372784
4289,tt3216288
4290,tt0122324
4291,tt0185244
4292,tt3621920
4293,tt0162035
4294,tt0267664
4295,tt0033727
4296,tt0030208
4297,tt0830833
4298,tt0093896
4299,tt0043072
4300,tt3478978
4301,tt2316801
4302,tt1298605
4303,tt0351283
4304,tt1224376
4305,tt5498536
4306,tt1308183
4307,tt1784670
4308,tt0119456
4309,tt0027948
4310,tt0240034
4311,tt2173768
4312,tt0049115
4313,tt0359398
4314,tt0118589
4315,tt0363727
4316,tt0118583
4317,tt5341670
4318,tt2247101
4319,tt0481797
4320,tt0058104
4321,tt0029633
4322,tt0097576
4323,tt0097570
4324,tt0231802
4325,tt1161431
4326,tt0231807
4327,tt3971732
4328,tt0808240
4329,tt2962362
4330,tt0069303
4331,tt0221073
4332,tt0076162
4333,tt0076166
4334,tt4007016
4335,tt0285868
4336,tt0068307
4337,tt1452902
4338,tt0068301
4339,tt2847534
4340,tt0256529
4341,tt0256524
4342,tt0077416
4343,tt0098320
4344,tt0077145
4345,tt5255874
4346,tt0367594
4347,tt0048672
4348,tt2122340
4349,tt0834932
4350,tt0289760
4351,tt2235515
4352,tt3574434
4353,tt0246683
4354,tt0046795
4355,tt1235827
4356,tt0046793
4357,tt5572872
4358,tt2140405
4359,tt0341368
4360,tt0367628
4361,tt0084078
4362,tt3836666
4363,tt3742300
4364,tt0039690
4365,tt3649566
4366,tt0216067
4367,tt0048996
4368,tt0036161
4369,tt0203816
4370,tt0454481
4371,tt0454485
4372,tt0120001
4373,tt0092916
4374,tt0095631
4375,tt0087910
4376,tt1670345
4377,tt2363519
4378,tt4562728
4379,tt5891194
4380,tt0065143
4381,tt4599524
4382,tt0327153
4383,tt0469641
4384,tt0145893
4385,tt0145891
4386,tt0324173
4387,tt0161119
4388,tt0103759
4389,tt3906192
4390,tt0295379
4391,tt2145597
4392,tt2908444
4393,tt0374497
4394,tt5856530
4395,tt0054703
4396,tt4976086
4397,tt2358592
4398,tt0100486
4399,tt1606169
4400,tt1606168
4401,tt0059508
4402,tt1786395
4403,tt0037697
4404,tt0086539
4405,tt1206541
4406,tt1206543
4407,tt6066170
4408,tt0212812
4409,tt0437814
4410,tt0091065
4411,tt0091794
4412,tt3267466
4413,tt0036342
4414,tt2410798
4415,tt0237693
4416,tt0036344
4417,tt0393109
4418,tt0037438
4419,tt0115563
4420,tt1753941
4421,tt0119846
4422,tt1783415
4423,tt0037340
4424,tt2042607
4425,tt5520614
4426,tt4529506
4427,tt0026711
4428,tt2084847
4429,tt0079771
4430,tt0124164
4431,tt0079777
4432,tt0070642
4433,tt1253837
4434,tt0222262
4435,tt0027006
4436,tt3120962
4437,tt0054969
4438,tt4500196
4439,tt3682448
4440,tt0064952
4441,tt0051081
4442,tt0810398
4443,tt3465488
4444,tt0343857
4445,tt3322156
4446,tt1392170
4447,tt0098513
4448,tt0359725
4449,tt0068435
4450,tt0356910
4451,tt0030374
4452,tt0109621
4453,tt0481545
4454,tt4481340
4455,tt0244216
4456,tt5569618
4457,tt0798798
4458,tt0083871
4459,tt0318974
4460,tt1117593
4461,tt2903560
4462,tt3215636
4463,tt3402880
4464,tt0163401
4465,tt0145777
4466,tt1311087
4467,tt2343373
4468,tt1276104
4469,tt1099212
4470,tt1843335
4471,tt1205543
4472,tt0042629
4473,tt0240772
4474,tt0045070
4475,tt2199733
4476,tt0035875
4477,tt2234052
4478,tt6038600
4479,tt4022608
4480,tt0216909
4481,tt0149233
4482,tt0114746
4483,tt0114743
4484,tt0038753
4485,tt0442289
4486,tt0475276
4487,tt4356092
4488,tt0080025
4489,tt2629110
4490,tt1540848
4491,tt0415306
4492,tt0470979
4493,tt0442757
4494,tt0478970
4495,tt3995806
4496,tt0077351
4497,tt1540847
4498,tt2393941
4499,tt0107798
4500,tt0018253
4501,tt1568921
4502,tt0099487
4503,tt2344678
4504,tt0186045
4505,tt2732392
4506,tt0312534
4507,tt0079182
4508,tt2549996
4509,tt0016052
4510,tt0369892
4511,tt0050639
4512,tt0242446
4513,tt1646208
4514,tt3145768
4515,tt0201413
4516,tt2861556
4517,tt0273709
4518,tt1274272
4519,tt2917290
4520,tt4937514
4521,tt0445934
4522,tt4292478
4523,tt1946347
4524,tt0113026
4525,tt0202464
4526,tt0181765
4527,tt2197776
4528,tt3868478
4529,tt0167404
4530,tt0308353
4531,tt0024966
4532,tt1442567
4533,tt2606788
4534,tt0110687
4535,tt0130864
4536,tt0019077
4537,tt5481984
4538,tt0239948
4539,tt0407887
4540,tt1234765
4541,tt1833084
4542,tt1714209
4543,tt0288244
4544,tt0397562
4545,tt0478813
4546,tt1772341
4547,tt1921064
4548,tt0093300
4549,tt6093868
4550,tt0212594
4551,tt4726166
4552,tt0047026
4553,tt0047796
4554,tt0232858
4555,tt0456635
4556,tt0094828
4557,tt4347932
4558,tt0314488
4559,tt0049682
4560,tt0363705
4561,tt5230412
4562,tt0387564
4563,tt0088772
4564,tt0429591
4565,tt0029870
4566,tt2713642
4567,tt0332724
4568,tt2294629
4569,tt0400797
4570,tt0391536
4571,tt2494362
4572,tt0056138
4573,tt1323594
4574,tt0059938
4575,tt1704161
4576,tt0979965
4577,tt0285845
4578,tt1077248
4579,tt1807028
4580,tt0077168
4581,tt2392383
4582,tt3280730
4583,tt0192796
4584,tt2209378
4585,tt0400426
4586,tt5044244
4587,tt0046268
4588,tt2023786
4589,tt3877296
4590,tt0335094
4591,tt0064373
4592,tt0109450
4593,tt0109454
4594,tt0052234
4595,tt0813988
4596,tt0350357
4597,tt2709768
4598,tt0092890
4599,tt4308718
4600,tt1756835
4601,tt0084016
4602,tt0087771
4603,tt0039101
4604,tt1931544
4605,tt0186725
4606,tt1528854
4607,tt2401769
4608,tt0148333
4609,tt0087283
4610,tt0028298
4611,tt0016575
4612,tt0155914
4613,tt0135465
4614,tt0160847
4615,tt0100935
4616,tt4563294
4617,tt0061671
4618,tt2726796
4619,tt0107054
4620,tt3659528
4621,tt4432480
4622,tt0838269
4623,tt0346514
4624,tt5569310
4625,tt0322539
4626,tt0032138
4627,tt0242856
4628,tt0059525
4629,tt1629737
4630,tt0249351
4631,tt3202828
4632,tt0060074
4633,tt0012975
4634,tt1537862
4635,tt0492749
4636,tt3413242
4637,tt0068723
4638,tt2100624
4639,tt0013925
4640,tt2720826
4641,tt2280132
4642,tt0119824
4643,tt0037419
4644,tt5592240
4645,tt0892769
4646,tt2532806
4647,tt4950038
4648,tt0368038
4649,tt0066921
4650,tt0058384
4651,tt0159628
4652,tt0312700
4653,tt0081433
4654,tt2758408
4655,tt0071573
4656,tt0060694
4657,tt4968808
4658,tt4759902
4659,tt4531868
4660,tt1851909
4661,tt0041328
4662,tt0273045
4663,tt0041896
4664,tt0278761
4665,tt0041890
4666,tt0056585
4667,tt1053946
4668,tt0275194
4669,tt0122286
4670,tt0026198
4671,tt0122288
4672,tt1845229
4673,tt0419025
4674,tt0218384
4675,tt0047498
4676,tt0477348
4677,tt0397976
4678,tt0197675
4679,tt0369610
4680,tt0316882
4681,tt0156534
4682,tt0026997
4683,tt0073629
4684,tt2537608
4685,tt0313547
4686,tt2308899
4687,tt0378848
4688,tt0219651
4689,tt0244452
4690,tt0265646
4691,tt0317932
4692,tt1643224
4693,tt0069446
4694,tt0071994
4695,tt1298650
4696,tt4599220
4697,tt2515456
4698,tt2515450
4699,tt1527705
4700,tt1649349
4701,tt2262175
4702,tt1133995
4703,tt1692231
4704,tt1663202
4705,tt0969653
4706,tt0969650
4707,tt0811138
4708,tt0336262
4709,tt1668200
4710,tt0211653
4711,tt1700494
4712,tt5042486
4713,tt0770828
4714,tt2408134
4715,tt0043556
4716,tt0043550
4717,tt0216926
4718,tt0468538
4719,tt0029463
4720,tt0188832
4721,tt0120903
4722,tt0120902
4723,tt2233951
4724,tt0038991
4725,tt0034497
4726,tt0120906
4727,tt0147843
4728,tt0081398
4729,tt4704862
4730,tt3149286
4731,tt1381263
4732,tt0424263
4733,tt2532022
4734,tt1263800
4735,tt1910522
4736,tt3965812
4737,tt0053351
4738,tt3253120
4739,tt0077623
4740,tt1966344
4741,tt2518370
4742,tt2667550
4743,tt0054377
4744,tt3572448
4745,tt0449059
4746,tt0042208
4747,tt0042200
4748,tt0496306
4749,tt0102138
4750,tt0129148
4751,tt0095774
4752,tt6169798
4753,tt4224482
4754,tt0006726
4755,tt3557978
4756,tt0033945
4757,tt0276265
4758,tt2948426
4759,tt1345836
4760,tt0144084
4761,tt0304141
4762,tt1877832
4763,tt0079969
4764,tt0756703
4765,tt0482531
4766,tt4947084
4767,tt1504320
4768,tt0299108
4769,tt0070563
4770,tt0070562
4771,tt1378274
4772,tt5567136
4773,tt5011604
4774,tt0130884
4775,tt0443510
4776,tt1034303
4777,tt0417875
4778,tt0101890
4779,tt0157472
4780,tt0169151
4781,tt0060196
4782,tt0166886
4783,tt3814486
4784,tt0065969
4785,tt3626368
4786,tt0199150
4787,tt0193173
4788,tt0283071
4789,tt0362989
4790,tt0119149
4791,tt0252487
4792,tt0252489
4793,tt2176037
4794,tt0040207
4795,tt4201394
4796,tt0401792
4797,tt2236020
4798,tt0031729
4799,tt0218246
4800,tt0273980
4801,tt0498465
4802,tt6121998
4803,tt0137085
4804,tt0119493
4805,tt0119360
4806,tt1422916
4807,tt0970955
4808,tt4020438
4809,tt0270959
4810,tt1980287
4811,tt0386140
4812,tt0421715
4813,tt2119552
4814,tt1045670
4815,tt0026055
4816,tt0261451
4817,tt0029672
4818,tt0127061
4819,tt0007539
4820,tt5196516
4821,tt0038565
4822,tt1546014
4823,tt0391516
4824,tt1229795
4825,tt1519469
4826,tt0030233
4827,tt0030234
4828,tt2898484
4829,tt0063759
4830,tt0057869
4831,tt0042788
4832,tt3593118
4833,tt1130884
4834,tt0494828
4835,tt3341832
4836,tt3028018
4837,tt0475937
4838,tt0105793
4839,tt0047268
4840,tt0274765
4841,tt0473567
4842,tt0114461
4843,tt0337926
4844,tt5934448
4845,tt0028108
4846,tt0425413
4847,tt0295721
4848,tt4136108
4849,tt0175157
4850,tt0395455
4851,tt0057246
4852,tt0186257
4853,tt0061479
4854,tt0019730
4855,tt0120738
4856,tt1572781
4857,tt0120737
4858,tt0120735
4859,tt2739854
4860,tt0411854
4861,tt0257210
4862,tt0202672
4863,tt0039386
4864,tt0039387
4865,tt5547116
4866,tt3460252
4867,tt6010936
4868,tt4269746
4869,tt0077644
4870,tt0103064
4871,tt0475627
4872,tt0045515
4873,tt0258463
4874,tt0402014
4875,tt0358960
4876,tt0089561
4877,tt0431109
4878,tt0032404
4879,tt0033576
4880,tt0097334
4881,tt0829134
4882,tt0245619
4883,tt0105417
4884,tt1854506
4885,tt0142008
4886,tt0210670
4887,tt1107334
4888,tt4168188
4889,tt0276923
4890,tt1102212
4891,tt0276929
4892,tt5199290
4893,tt0290808
4894,tt6045540
4895,tt1521232
4896,tt0113783
4897,tt0325591
4898,tt3405932
4899,tt2069020
4900,tt0409182
4901,tt0044171
4902,tt4587588
4903,tt0259225
4904,tt1279236
4905,tt0259220
4906,tt2235110
4907,tt0408324
4908,tt0308786
4909,tt4109034
4910,tt0233292
4911,tt0983193
4912,tt3826854
4913,tt2904650
4914,tt0292093
4915,tt0409459
4916,tt3726206
4917,tt2371325
4918,tt0119807
4919,tt0267833
4920,tt2249157
4921,tt0217979
4922,tt0298203
4923,tt0126296
4924,tt1374963
4925,tt0481053
4926,tt0071559
4927,tt0362843
4928,tt0115783
4929,tt4835472
4930,tt5347160
4931,tt3557492
4932,tt0057470
4933,tt2734602
4934,tt0441876
4935,tt2113795
4936,tt0091993
4937,tt0067421
4938,tt0025969
4939,tt1637691
4940,tt0059104
4941,tt3104336
4942,tt1398426
4943,tt1360833
4944,tt3421738
4945,tt0135831
4946,tt0135834
4947,tt0810823
4948,tt0810827
4949,tt0062365
4950,tt1586752
4951,tt1773063
4952,tt4304426
4953,tt1984113
4954,tt3365690
4955,tt0088038
4956,tt0083710
4957,tt0035299
4958,tt5537458
4959,tt0250745
4960,tt0029449
4961,tt0093158
4962,tt5122240
4963,tt0274716
4964,tt0042994
4965,tt1905076
4966,tt0458867
4967,tt0114072
4968,tt0284811
4969,tt0221205
4970,tt0196216
4971,tt4431392
4972,tt4017682
4973,tt0391726
4974,tt1656648
4975,tt1153101
4976,tt0042192
4977,tt2062622
4978,tt0009305
4979,tt0135165
4980,tt0135164
4981,tt0346491
4982,tt5216674
4983,tt5336366
4984,tt0042229
4985,tt1879078
4986,tt0330036
4987,tt3704854
4988,tt3087882
4989,tt5795382
4990,tt0116695
4991,tt2368717
4992,tt1636780
4993,tt3280176
4994,tt0443685
4995,tt0443680
4996,tt0353261
4997,tt0385307
4998,tt0371947
4999,tt1194654
5000,tt0053880
5001,tt4973826
5002,tt1359425
5003,tt0374536
5004,tt0188203
5005,tt2245137
5006,tt0024251
5007,tt0308644
5008,tt0427229
5009,tt0239234
5010,tt1368068
5011,tt5642184
5012,tt1045658
5013,tt4839424
5014,tt1991052
5015,tt0347458
5016,tt1487119
5017,tt3882440
5018,tt0033749
5019,tt1567609
5020,tt0410325
5021,tt4432144
5022,tt2723828
5023,tt0093342
5024,tt0049313
5025,tt4422164
5026,tt0383222
5027,tt0381849
5028,tt0492956
5029,tt2231208
5030,tt0398286
5031,tt1310362
5032,tt2109131
5033,tt1984274
5034,tt1319100
5035,tt0054821
5036,tt1984279
5037,tt0338108
5038,tt2119532
5039,tt1646971
5040,tt3901814
5041,tt1591479
5042,tt0376648
5043,tt0480242
5044,tt0056462
5045,tt1847738
5046,tt2398642
5047,tt0480249
5048,tt2837654
5049,tt0415137
5050,tt0030219
5051,tt0066109
5052,tt3113652
5053,tt0048045
5054,tt0063991
5055,tt0043014
5056,tt5812210
5057,tt2179678
5058,tt3419880
5059,tt0046883
5060,tt5497824
5061,tt0961077
5062,tt4354160
5063,tt0804905
5064,tt0048261
5065,tt0048260
5066,tt1226229
5067,tt0334901
5068,tt0149646
5069,tt0038817
5070,tt2709726
5071,tt0074756
5072,tt4499228
5073,tt0039145
5074,tt4665626
5075,tt5431016
5076,tt0061456
5077,tt0151186
5078,tt0151189
5079,tt1690953
5080,tt0416449
5081,tt0120710
5082,tt0221418
5083,tt0077782
5084,tt0165982
5085,tt0231391
5086,tt0231462
5087,tt0307456
5088,tt1601943
5089,tt0045752
5090,tt4319980
5091,tt0118843
5092,tt0195267
5093,tt0065126
5094,tt0065125
5095,tt0047937
5096,tt0061633
5097,tt1711364
5098,tt0078159
5099,tt1707391
5100,tt1490017
5101,tt0249131
5102,tt1422730
5103,tt0914798
5104,tt0086847
5105,tt0039008
5106,tt0074781
5107,tt0454921
5108,tt1067774
5109,tt0091225
5110,tt0186988
5111,tt0007646
5112,tt0242814
5113,tt1244588
5114,tt0110763
5115,tt0114996
5116,tt1827527
5117,tt0039852
5118,tt0326756
5119,tt0039851
5120,tt6023790
5121,tt0358070
5122,tt1339433
5123,tt0075783
5124,tt0130436
5125,tt0418229
5126,tt1885250
5127,tt0248667
5128,tt1345449
5129,tt0280200
5130,tt2007447
5131,tt0096194
5132,tt3722726
5133,tt0055813
5134,tt0041502
5135,tt0092757
5136,tt0092755
5137,tt0041508
5138,tt0040904
5139,tt0879255
5140,tt0040679
5141,tt0050440
5142,tt0104549
5143,tt0058699
5144,tt6067432
5145,tt0087075
5146,tt0092281
5147,tt0426615
5148,tt0037454
5149,tt0366658
5150,tt0037456
5151,tt0800369
5152,tt0233289
5153,tt0262080
5154,tt0112454
5155,tt1281112
5156,tt0028141
5157,tt0177185
5158,tt4515070
5159,tt1886504
5160,tt1569380
5161,tt0257756
5162,tt0126010
5163,tt0064861
5164,tt0259974
5165,tt2182390
5166,tt2385169
5167,tt0792992
5168,tt0410466
5169,tt0169979
5170,tt0154631
5171,tt0093629
5172,tt4077956
5173,tt1848917
5174,tt0049057
5175,tt0247145
5176,tt3076658
5177,tt0860906
5178,tt5928448
5179,tt0105054
5180,tt0284490
5181,tt0218967
5182,tt5280090
5183,tt0061842
5184,tt3385704
5185,tt0960066
5186,tt3889312
5187,tt0081027
5188,tt0034107
5189,tt0452130
5190,tt0460989
5191,tt0144280
5192,tt0450405
5193,tt1532395
5194,tt0123995
5195,tt2014295
5196,tt1515091
5197,tt0945513
5198,tt0072835
5199,tt3248600
5200,tt4980576
5201,tt0038731
5202,tt0038733
5203,tt0837562
5204,tt0012350
5205,tt1864227
5206,tt0156995
5207,tt0018054
5208,tt3804792
5209,tt0013556
5210,tt0156999
5211,tt2452452
5212,tt0036880
5213,tt0036882
5214,tt0145487
5215,tt0046411
5216,tt4645414
5217,tt0084171
5218,tt0077668
5219,tt0357523
5220,tt0080888
5221,tt0016184
5222,tt0780504
5223,tt0036088
5224,tt2364675
5225,tt0237534
5226,tt1023481
5227,tt0365748
5228,tt0095738
5229,tt0120363
5230,tt0316339
5231,tt1116812
5232,tt2181778
5233,tt0239667
5234,tt3533338
5235,tt0107977
5236,tt0207300
5237,tt1152836
5238,tt0039463
5239,tt0200516
5240,tt1674771
5241,tt1911658
5242,tt1764569
5243,tt2058100
5244,tt0170351
5245,tt0040506
5246,tt2517390
5247,tt0374089
5248,tt1316037
5249,tt0010059
5250,tt0199777
5251,tt1861340
5252,tt0101325
5253,tt4384804
5254,tt0176058
5255,tt0311024
5256,tt2652118
5257,tt0117330
5258,tt0065439
5259,tt0060408
5260,tt0826751
5261,tt0091149
5262,tt0209079
5263,tt0343737
5264,tt0003311
5265,tt0037883
5266,tt0037021
5267,tt1946275
5268,tt0795421
5269,tt1980135
5270,tt0142632
5271,tt1883367
5272,tt1524164
5273,tt0116367
5274,tt1216475
5275,tt0488836
5276,tt4678788
5277,tt0086623
5278,tt0133011
5279,tt0054800
5280,tt2353870
5281,tt0498380
5282,tt1270115
5283,tt0067385
5284,tt4899880
5285,tt0317676
5286,tt0035486
5287,tt0098453
5288,tt0056403
5289,tt1337192
5290,tt0399201
5291,tt0109254
5292,tt0387050
5293,tt2882328
5294,tt0047041
5295,tt2237888
5296,tt0011549
5297,tt0253395
5298,tt0044822
5299,tt4936428
5300,tt0815178
5301,tt0424855
5302,tt0043924
5303,tt4730580
5304,tt4489272
5305,tt0087538
5306,tt1167839
5307,tt0392353
5308,tt0034371
5309,tt0120888
5310,tt0120889
5311,tt2767352
5312,tt0377935
5313,tt2401789
5314,tt3102146
5315,tt2246945
5316,tt0884328
5317,tt0311594
5318,tt0311597
5319,tt2011032
5320,tt0061380
5321,tt2640460
5322,tt2865568
5323,tt0045555
5324,tt0243650
5325,tt0005808
5326,tt0068293
5327,tt1454111
5328,tt0068292
5329,tt0007669
5330,tt0094631
5331,tt1027022
5332,tt0268042
5333,tt5460068
5334,tt0423866
5335,tt3304480
5336,tt1249311
5337,tt0953989
5338,tt1682956
5339,tt0041426
5340,tt0020034
5341,tt0020030
5342,tt0223825
5343,tt1909726
5344,tt0058322
5345,tt1148169
5346,tt2313245
5347,tt0044603
5348,tt2495980
5349,tt3589408
5350,tt0087332
5351,tt3561068
5352,tt4024944
5353,tt5859400
5354,tt2254620
5355,tt0030044
5356,tt0090605
5357,tt0014346
5358,tt0178293
5359,tt0205000
5360,tt0092558
5361,tt0353545
5362,tt3754580
5363,tt1172570
5364,tt0428248
5365,tt0299977
5366,tt0122227
5367,tt3185040
5368,tt0427415
5369,tt0338806
5370,tt0351946
5371,tt0190641
5372,tt0989831
5373,tt0249516
5374,tt0459293
5375,tt0033467
5376,tt1872215
5377,tt0027087
5378,tt5106390
5379,tt0047388
5380,tt0105695
5381,tt0155195
5382,tt0105690
5383,tt0041928
5384,tt3005700
5385,tt0051378
5386,tt0067464
5387,tt0067467
5388,tt0169221
5389,tt0210234
5390,tt2409642
5391,tt4820162
5392,tt1478282
5393,tt0214915
5394,tt0358106
5395,tt0218412
5396,tt0097659
5397,tt0277434
5398,tt0332047
5399,tt1314182
5400,tt4670016
5401,tt3867974
5402,tt2292326
5403,tt0034163
5404,tt0070832
5405,tt0265075
5406,tt0159507
5407,tt0392835
5408,tt0046389
5409,tt0317445
5410,tt0026475
5411,tt0072761
5412,tt0069179
5413,tt0947798
5414,tt0416326
5415,tt4721502
5416,tt3951368
5417,tt0848310
5418,tt6102254
5419,tt0095475
5420,tt0095471
5421,tt0497900
5422,tt1300851
5423,tt0096928
5424,tt0780521
5425,tt5265738
5426,tt3198652
5427,tt0099155
5428,tt2529956
5429,tt1826623
5430,tt1826627
5431,tt0129128
5432,tt1282140
5433,tt1249307
5434,tt0311473
5435,tt1537726
5436,tt0035781
5437,tt0078504
5438,tt0017071
5439,tt0131335
5440,tt0155858
5441,tt0079907
5442,tt0024475
5443,tt0443649
5444,tt0032259
5445,tt0021533
5446,tt0045129
5447,tt1839454
5448,tt0229792
5449,tt1633171
5450,tt0193863
5451,tt5707720
5452,tt0044837
5453,tt0308606
5454,tt0180093
5455,tt0373856
5456,tt2215274
5457,tt2431478
5458,tt0055998
5459,tt0033252
5460,tt3674334
5461,tt3104656
5462,tt5496754
5463,tt0116165
5464,tt0238895
5465,tt1158700
5466,tt0037558
5467,tt0037008
5468,tt0059797
5469,tt0037003
5470,tt0037001
5471,tt0041719
5472,tt3410834
5473,tt3104644
5474,tt1854358
5475,tt0083033
5476,tt0093217
5477,tt2040526
5478,tt4357610
5479,tt3652744
5480,tt0217039
5481,tt1568346
5482,tt0338490
5483,tt0368400
5484,tt0049922
5485,tt0361467
5486,tt0333145
5487,tt0020773
5488,tt1198059
5489,tt0119385
5490,tt0372183
5491,tt0362169
5492,tt0050768
5493,tt0133072
5494,tt2542406
5495,tt1306980
5496,tt0005562
5497,tt0050764
5498,tt0377443
5499,tt0076276
5500,tt0168900
5501,tt0287291
5502,tt1893256
5503,tt0419984
5504,tt0765429
5505,tt1801071
5506,tt0172109
5507,tt2403889
5508,tt0758742
5509,tt5425264
5510,tt1560776
5511,tt4593196
5512,tt0208092
5513,tt0089207
5514,tt2335908
5515,tt0057591
5516,tt3342322
5517,tt0073747
5518,tt0082782
5519,tt2362354
5520,tt0162677
5521,tt0936501
5522,tt0034319
5523,tt1242539
5524,tt0323312
5525,tt0039677
5526,tt0075029
5527,tt2063013
5528,tt2495098
5529,tt0031121
5530,tt2094195
5531,tt4469396
5532,tt5170168
5533,tt0042894
5534,tt3769038
5535,tt5693020
5536,tt0016066
5537,tt0988045
5538,tt0466816
5539,tt1236467
5540,tt4008296
5541,tt0229092
5542,tt0785077
5543,tt0114150
5544,tt0103067
5545,tt0038854
5546,tt1064932
5547,tt2630876
5548,tt0035048
5549,tt2234554
5550,tt5508936
5551,tt1050739
5552,tt4261942
5553,tt2432908
5554,tt0088334
5555,tt5037294
5556,tt2087682
5557,tt0274542
5558,tt0375878
5559,tt2047670
5560,tt3026124
5561,tt0184894
5562,tt1822239
5563,tt0300140
5564,tt0379374
5565,tt0052859
5566,tt0120461
5567,tt0044445
5568,tt0018579
5569,tt3830222
5570,tt0024042
5571,tt1244093
5572,tt0064612
5573,tt2073613
5574,tt0423083
5575,tt0020018
5576,tt1608509
5577,tt0053108
5578,tt0458339
5579,tt0091598
5580,tt0050151
5581,tt1184950
5582,tt1810522
5583,tt0048820
5584,tt0070194
5585,tt5734530
5586,tt1935902
5587,tt0341125
5588,tt0339840
5589,tt0097449
5590,tt0462249
5591,tt0037638
5592,tt0441164
5593,tt0090625
5594,tt0090627
5595,tt0867145
5596,tt2749282
5597,tt3651028
5598,tt0096487
5599,tt1260680
5600,tt2380035
5601,tt4653950
5602,tt0027532
5603,tt0317705
5604,tt0299775
5605,tt0314360
5606,tt0303945
5607,tt1560987
5608,tt0185855
5609,tt0893411
5610,tt0075968
5611,tt2750746
5612,tt0152438
5613,tt0097289
5614,tt4221854
5615,tt5214110
5616,tt0056207
5617,tt0040636
5618,tt0063834
5619,tt1615086
5620,tt0287467
5621,tt0293789
5622,tt0398304
5623,tt0456591
5624,tt0097757
5625,tt3813448
5626,tt0452681
5627,tt0049015
5628,tt2119492
5629,tt3151604
5630,tt0025499
5631,tt0025493
5632,tt4263224
5633,tt1659234
5634,tt2570750
5635,tt0038110
5636,tt0015951
5637,tt3758026
5638,tt0763304
5639,tt3905366
5640,tt5001880
5641,tt0036133
5642,tt0127366
5643,tt0061584
5644,tt0876563
5645,tt1637725
5646,tt0265018
5647,tt0046363
5648,tt0256406
5649,tt0056361
5650,tt0307541
5651,tt1783285
5652,tt0066758
5653,tt0359875
5654,tt1311062
5655,tt0058952
5656,tt4119054
5657,tt0064443
5658,tt0052623
5659,tt3178174
5660,tt1773370
5661,tt6039316
5662,tt3733932
5663,tt0040951
5664,tt0046108
5665,tt3808342
5666,tt0084132
5667,tt1613750
5668,tt0039243
5669,tt1431138
5670,tt1322911
5671,tt4187928
5672,tt5646314
5673,tt0114369
5674,tt4844130
5675,tt0320597
5676,tt0320598
5677,tt1986206
5678,tt0065782
5679,tt0454945
5680,tt0445620
5681,tt0190865
5682,tt3885442
5683,tt0307538
5684,tt0329508
5685,tt5661826
5686,tt0057012
5687,tt1220877
5688,tt3746266
5689,tt0078073
5690,tt0200550
5691,tt3020890
5692,tt0183072
5693,tt0017013
5694,tt1473357
5695,tt4955566
5696,tt0251182
5697,tt3247646
5698,tt0284387
5699,tt4269194
5700,tt4720252
5701,tt0295439
5702,tt0074356
5703,tt0031313
5704,tt4806232
5705,tt1699513
5706,tt0091369
5707,tt0413267
5708,tt1710543
5709,tt6082460
5710,tt0039931
5711,tt0195154
5712,tt1926214
5713,tt1874434
5714,tt0416966
5715,tt4949698
5716,tt0070299
5717,tt2883624
5718,tt1957849
5719,tt0036953
5720,tt0308443
5721,tt0066886
5722,tt3620452
5723,tt0027182
5724,tt2343585
5725,tt4511394
5726,tt0393024
5727,tt0081881
5728,tt0166008
5729,tt0280385
5730,tt0112393
5731,tt0020973
5732,tt0298148
5733,tt0138035
5734,tt0288405
5735,tt0405127
5736,tt0079030
5737,tt1293797
5738,tt0030395
5739,tt0056620
5740,tt0314134
5741,tt2342071
5742,tt0479925
5743,tt5678110
5744,tt1999166
5745,tt0248547
5746,tt1295026
5747,tt0399790
5748,tt0032904
5749,tt0259525
5750,tt2557258
5751,tt0401462
5752,tt0041733
5753,tt2181819
5754,tt2185846
5755,tt0758766
5756,tt0116852
5757,tt0473074
5758,tt2950996
5759,tt2101341
5760,tt0049730
5761,tt0385525
5762,tt4016942
5763,tt0270666
5764,tt3916860
5765,tt0057570
5766,tt0205750
5767,tt2338151
5768,tt0073726
5769,tt1621039
5770,tt1607600
5771,tt0190052
5772,tt0162650
5773,tt0062264
5774,tt2448852
5775,tt1719583
5776,tt4815862
5777,tt1156148
5778,tt0195714
5779,tt1726758
5780,tt2124779
5781,tt0119502
5782,tt1853728
5783,tt0042874
5784,tt0086190
5785,tt0062409
5786,tt0244316
5787,tt0067698
5788,tt0035935
5789,tt0790636
5790,tt0043476
5791,tt0088134
5792,tt0088137
5793,tt0083658
5794,tt0212338
5795,tt0183741
5796,tt2191853
5797,tt0376886
5798,tt0052296
5799,tt0029722
5800,tt4022252
5801,tt0059219
5802,tt5131924
5803,tt0038877
5804,tt0215326
5805,tt0081505
5806,tt0038650
5807,tt0117482
5808,tt3759416
5809,tt1543465
5810,tt1668099
5811,tt0085551
5812,tt0174757
5813,tt2016868
5814,tt0114287
5815,tt0145503
5816,tt1251761
5817,tt1709780
5818,tt0375679
5819,tt0142080
5820,tt0290334
5821,tt0290884
5822,tt2905772
5823,tt4273562
5824,tt1617123
5825,tt0064631
5826,tt2988068
5827,tt4591726
5828,tt3531862
5829,tt1112289
5830,tt0475331
5831,tt1816626
5832,tt0123066
5833,tt0054127
5834,tt3097622
5835,tt5752476
5836,tt0116282
5837,tt0100557
5838,tt0099348
5839,tt2535470
5840,tt2375253
5841,tt0087373
5842,tt0329372
5843,tt0397039
5844,tt5570992
5845,tt0207061
5846,tt0275742
5847,tt0275743
5848,tt0117734
5849,tt0275969
5850,tt0427637
5851,tt4819576
5852,tt0019131
5853,tt0103609
5854,tt0267701
5855,tt0366630
5856,tt0037963
5857,tt0050171
5858,tt0150500
5859,tt1718842
5860,tt4270866
5861,tt0361725
5862,tt1991193
5863,tt0405821
5864,tt0318683
5865,tt2447918
5866,tt0041699
5867,tt0060481
5868,tt1417299
5869,tt0176875
5870,tt0179787
5871,tt1395699
5872,tt0102821
5873,tt0473443
5874,tt0047342
5875,tt0278435
5876,tt0119261
5877,tt1552062
5878,tt0097770
5879,tt0062673
5880,tt0204715
5881,tt0808405
5882,tt0108358
5883,tt2112902
5884,tt0184614
5885,tt0476541
5886,tt0156044
5887,tt0159068
5888,tt2220686
5889,tt1576703
5890,tt2106361
5891,tt4523112
5892,tt2844434
5893,tt0872335
5894,tt0063679
5895,tt0026392
5896,tt0063859
5897,tt1714743
5898,tt0122088
5899,tt1276949
5900,tt0105654
5901,tt0317489
5902,tt0219581
5903,tt0256465
5904,tt0286751
5905,tt0270292
5906,tt3712588
5907,tt3479564
5908,tt3743146
5909,tt0090201
5910,tt1170411
5911,tt1340108
5912,tt1934331
5913,tt4097826
5914,tt1179904
5915,tt1340107
5916,tt0105032
5917,tt0048613
5918,tt1967545
5919,tt0813551
5920,tt0470752
5921,tt0046126
5922,tt0326983
5923,tt2712658
5924,tt0961754
5925,tt0349198
5926,tt0367763
5927,tt2555422
5928,tt5961452
5929,tt0039224
5930,tt0780568
5931,tt4208304
5932,tt0327056
5933,tt0035217
5934,tt4145350
5935,tt0327582
5936,tt1087445
5937,tt0082841
5938,tt0264616
5939,tt5311546
5940,tt0120657
5941,tt0023195
5942,tt0311439
5943,tt0006780
5944,tt0441773
5945,tt0316356
5946,tt2281107
5947,tt5343960
5948,tt0229421
5949,tt0073091
5950,tt2578608
5951,tt0187738
5952,tt1361599
5953,tt2793490
5954,tt3701060
5955,tt0325980
5956,tt2773536
5957,tt3271854
5958,tt2234457
5959,tt4265568
5960,tt0091341
5961,tt2662500
5962,tt0242953
5963,tt0099110
5964,tt0486321
5965,tt0037771
5966,tt0207495
5967,tt1065308
5968,tt0206013
5969,tt0203009
5970,tt0036790
5971,tt0074400
5972,tt3854690
5973,tt3349644
5974,tt0113649
5975,tt0321337
5976,tt0302935
5977,tt2033956
5978,tt3874756
5979,tt0074953
5980,tt4657280
5981,tt1250777
5982,tt1321403
5983,tt0246927
5984,tt0020736
5985,tt0092693
5986,tt4796190
5987,tt4468650
5988,tt1603893
5989,tt0027706
5990,tt3062890
5991,tt1651118
5992,tt0060798
5993,tt2589028
5994,tt0076946
5995,tt0063443
5996,tt3412784
5997,tt2275946
5998,tt0493287
5999,tt0248088
6000,tt1479309
6001,tt0118617
6002,tt0399510
6003,tt0433035
6004,tt0112513
6005,tt0109765
6006,tt0241326
6007,tt2924352
6008,tt0456144
6009,tt5312322
6010,tt0125956
6011,tt0023427
6012,tt0335051
6013,tt4944622
6014,tt0349763
6015,tt0073705
6016,tt2582572
6017,tt3878146
6018,tt0119698
6019,tt0451696
6020,tt1068680
6021,tt0062790
6022,tt0762114
6023,tt2187209
6024,tt3397838
6025,tt0065219
6026,tt2205589
6027,tt0057733
6028,tt1295913
6029,tt1853701
6030,tt1014759
6031,tt0031166
6032,tt3283802
6033,tt1291584
6034,tt3259324
6035,tt0019798
6036,tt0354144
6037,tt0389833
6038,tt0244666
6039,tt3703110
6040,tt0034533
6041,tt0046808
6042,tt0049804
6043,tt0043455
6044,tt2404437
6045,tt2383068
6046,tt0029701
6047,tt0059237
6048,tt0085453
6049,tt1773290
6050,tt0042581
6051,tt1414377
6052,tt0038630
6053,tt4731580
6054,tt3899070
6055,tt0120828
6056,tt2204840
6057,tt0310910
6058,tt0120794
6059,tt5445900
6060,tt0832353
6061,tt0497535
6062,tt0107893
6063,tt0030821
6064,tt0061014
6065,tt3108404
6066,tt0253614
6067,tt3838992
6068,tt1596363
6069,tt1529239
6070,tt0479153
6071,tt0930902
6072,tt0028074
6073,tt0107091
6074,tt3691706
6075,tt6000818
6076,tt0427343
6077,tt0241527
6078,tt0454579
6079,tt4178508
6080,tt0038524
6081,tt1453405
6082,tt1951264
6083,tt3875548
6084,tt0139220
6085,tt0117705
6086,tt1321874
6087,tt0010352
6088,tt4896862
6089,tt0125015
6090,tt0829482
6091,tt0232152
6092,tt0133930
6093,tt1210166
6094,tt5066432
6095,tt0788120
6096,tt0308184
6097,tt0266543
6098,tt0051648
6099,tt1517076
6100,tt0361748
6101,tt0037186
6102,tt0860528
6103,tt0060659
6104,tt0349072
6105,tt0049233
6106,tt1433811
6107,tt2317071
6108,tt1616543
6109,tt2218924
6110,tt2258502
6111,tt0091934
6112,tt0031378
6113,tt0260414
6114,tt0115986
6115,tt1407231
6116,tt0108376
6117,tt1392190
6118,tt2484530
6119,tt4584718
6120,tt1022603
6121,tt0070861
6122,tt2292382
6123,tt0040897
6124,tt0040894
6125,tt1531667
6126,tt0196503
6127,tt1252502
6128,tt3151028
6129,tt3953738
6130,tt0490084
6131,tt5210484
6132,tt0110478
6133,tt0169828
6134,tt0293508
6135,tt1499194
6136,tt0256156
6137,tt0297159
6138,tt0054315
6139,tt0297157
6140,tt0082408
6141,tt1667084
6142,tt0120491
6143,tt0467596
6144,tt0095947
6145,tt0089767
6146,tt0095949
6147,tt0026846
6148,tt4527698
6149,tt0039204
6150,tt0111400
6151,tt3180492
6152,tt0029399
6153,tt0280918
6154,tt1621207
6155,tt0261066
6156,tt0234261
6157,tt0028443
6158,tt0028916
6159,tt1710993
6160,tt0175362
6161,tt2322864
6162,tt0379833
6163,tt3174376
6164,tt2175739
6165,tt2350496
6166,tt0077917
6167,tt0053285
6168,tt0101343
6169,tt0243558
6170,tt3809032
6171,tt0158601
6172,tt3778692
6173,tt0036004
6174,tt0032724
6175,tt3472894
6176,tt6020176
6177,tt2220218
6178,tt1342402
6179,tt3125652
6180,tt2431836
6181,tt0146838
6182,tt0227409
6183,tt0227404
6184,tt0024149
6185,tt0319189
6186,tt0305632
6187,tt5658252
6188,tt0083053
6189,tt0078960
6190,tt5027402
6191,tt0049932
6192,tt0138074
6193,tt0188557
6194,tt0188550
6195,tt0055976
6196,tt1965128
6197,tt0133093
6198,tt0254957
6199,tt0076960
6200,tt0116091
6201,tt0168473
6202,tt0116095
6203,tt0037622
6204,tt3726322
6205,tt0237179
6206,tt2400379
6207,tt0037539
6208,tt0385907
6209,tt0279629
6210,tt0295382
6211,tt0295383
6212,tt0089974
6213,tt3515520
6214,tt1093373
6215,tt2286258
6216,tt2378986
6217,tt0233921
6218,tt4404474
6219,tt2361237
6220,tt0112573
6221,tt0022886
6222,tt0109707
6223,tt4425414
6224,tt2801060
6225,tt2402157
6226,tt0055289
6227,tt2141749
6228,tt0125972
6229,tt0027720
6230,tt4245838
6231,tt0262278
6232,tt1233301
6233,tt0076344
6234,tt0026455
6235,tt4791276
6236,tt0419294
6237,tt4910718
6238,tt0343660
6239,tt1912483
6240,tt0082096
6241,tt5915572
6242,tt2143470
6243,tt3509038
6244,tt0062229
6245,tt0062224
6246,tt1577868
6247,tt1701990
6248,tt2513864
6249,tt1848834
6250,tt3890724
6251,tt0439532
6252,tt0349523
6253,tt0031639
6254,tt3407024
6255,tt1428538
6256,tt0042839
6257,tt0081766
6258,tt0081760
6259,tt0108037
6260,tt2582802
6261,tt0080494
6262,tt1495776
6263,tt0794338
6264,tt0043307
6265,tt0043306
6266,tt0048424
6267,tt0088172
6268,tt1824959
6269,tt0294543
6270,tt2784512
6271,tt0038349
6272,tt0120800
6273,tt0086262
6274,tt0120804
6275,tt0371644
6276,tt0110293
6277,tt1945118
6278,tt0016220
6279,tt1263670
6280,tt0220832
6281,tt0164038
6282,tt0220529
6283,tt0127464
6284,tt0174714
6285,tt0048340
6286,tt0470385
6287,tt1001526
6288,tt0402454
6289,tt0077762
6290,tt5476606
6291,tt3375180
6292,tt0246578
6293,tt6041344
6294,tt0052344
6295,tt3132990
6296,tt1129447
6297,tt3531824
6298,tt0279367
6299,tt4969672
6300,tt0045888
6301,tt0044684
6302,tt0044681
6303,tt0032553
6304,tt0099654
6305,tt1388402
6306,tt0130188
6307,tt0284552
6308,tt0803879
6309,tt1965159
6310,tt0045080
6311,tt2281317
6312,tt1623696
6313,tt0021388
6314,tt1587310
6315,tt3686630
6316,tt0074581
6317,tt1236952
6318,tt0188124
6319,tt0024602
6320,tt3822666
6321,tt0362165
6322,tt1971358
6323,tt5024766
6324,tt0033399
6325,tt5538124
6326,tt0345950
6327,tt0103644
6328,tt0045332
6329,tt0045333
6330,tt0471834
6331,tt0023871
6332,tt0195039
6333,tt4041320
6334,tt0133952
6335,tt0094764
6336,tt3228826
6337,tt0199036
6338,tt0408236
6339,tt0469640
6340,tt0055562
6341,tt2645044
6342,tt0092086
6343,tt0097229
6344,tt0033173
6345,tt0033172
6346,tt0093937
6347,tt2004196
6348,tt0272736
6349,tt4156972
6350,tt0443706
6351,tt1753855
6352,tt0027801
6353,tt2523872
6354,tt0184651
6355,tt0181447
6356,tt0076576
6357,tt0255438
6358,tt1727300
6359,tt0023121
6360,tt2678350
6361,tt0023122
6362,tt0783538
6363,tt0118799
6364,tt1802480
6365,tt0104694
6366,tt0359587
6367,tt0076759
6368,tt2179136
6369,tt2179133
6370,tt0051443
6371,tt1646164
6372,tt2602230
6373,tt0770752
6374,tt0795351
6375,tt2018096
6376,tt2182193
6377,tt0446029
6378,tt0318076
6379,tt0090249
6380,tt0490204
6381,tt0014285
6382,tt0043822
6383,tt0038285
6384,tt0260136
6385,tt2994288
6386,tt4242438
6387,tt0095963
6388,tt3615814
6389,tt0090305
6390,tt0070460
6391,tt2619066
6392,tt0035259
6393,tt4007666
6394,tt5059782
6395,tt3030714
6396,tt0083866
6397,tt1294144
6398,tt0120611
6399,tt0415906
6400,tt0045656
6401,tt1272021
6402,tt2055577
6403,tt0047873
6404,tt0052133
6405,tt0467406
6406,tt0060822
6407,tt4452448
6408,tt0220996
6409,tt0044796
6410,tt0123825
6411,tt0320244
6412,tt0034101
6413,tt0032701
6414,tt5138244
6415,tt2152082
6416,tt1549118
6417,tt1673734
6418,tt0357188
6419,tt2424612
6420,tt4552534
6421,tt0050899
6422,tt0068156
6423,tt1339065
6424,tt0048593
6425,tt0064757
6426,tt0059177
6427,tt0064754
6428,tt0041448
6429,tt0070233
6430,tt0381008
6431,tt2666156
6432,tt0110157
6433,tt0772193
6434,tt0019871
6435,tt1007029
6436,tt0074915
6437,tt0050091
6438,tt0170800
6439,tt0046187
6440,tt0985050
6441,tt0087258
6442,tt0075067
6443,tt0161491
6444,tt4515784
6445,tt0171464
6446,tt0037731
6447,tt0037884
6448,tt0175044
6449,tt3197528
6450,tt2435514
6451,tt0079894
6452,tt1391548
6453,tt0036741
6454,tt0819800
6455,tt0159365
6456,tt1093357
6457,tt0112553
6458,tt0322674
6459,tt0185732
6460,tt0419104
6461,tt0185739
6462,tt0125734
6463,tt2110420
6464,tt1964694
6465,tt1964927
6466,tt0157019
6467,tt2217458
6468,tt0082971
6469,tt1809324
6470,tt0349727
6471,tt0159508
6472,tt0291823
6473,tt0004651
6474,tt0287301
6475,tt3030962
6476,tt3480796
6477,tt0040119
6478,tt3009776
6479,tt0460808
6480,tt0356634
6481,tt0104753
6482,tt0105405
6483,tt5201570
6484,tt0119569
6485,tt5980526
6486,tt0102751
6487,tt1436562
6488,tt0108052
6489,tt2624704
6490,tt2226647
6491,tt0043363
6492,tt4765188
6493,tt0128133
6494,tt0128422
6495,tt0097441
6496,tt3171388
6497,tt3266260
6498,tt0115561
6499,tt1092027
6500,tt1092026
6501,tt0391356
6502,tt0120863
6503,tt0058899
6504,tt0800308
6505,tt0064569
6506,tt0119668
6507,tt4885958
6508,tt0077744
6509,tt0118214
6510,tt5212122
6511,tt0926084
6512,tt2418510
6513,tt0066271
6514,tt0416044
6515,tt0059855
6516,tt1343703
6517,tt1343704
6518,tt0038945
6519,tt2802144
6520,tt0341341
6521,tt0071966
6522,tt0475390
6523,tt0080610
6524,tt0780645
6525,tt0039548
6526,tt1091229
6527,tt4844722
6528,tt0237361
6529,tt1023347
6530,tt2147449
6531,tt0385002
6532,tt0816110
6533,tt0371846
6534,tt0053981
6535,tt0457802
6536,tt1825913
6537,tt0069947
6538,tt0275277
6539,tt4813254
6540,tt2167725
6541,tt0073935
6542,tt5004784
6543,tt3168640
6544,tt1366344
6545,tt0139269
6546,tt2034089
6547,tt1521839
6548,tt1754194
6549,tt1302011
6550,tt3539614
6551,tt0116225
6552,tt0328170
6553,tt3401438
6554,tt2374144
6555,tt0097202
6556,tt0113542
6557,tt5232206
6558,tt2317032
6559,tt0073920
6560,tt0112942
6561,tt0112761
6562,tt0124904
6563,tt3339324
6564,tt1024648
6565,tt0332605
6566,tt3916634
6567,tt0071797
6568,tt2160153
6569,tt0319393
6570,tt0857376
6571,tt0049092
6572,tt0126850
6573,tt3918584
6574,tt0122571
6575,tt0017859
6576,tt0765833
6577,tt0981001
6578,tt0020107
6579,tt0256150
6580,tt0157734
6581,tt0056058
6582,tt0256155
6583,tt0198947
6584,tt1520877
6585,tt1969964
6586,tt4835894
6587,tt0056052
6588,tt0359564
6589,tt0072684
6590,tt3673706
6591,tt6044414
6592,tt0044903
6593,tt1611056
6594,tt1706596
6595,tt3147944
6596,tt0049633
6597,tt0104940
6598,tt1554524
6599,tt0322110
6600,tt0453556
6601,tt1505833
6602,tt4981996
6603,tt0073486
6604,tt2641148
6605,tt1034427
6606,tt0956317
6607,tt0120456
6608,tt1258998
6609,tt4420924
6610,tt0057891
6611,tt0907657
6612,tt0804461
6613,tt0143962
6614,tt0144249
6615,tt0033717
6616,tt3281960
6617,tt2898904
6618,tt0032181
6619,tt0246765
6620,tt0106664
6621,tt1205476
6622,tt0097583
6623,tt1600771
6624,tt0108176
6625,tt0046185
6626,tt0046183
6627,tt0045182
6628,tt0263499
6629,tt0045187
6630,tt0107131
6631,tt0265632
6632,tt3565158
6633,tt0340134
6634,tt1023114
6635,tt1023111
6636,tt0274407
6637,tt1548572
6638,tt0271694
6639,tt0120631
6640,tt1220217
6641,tt1550321
6642,tt0985699
6643,tt0381061
6644,tt3156000
6645,tt1950327
6646,tt1997429
6647,tt0772174
6648,tt1564363
6649,tt3591944
6650,tt0171661
6651,tt1609790
6652,tt0044761
6653,tt0044765
6654,tt0008526
6655,tt0055931
6656,tt2349098
6657,tt1764387
6658,tt2241455
6659,tt0090859
6660,tt0037865
6661,tt0090851
6662,tt3367686
6663,tt0118132
