0,5011,41.690965,-92.066144
1,2633,41.554101,-93.596754
2,3995,42.512768,-92.430423
3,5215,41.610504,-90.344168
4,5101,42.489119,-92.367142
5,2616,41.83619,-90.193203
6,5102,41.918986,-91.410759
7,2567,41.560169,-90.609903
8,2593,42.064123,-94.855277
9,4345,41.745903,-92.727379
10,5125,41.627778,-93.602858
11,5220,43.148281,-93.241626
13,4447,41.62945,-93.755433
14,4893,41.582697,-93.703837
20,5229,41.47539,-93.682581
25,5146,41.58269,-93.70689
26,3054,41.745726,-92.725772
27,5063,42.510453,-92.337744
28,4847,41.587349,-90.359813
29,4077,42.501601,-92.334639
31,4265,42.489105,-92.336964
32,5174,42.487326,-92.355915
34,2635,41.574973,-90.513769
36,4829,41.60572,-93.613739
37,2663,41.629365,-93.739245
38,4196,41.574438,-90.598191
40,5129,41.546838,-93.64492
44,4464,41.695329,-90.547796
46,2130,42.497854,-92.335359
47,4502,42.489914,-92.313971
48,2248,41.586319,-93.664182
49,2626,41.600361,-93.673223
51,4882,41.288487,-93.803773
52,4190,42.028013,-94.377702
55,2515,43.148448,-93.237177
58,4412,41.647182,-91.115936
59,4997,41.585264,-93.624375
60,5106,41.82514,-90.540112
64,3713,43.148239,-93.261648
66,4725,41.731704,-93.638499
67,4638,,
68,4165,41.731416,-93.581093
69,4959,42.518018,-92.455801
74,2550,41.03058,-93.772725
83,4406,41.701905,-93.626571
195,2571,42.530476,-92.337583
241,4368,41.682765,-93.698572
348,3456,43.142868,-93.378772
464,4269,41.771753,-91.128389
483,4706,41.866829,-90.181935
490,4642,42.498321,-92.382928
493,4601,41.61508,-93.578778
497,4988,42.512766,-92.429371
504,4802,41.62949,-93.678747
520,4132,41.78845,-90.257282
537,4801,41.60037,-93.658747
539,4366,41.697221,-91.6656
618,4104,43.155972,-93.199495
757,4410,,
876,3582,40.739495,-93.747995
972,5222,41.98823,-91.65208
991,3772,,
1022,2612,41.8303,-94.104378
1028,4926,41.649339,-93.697356
1029,5115,43.284016,-93.199447
1033,4648,42.510573,-92.345104
1036,4470,42.495308,-92.314941
1038,4260,41.033299,-93.765718
1044,4974,41.581689,-93.596783
1051,4617,41.607817,-93.570489
1056,3920,41.827768,-90.204862
1061,2595,42.012395,-95.348616
1070,5144,41.693276,-93.581264
1073,4068,41.570743,-93.703344
1078,5029,41.574536,-90.576113
1089,3756,41.908573,-95.065122
1331,4647,42.49807,-92.293057
1348,5113,42.495394,-92.315218
1443,4615,43.163663,-93.201061
1509,2190,41.60566,-93.619787
1556,4364,41.699737,-92.726349
1656,3993,,
1657,4521,42.035781,-94.232024
1658,4382,41.590891,-93.71326
1681,5034,43.152301,-93.208614
1943,5196,41.701517,-91.561845
2131,5247,42.986351,-93.188172
2220,4301,41.57222,-93.596849
2221,5169,41.653137,-93.60054
2223,4595,41.547105,-93.645068
2228,4091,43.143817,-93.376737
2231,4803,41.627683,-93.617219
2235,5098,,
2236,4935,42.507683,-92.332774
2245,4603,41.555041,-93.596916
2256,2106,42.517182,-92.455796
2260,4807,41.662817,-92.007776
2265,5240,41.670876,-91.346618
2270,5127,41.586313,-93.663337
2361,3831,41.87894,-93.815365
2443,5212,43.158803,-93.201081
2642,3968,,
2693,4900,42.510792,-92.345106
2696,4748,41.574851,-90.514255
2747,4645,41.694958,-90.548678
3193,4598,41.627701,-93.577596
3196,2652,43.148257,-93.213856
3203,5165,43.419668,-93.535032
3207,3888,,
3215,4320,41.838522,-94.103123
3220,5037,42.01431,-94.373551
3236,4404,,
3240,3664,43.443739,-93.218339
3248,4840,42.498404,-92.302514
3269,4761,42.504991,-92.402855
3318,4204,41.86113,-90.21131
3434,3997,41.024657,-93.798363
3435,5043,42.488566,-92.346357
3556,2836,42.503373,-92.337304
3622,2627,41.626402,-93.651112
3734,4613,42.064424,-94.862519
3738,4864,41.833079,-90.225779
3743,2838,41.559969,-90.600088
3744,4158,42.065252,-94.850616
3753,4385,,
3758,4369,41.494857,-93.674051
3765,4013,41.438006,-91.03069
3767,3647,41.818693,-90.244743
3776,2668,40.739728,-93.765554
3778,4755,43.148333,-93.220421
3867,4768,41.629152,-93.731344
4176,3528,43.148345,-93.255618
4277,3731,41.581826,-90.52886
4278,4941,41.629415,-93.711902
4284,2564,42.505197,-92.403843
4286,3732,41.654695,-90.577312
4291,5203,,
4294,3769,42.485041,-92.440301
4295,4014,42.024349,-95.369082
4300,5012,41.838488,-94.081127
4301,4958,42.5214,-92.436845
4307,2579,41.7283,-92.727343
4316,5162,41.629411,-93.705732
4317,3858,41.589348,-90.609746
4320,4694,41.561756,-90.63145
4322,2671,42.017269,-94.374804
4326,5155,42.493091,-92.376863
4329,2582,43.146805,-93.17113
4335,3670,41.695806,-91.610774
4353,2587,41.664692,-93.697737
4355,2806,41.858483,-90.184946
4534,3877,41.62953,-93.699282
4649,3540,41.572878,-90.528568
4658,4942,41.590253,-93.613493
4781,4839,43.444481,-93.220898
4812,4512,42.500153,-92.376364
4995,4001,42.081312,-94.893501
5233,4353,,
5243,4140,41.627684,-93.618724
5250,4427,,
5492,4804,41.586323,-93.664571
5513,4688,42.065531,-94.86677
6060,4969,43.142775,-93.396651
6065,3041,41.677932,-93.244441
6071,4544,41.035778,-93.765678
6082,4911,41.677287,-90.340914
6090,2561,41.542816,-93.644943
6091,5227,41.848124,-90.193275
6099,4782,40.62366,-93.92909
6121,4185,41.741296,-92.727346
6274,4902,42.513772,-92.345144
6337,4734,41.629407,-93.712816
6340,5079,42.012395,-95.349198
6347,4795,41.627702,-93.568668
6460,4092,41.483262,-93.675526
6507,4376,43.133204,-93.201072
6564,4653,42.02014,-94.377422
6586,4500,,
6589,4493,41.922507,-91.637255
6591,4506,41.707315,-91.660193
6719,4169,,
6805,4798,41.555952,-93.596914
7053,2611,41.026754,-92.401538
7054,2536,41.598109,-93.519185
7055,5051,41.57566,-93.624734
7056,4837,41.657837,-91.530633
7057,4129,42.022854,-93.618911
7058,3723,42.025841,-96.095845
7059,2622,41.676203,-91.518536
7060,2113,42.28057,-94.289457
7061,2545,,
7063,2500,,
7064,4879,42.47063,-96.352852
7065,5131,41.598779,-93.599363
7067,2609,42.024995,-93.618248
7069,2572,42.51279,-92.43698
7070,4998,42.267363,-94.724867
7071,4202,42.451213,-96.356879
7072,4509,42.021461,-93.650838
7075,2238,41.658538,-93.497258
7078,2501,42.022848,-93.619455
7080,5199,42.669128,-91.913481
7086,3990,41.296228,-92.648153
7087,3916,41.009342,-92.437224
7088,2637,41.538207,-90.611972
7091,5160,41.05186,-92.409171
7094,4356,42.022725,-93.458003
7095,4677,41.698103,-91.614748
7097,2614,41.556781,-90.548919
7100,2505,42.063833,-93.876651
7101,4767,41.687898,-93.600658
7102,2502,,
7103,2566,,
7106,3776,41.559268,-90.620069
7108,2568,41.988968,-91.650752
7109,4862,42.587074,-95.967322
7110,2621,42.487752,-96.364108
7113,3926,41.657654,-91.530181
7115,2844,41.649547,-91.500088
7119,4695,41.644039,-93.464184
7120,3778,41.638673,-93.665871
7121,4324,42.26168,-94.068439
7123,5207,41.968294,-91.677076
7125,4463,43.105833,-93.603007
7128,4011,41.028308,-92.808394
7129,3749,42.661398,-95.200717
7131,3573,40.999033,-92.410413
7134,4135,41.644082,-93.458606
7135,2512,41.64277,-91.530467
7136,4069,41.00934,-92.440218
7137,2513,,
7138,5132,41.575862,-93.613501
7139,4947,42.537839,-92.462826
7140,5017,43.36182,-91.219222
7141,2636,41.604313,-93.573844
7143,4921,41.963888,-91.739906
7149,4289,43.256619,-91.48472
7160,2290,42.647492,-95.202405
7161,2623,42.519884,-96.417783
7165,3820,42.510535,-96.420193
7166,4888,42.400333,-96.361378
7169,3825,41.604893,-93.600499
7173,2285,41.663541,-91.529854
7182,4437,,
7248,4600,41.636024,-93.531532
7294,4293,41.156477,-92.637618
7296,5096,41.752792,-91.606273
7434,4628,42.67564,-91.910523
7450,2576,42.653184,-95.200758
7512,2603,41.552406,-90.483701
7520,4907,42.516198,-92.44586
7535,4160,41.629203,-91.480457
7538,4097,42.165983,-95.436648
7560,5003,41.538186,-90.615542
7570,5009,41.674023,-91.580776
7641,3524,42.001123,-93.61365
7766,3698,41.590858,-93.771158
7798,2200,42.421341,-94.974011
7801,3762,,
7840,3869,41.672672,-91.565517
7887,3987,43.068032,-94.226874
7929,3943,,
7946,4197,42.400505,-96.35303
7950,4914,42.561054,-92.455972
7965,4861,,
7967,4156,42.6755,-91.910525
7983,4640,41.5563,-90.547751
8007,5224,41.671398,-91.573591
8017,4971,41.599231,-93.505046
8120,5180,42.678786,-91.902413
8133,4232,40.892417,-92.834054
8349,5004,,
8709,4186,41.531145,-93.644946
8711,5135,,
8712,3785,41.56373,-93.624729
8714,3013,40.752691,-92.412847
8716,4630,41.549885,-90.570604
8717,4703,42.490838,-96.404911
8721,2852,41.615221,-93.697742
8729,3876,42.530636,-94.534319
8732,4452,42.489633,-96.372016
8734,4300,41.292614,-92.648062
8749,3819,43.291013,-91.797893
8754,2670,41.682337,-91.591868
8765,4664,42.067645,-93.880068
8771,2625,,
8784,4183,43.303291,-91.785286
8786,4271,40.731946,-92.867944
9066,4960,42.021456,-93.648959
9068,3930,,
9147,3682,43.088185,-93.989798
9246,2543,41.015579,-92.438463
9268,4737,42.647103,-95.200778
9427,4273,41.600563,-93.562136
9447,3584,,
9448,3447,42.433711,-96.370146
9449,5064,41.929144,-91.779021
9456,5225,41.752646,-91.608706
9468,4420,41.009434,-92.418554
9474,2846,41.963526,-91.716583
9479,4831,42.059341,-93.896924
9799,3565,41.651985,-91.574025
9837,4590,42.532963,-92.445512
10020,4952,41.538148,-90.637353
10038,5190,41.881819,-91.828573
10045,4134,,
10173,2585,43.081288,-94.236003
10187,3652,,
10192,4844,41.632777,-91.571067
10193,5185,41.6698,-91.568027
10201,3789,41.298516,-92.669924
10205,3928,41.739524,-91.60759
10207,3890,41.972773,-91.683668
10208,4268,43.082782,-94.213434
10211,5186,42.964212,-91.80721
10222,4670,42.802375,-92.264289
10223,4989,41.641358,-91.52032
10225,4057,41.594713,-93.597039
10240,5145,41.526509,-93.628356
10243,3722,42.43609,-96.36432
10250,4004,42.017115,-93.610343
10258,4444,42.228582,-96.236097
10261,3354,41.559724,-90.52708
10265,4462,43.386755,-93.947595
10270,4520,41.901604,-93.607648
10391,4161,41.650843,-91.575633
10404,4436,42.021236,-93.650125
10423,4107,42.037347,-93.867439
10639,5217,40.681485,-93.121487
10646,5181,,
10655,3949,41.410379,-92.933676
10878,5027,,
11094,4200,42.538468,-96.373207
11112,4162,41.963791,-91.726725
11127,3986,42.495324,-96.394671
11236,4466,42.844438,-91.80894
11561,3726,41.014548,-92.456904
11931,4105,42.009797,-93.439899
11935,2551,,
11936,3980,41.646958,-91.55104
11939,4650,43.38496,-94.308749
11950,4599,41.629037,-93.544884
11954,4565,42.469008,-96.346548
11955,2850,41.627686,-93.615656
11962,3715,41.556966,-90.550657
11963,3660,,
11967,4674,42.009586,-93.585884
11972,4745,41.963477,-91.715363
11978,4023,42.035102,-93.871308
11992,5007,42.6715,-92.33742
11993,5111,41.633009,-91.493643
11995,4478,41.557843,-93.625681
11999,5065,42.489845,-96.376341
12012,2667,42.517653,-96.40514
12017,5060,41.657818,-91.52843
12030,2523,40.735639,-92.86795
12160,3773,41.975739,-91.659878
12173,4930,42.035086,-93.868623
12175,4789,41.204759,-92.886643
12468,4034,43.08605,-91.568372
12515,3873,41.690672,-91.608414
12955,3735,41.296286,-92.631487
12964,3853,41.545421,-90.620282
12968,3635,42.039076,-94.031178
12969,4438,42.023592,-93.610396
12992,4558,42.504732,-96.405013
12995,4905,42.394636,-94.632453
13268,3952,41.529655,-90.48065
13344,2835,42.539893,-92.472818
13373,4409,42.037102,-93.879597
13506,4705,41.669266,-91.566343
13720,3417,,
13725,4453,,
13726,2594,42.448057,-96.350374
13729,2642,41.3973,-92.900977
13735,3818,41.320746,-93.105641
13737,4973,42.965065,-91.814402
13740,3045,43.098696,-93.801917
13742,3757,42.529334,-96.373595
13743,4201,42.49488,-96.461702
13745,4481,41.656031,-91.530225
13750,4762,43.14339,-91.932112
13755,4575,41.877859,-93.679808
13756,4027,40.709735,-92.867868
13764,5086,42.515991,-96.385069
13767,4073,43.261735,-93.633264
13774,5128,41.610526,-93.672697
13780,4568,42.54202,-96.358412
13781,3842,43.29355,-94.218
13789,5014,41.660495,-91.528718
13791,4836,41.657904,-91.537252
13798,4062,41.600419,-93.61947
13799,3650,42.490073,-95.544793
13887,4192,41.556273,-90.480359
14506,4456,41.649946,-91.574075
14508,5067,42.651369,-95.200761
14511,4701,42.059115,-93.879992
14519,3717,42.847479,-92.099221
14524,2600,,
14949,4457,41.6533,-91.540402
15317,5172,41.959613,-91.725777
15321,3721,43.289239,-91.754287
15323,4147,42.539098,-92.474685
15328,4884,42.470479,-96.348659
15330,5010,42.422404,-95.002637
15346,4676,42.489817,-96.401114
15369,4157,41.741097,-91.608385
15383,3857,,
15416,4957,42.271309,-95.090639
15556,5151,,
15758,4697,41.643806,-91.527407
15761,5157,42.517855,-94.534532
15788,4118,42.307764,-95.051539
15964,4797,41.600577,-93.601405
16152,4841,41.538161,-90.619947
16155,4662,41.988646,-91.682151
16193,2840,41.550134,-90.503813
16509,2548,41.644041,-93.465301
16510,3896,41.641037,-91.52047
16516,5211,41.655804,-93.736395
16521,3947,41.728712,-92.444287
16524,4046,40.734946,-92.874795
16525,2178,43.262115,-91.473634
16528,4588,42.503495,-96.419074
16533,5105,41.738152,-91.60761
16540,5050,41.497945,-93.499633
16780,3909,41.22247,-93.24167
17140,3932,42.165915,-95.79375
17141,5137,41.645864,-93.619903
17148,5025,41.989568,-91.649703
17157,4932,42.509207,-92.465829
17507,4818,43.307662,-91.796988
17513,4597,41.526428,-93.625093
17525,3964,42.888842,-95.152678
17529,2559,41.015468,-92.810548
17963,4511,41.585264,-93.558326
17964,3942,41.985987,-92.57945
17965,3514,42.502231,-94.193195
17966,4431,42.507886,-94.168007
17967,2607,40.760846,-95.385107
17968,4374,41.674071,-93.772714
17969,4106,42.511454,-90.720519
17970,2651,42.712242,-92.475403
17971,4246,,
17972,3963,41.261866,-95.873074
17973,5237,42.512182,-94.17795
17974,2509,41.96233,-91.677063
17977,4904,43.45255,-96.43415
17978,3629,,
17979,4820,43.30226,-96.430827
17980,3056,42.731639,-93.73684
17981,2553,41.051463,-94.37255
17982,5068,43.36062,-95.14106
17983,4083,41.702811,-93.599496
17985,2522,43.430559,-95.082079
17986,4193,43.184879,-95.482214
17987,2518,41.019275,-95.232783
17989,2552,41.955859,-91.658577
17991,3592,42.505333,-94.151809
17992,2353,43.37113,-92.106737
17993,2228,41.336404,-94.014003
17994,2629,41.242732,-95.825137
17996,4395,42.310443,-93.573932
17997,4084,41.757429,-93.600267
17998,2649,42.497219,-90.666497
18001,4712,42.512092,-90.666938
18002,3477,41.225208,-95.847163
18005,4171,42.3036,-90.993859
18008,4559,43.285134,-92.811539
18009,3632,42.489025,-90.73695
18012,5080,43.145197,-95.14774
18014,5182,41.261858,-95.870133
18015,4805,42.50638,-94.185766
18019,2575,42.471767,-92.376624
18020,4557,42.193386,-92.468086
18023,5140,42.749013,-95.55132
18026,4414,41.438776,-95.612045
18027,5153,,
18029,2327,40.989239,-94.742993
18032,2565,43.145897,-95.14506
18034,3881,42.049166,-92.9104
18041,2666,41.704094,-93.62159
18055,5167,42.501131,-94.173816
18056,2529,41.968342,-91.733373
18061,3901,42.505335,-94.157366
18067,4015,42.052321,-93.620682
18073,4018,42.187653,-92.716422
18093,2606,42.73356,-94.227117
18135,3677,43.183718,-95.329171
18155,2851,42.501169,-94.170372
18164,2544,42.039035,-92.912783
18217,4326,42.271302,-93.92715
18227,4891,43.403948,-95.758274
18290,2620,,
18311,4743,41.24394,-95.818775
18324,4704,41.259698,-95.867208
18326,3783,42.732607,-94.667312
18518,3744,42.470204,-91.115768
18586,4277,42.776296,-96.178479
18597,4334,,
18647,4070,41.897053,-92.277843
18669,4660,41.977226,-91.642558
18670,2233,43.416439,-95.126786
18681,4545,41.22044,-95.817918
18687,4081,42.185827,-93.599758
18691,4637,41.944676,-91.666812
18702,2475,42.96298,-94.443
18710,3989,42.749589,-95.547068
18718,4136,,
18725,4634,42.021929,-91.665657
18817,2597,,
19014,3880,41.220324,-95.836926
19168,4344,41.6884,-93.793812
19192,5154,43.454831,-95.321331
19313,4877,41.607853,-93.736232
19326,4247,42.850335,-93.616789
19356,2624,42.516621,-90.741064
19360,4182,42.475277,-91.11191
19364,4103,42.057106,-93.645008
19386,4252,42.240954,-91.191101
19393,5166,42.044345,-92.893113
19396,4687,42.009649,-91.634941
19398,3816,41.016691,-95.230032
19399,4744,,
19406,4490,41.944956,-91.672214
19412,4236,42.665175,-93.903094
19428,4986,43.122246,-92.737285
19579,4443,42.070316,-91.795808
19775,4233,43.370711,-92.116917
19835,2556,,
19892,3495,42.240132,-91.183413
20051,4249,,
20054,5121,43.059133,-92.66188
20056,4489,41.979772,-91.715925
20057,4253,41.344865,-94.022115
20059,4507,43.155628,-95.150967
20081,4405,41.731869,-93.58166
20103,4203,42.725694,-92.47898
20232,4445,42.469524,-93.831462
20235,4471,42.457849,-92.355825
20319,3621,43.183574,-95.855179
20361,3695,42.808951,-95.977022
20367,2445,41.301436,-95.402224
20428,4538,42.787434,-92.667833
20675,3542,43.378499,-92.921298
20680,3420,41.598673,-93.718139
20683,4770,42.409412,-92.449664
20687,4321,43.052712,-92.674449
20694,4346,42.093993,-91.869266
20701,2657,40.676171,-94.725578
20703,3704,43.10937,-94.678807
20704,4592,43.111913,-94.681939
20710,3841,42.495307,-90.665438
20715,4235,42.469488,-93.827718
20721,4524,43.142731,-93.005225
20724,3622,43.400251,-95.12868
20734,4661,41.658525,-93.773467
20736,4172,42.520423,-93.376271
20737,2578,43.066994,-92.675562
20740,4311,42.505112,-94.181826
20746,4533,43.378704,-92.917588
20749,4774,43.402229,-94.822033
20753,4727,41.702872,-93.581216
20760,4439,42.177736,-91.775734
20805,2562,42.504742,-94.158247
21097,3676,42.895915,-92.801846
21186,4485,43.186036,-95.6558
21216,4515,42.655628,-93.508976
21312,3700,41.476306,-95.339412
21326,3774,42.511105,-90.665763
21327,4563,42.974876,-96.318286
21331,4397,41.731862,-93.586368
21335,4764,42.501168,-94.171071
21336,4708,41.04635,-95.742987
21338,3889,42.70032,-92.478929
21347,4765,42.499519,-90.696856
21350,2656,40.991951,-94.743093
21354,5042,42.519503,-90.660269
21356,4569,42.968052,-95.499439
21374,4651,42.302654,-93.640039
21390,3666,41.943526,-91.716086
21395,2672,41.342577,-94.013481
21407,4873,41.758781,-93.824366
21541,4571,42.745202,-92.790457
21641,2524,,
21709,4785,41.485575,-95.336353
21716,3944,42.515282,-90.736175
21729,4336,43.343861,-96.002282
21732,4514,42.515441,-94.218425
22030,5170,42.009066,-93.165186
22032,3830,41.047715,-94.372464
22035,4234,43.145797,-95.143388
22037,5107,,
22038,5099,41.759147,-93.600258
22039,4150,42.457636,-92.358191
22041,4527,42.732227,-94.44175
22045,2465,42.4918,-90.704724
22047,4609,41.717284,-93.601647
22050,5097,,
22051,4205,42.038157,-92.914433
22054,5052,41.302742,-94.453263
22059,4516,41.30495,-95.399804
22062,3728,41.262318,-95.854847
22064,3705,43.431837,-96.171905
22069,4756,42.038101,-92.912671
22070,4978,42.435435,-92.291334
22086,4176,,
22414,5118,42.442892,-90.850388
22418,3813,40.714825,-94.238806
22430,4358,42.731643,-93.735974
22673,4895,42.033132,-91.668059
22712,3656,41.709322,-93.581201
22715,4733,41.643913,-93.736536
22719,4848,41.335457,-94.012692
22720,4665,41.703664,-93.571584
22721,3719,42.011986,-92.912318
22726,2843,42.020263,-91.664971
22729,4556,42.731594,-93.916982
22740,4901,41.763876,-93.719323
22750,4266,40.760319,-95.385114
22751,4317,41.303167,-94.462719
22892,4517,42.013062,-91.635028
23071,4824,41.049199,-94.364142
23096,5005,42.846725,-94.853219
23101,4731,41.600487,-93.793613
23192,4584,42.750551,-92.973022
23246,3654,42.845893,-93.613065
23415,4496,42.005867,-91.634838
23418,2644,42.508352,-94.17692
23419,4477,41.2426,-95.824807
23421,2602,42.469466,-93.825486
23422,4143,43.067209,-92.14835
23425,2661,43.186038,-95.831721
23426,4177,42.006665,-92.784654
23429,4608,41.23931,-95.85248
23434,2641,41.261673,-95.855054
23435,3738,42.513839,-90.671531
23438,3912,41.973736,-91.715944
23439,2508,41.97447,-91.697941
23441,4576,43.370811,-95.126015
23447,4167,42.504959,-90.668138
23448,3390,43.331525,-95.149955
23449,4025,41.897052,-92.277759
23452,4392,41.614732,-93.834218
23457,4195,41.983789,-92.581699
23458,3484,42.825681,-95.808579
23461,3626,43.126816,-95.152474
23464,2592,42.027531,-92.912505
23466,4209,41.688354,-93.772306
23467,4231,42.793062,-96.165002
23468,3742,42.781431,-96.185002
23474,3808,42.315788,-92.189842
23488,4620,41.289877,-94.562737
23489,4310,42.75508,-95.551866
23496,5210,40.739232,-95.027266
23505,4667,41.360431,-93.790419
23507,5176,41.97805,-91.715903
23529,4299,42.199288,-91.530042
23534,4010,41.038071,-95.746213
23842,3950,42.016841,-93.162378
23868,4810,,
23872,5123,41.614713,-93.831913
24128,2413,42.500858,-90.696929
24281,4255,,
24282,4285,43.057527,-92.31291
24290,3779,42.529612,-94.177993
24302,3645,41.595099,-93.717595
24329,4362,41.772214,-93.714431
24657,4536,42.455083,-90.678368
24842,4006,43.453831,-96.434315
24847,5035,41.232109,-95.805659
25003,4726,,
25024,4626,41.268064,-95.906095
25027,3763,42.9961,-96.485189
25030,4909,43.200164,-96.294824
25034,4248,43.186035,-95.825709
25058,4318,41.012263,-95.232711
25068,4451,42.459531,-93.815845
25070,4878,43.08516,-95.6243
25081,5230,42.02088,-91.665196
25085,2655,40.726807,-95.037849
25087,2660,43.055779,-96.175681
25107,4629,41.050184,-95.744909
25118,3981,43.060881,-96.179835
25269,4398,42.84533,-93.616822
25441,4602,41.041825,-95.822954
25450,3959,42.498324,-90.687681
25469,4474,41.261916,-95.902733
25478,4387,43.422645,-95.094324
25497,4239,43.42157,-95.106219
25666,4459,42.653973,-93.9044
25910,4434,43.430056,-96.175502
25929,4228,42.166166,-92.025603
26214,4769,43.249494,-92.432268
26434,3849,42.4704,-91.117372
26452,4396,42.325703,-92.601293
26459,5021,43.382148,-95.129128
26464,4566,,
26473,4355,42.187733,-93.57573
26476,3443,41.270824,-95.836515
26478,4866,41.228712,-95.847514
26498,4899,43.237664,-94.750936
26500,4102,42.027426,-93.615428
26503,4388,41.600513,-93.782182
26520,4945,43.284116,-92.814028
26533,4291,41.057362,-94.362339
26959,4924,42.959485,-92.548902
26988,4042,41.130065,-95.743966
27181,5117,42.057471,-92.9081
27434,4357,42.186722,-93.597789
27462,4461,41.614647,-93.717442
27489,4426,,
27801,4760,42.469401,-92.357476
27939,4338,41.953846,-93.100112
28073,2618,42.04671,-91.63913
28074,3811,40.418306,-91.407729
28075,2613,41.261925,-95.879662
28076,4892,41.520149,-90.58842
28077,3782,42.77964,-91.100489
28078,2650,41.650657,-95.339881
28079,4189,42.48217,-91.457229
28080,5031,42.466286,-92.219401
28081,5071,41.600607,-90.911744
28082,2560,,
28083,2590,42.010972,-91.658105
28084,2535,,
28085,4303,41.008539,-91.170033
28086,3618,41.949215,-91.718042
28089,2605,42.034799,-91.668909
28090,4019,42.48383,-91.478778
28091,2648,41.561219,-93.773583
28092,2517,41.699157,-93.033284
28094,4114,41.404071,-95.024187
28096,2521,41.571127,-93.73162
28097,2549,,
28098,2507,40.801889,-91.110754
28099,2573,41.45135,-91.035137
28103,4504,,
28104,3899,41.559117,-93.79515
28106,4678,41.61025,-94.016796
28109,4194,41.701453,-93.05256
28111,4021,41.006375,-91.993722
28112,3385,42.031819,-91.67969
28113,4138,41.356615,-93.579253
28114,5054,,
28115,4752,,
28119,5124,41.659093,-93.736517
28125,4718,41.597473,-93.736117
28127,4159,41.280083,-95.817991
28130,2539,,
28132,3403,41.280182,-91.358467
28134,2569,42.027806,-91.630732
28141,4910,42.476319,-92.322741
28143,2554,41.510522,-90.620727
28144,3838,41.539421,-90.520013
28145,3625,41.704864,-93.582728
28149,5149,40.788995,-91.116078
28152,5226,41.521586,-90.589149
28157,4495,42.361494,-92.770411
28158,4984,41.447149,-91.030306
28159,4596,41.600468,-93.558972
28160,2647,42.030457,-91.701432
28162,4604,41.699173,-93.035654
28163,4051,42.068772,-90.680631
28164,4267,41.444887,-94.765364
28168,2628,42.360631,-93.103764
28170,2662,41.426614,-91.044369
28173,4258,40.800016,-91.140023
28177,2619,41.598514,-93.808855
28190,2191,40.400039,-91.387797
28191,4730,41.673355,-93.697684
28198,4125,41.173132,-91.188948
28216,2448,41.358176,-93.552614
28257,4296,,
28276,2506,40.81466,-91.136644
28280,4927,41.570151,-93.752572
28351,2538,42.459938,-92.327917
28391,2528,,
28401,2588,41.976835,-91.60978
28452,2584,40.626988,-91.343544
28541,3549,40.624226,-91.373211
28548,2643,,
28550,2630,41.584979,-93.790534
28591,5020,41.888461,-91.146702
28646,2665,41.602989,-93.872236
28700,3525,41.300399,-91.692213
28897,4067,41.465008,-91.837922
28961,3740,42.476639,-92.343118
28965,4883,41.332944,-92.205098
28971,3563,41.455288,-91.025917
28985,4250,42.361026,-93.100769
28990,4898,40.807959,-91.141422
29002,4995,41.656803,-95.318597
29008,4416,,
29154,5057,,
29354,3886,42.103091,-91.2856
29453,4876,42.044452,-91.672961
29474,4885,42.24039,-90.677264
29475,5206,42.36157,-92.782335
29714,4155,42.036023,-91.577037
29725,3868,,
29747,4715,41.571398,-93.731468
29923,4166,42.469604,-92.062265
29925,5142,41.976967,-91.633592
29935,4970,41.569916,-91.261587
29941,4373,41.567246,-93.809458
29957,2460,42.741728,-93.21693
29960,5001,42.468636,-91.901538
29965,4819,41.65854,-93.494642
29970,4967,41.509119,-90.766126
29974,3747,41.332859,-92.205097
29989,3488,42.255742,-90.423033
30004,3628,42.034748,-91.680734
30014,3663,42.460238,-92.330801
30093,3806,41.559272,-93.779823
30152,9013,41.483192,-93.762456
30222,5148,42.600941,-90.995943
30386,4153,42.475631,-92.287834
30387,4607,42.772826,-91.100516
30388,3591,42.554158,-93.055225
30398,4148,42.456499,-91.890272
30412,4473,41.692351,-94.361364
30567,4307,41.854728,-95.602969
30606,4552,41.455934,-90.718666
30718,3679,43.055133,-91.390767
30731,4523,41.591142,-94.879847
30791,4283,42.033646,-91.621475
30822,4482,41.356153,-93.587628
30824,4747,41.537795,-90.57401
30830,5173,41.723057,-94.93625
30836,5189,41.55915,-93.791206
30841,4312,41.238118,-95.879202
30848,4543,42.037621,-91.553462
31284,3521,41.242292,-95.909382
31303,4724,41.699223,-93.038091
31338,4867,41.257663,-95.902023
31339,2555,40.415383,-91.403754
31473,4562,,
31696,3803,42.683874,-91.536519
31755,5041,41.585453,-92.52723
31764,3712,41.585429,-92.523692
31765,3805,41.535982,-90.596253
31766,4450,41.643173,-93.833549
31772,5089,41.556439,-95.88687
31777,4164,41.525308,-90.506775
31779,4449,41.629621,-93.783024
31783,5236,42.108203,-91.290836
31789,3400,41.600476,-93.561517
31793,4641,,
31804,5177,41.496153,-95.546176
31808,4934,42.050953,-91.443744
31815,3644,41.644196,-93.505593
31817,5138,41.7144,-92.903113
31820,4993,40.402244,-91.390084
31821,4377,41.64886,-93.600262
31835,4622,41.548497,-93.596748
31851,3917,41.538254,-90.599037
31888,5213,40.552204,-91.429681
31930,4692,40.401681,-91.389504
32067,5039,,
32140,2478,,
32177,4230,41.600508,-93.75591
32539,5108,41.525027,-90.518583
32545,4696,41.59527,-93.735967
32548,5077,41.280303,-95.867436
32564,4000,41.737038,-95.70303
32570,4313,41.407927,-95.014379
32575,4808,41.262812,-95.902474
32595,4806,41.578585,-91.260581
32601,2591,41.403856,-94.990183
32806,4448,,
32887,4411,41.538177,-94.012641
32904,5092,,
32964,4137,41.614033,-93.86786
33072,4090,42.473031,-91.732297
33191,2459,,
33272,4991,42.864361,-91.387071
33276,2514,42.033239,-91.582279
33277,4619,40.63021,-91.329824
33279,4757,41.692533,-93.457068
33283,4361,41.643664,-93.619906
33284,5018,41.520231,-90.599328
33287,3562,40.813125,-91.158406
33297,2558,40.962289,-91.528753
33298,5091,41.425095,-91.046146
33300,4673,40.717867,-91.452491
33339,3494,42.456362,-92.352552
33352,4794,40.809556,-91.141395
33389,4402,,
33517,3957,42.64539,-91.401487
33581,3624,41.698396,-93.01446
33593,4184,41.435262,-91.081924
33968,4972,43.045152,-91.38981
33969,5070,41.58873,-91.016579
33970,5100,41.526469,-90.590879
33980,3829,41.92134,-91.434629
34004,4722,45.348818,-95.238229
34006,4793,40.624074,-91.377416
34010,3606,42.361514,-92.774215
34237,4384,41.614114,-94.017511
34381,3918,41.510082,-90.621541
34394,4925,41.643897,-93.737028
34496,2653,41.296576,-91.704551
34807,5116,41.69943,-93.045515
34809,4962,41.533266,-90.577225
34820,4874,40.965272,-91.551598
34823,4417,41.495557,-94.64345
34827,2601,41.006456,-91.978702
34829,4949,41.520238,-90.585656
34830,4897,40.819885,-91.121931
34832,4501,41.006447,-91.981752
34833,4636,42.007193,-91.662822
34836,3612,42.06922,-90.661056
34838,3707,42.035159,-91.649625
34847,4633,,
34868,4868,,
34870,3790,40.978416,-91.539034
34904,4749,41.538253,-90.600599
34910,4698,41.006639,-91.965379
35131,3882,,
35161,4467,41.435925,-91.030816
35329,4690,42.073341,-90.834545
35493,3907,41.442458,-91.030569
35505,4468,41.431605,-91.041148
35506,3910,41.496305,-91.525607
35540,4644,41.538288,-90.558658
35574,4371,41.55871,-93.77275
35581,4421,42.741741,-93.21508
35737,4016,42.225148,-92.874589
35940,4792,41.614398,-94.020643
36096,4180,42.033308,-91.60546
36278,3859,42.450709,-91.892924
36285,4379,41.584385,-93.790022
36298,4306,42.753045,-93.202452
36301,4131,41.643869,-93.734074
36305,5013,41.528972,-90.48202
36319,4476,41.262352,-95.867464
36334,4799,41.600575,-93.55933
36505,4024,42.502975,-93.262437
36520,5103,,
36686,4110,42.570347,-92.783533
36696,3814,41.561375,-93.806147
36713,3696,,
37130,3651,,
37506,3611,41.644108,-95.786133
37511,3934,42.04869,-90.66292
37512,4154,42.046291,-91.702218
37515,5198,41.524926,-90.561742
37529,3162,41.408438,-91.064112
37538,5126,41.637408,-93.697647
37541,3691,41.64653,-93.769789
37542,2532,41.627838,-93.569452
37543,2527,41.526289,-93.602371
37545,5022,41.570542,-93.770921
37550,4152,41.557404,-95.899346
37571,4605,42.032437,-91.624929
37707,4359,41.600403,-93.865512
37862,3871,41.598813,-93.751998
37869,5204,40.826163,-91.112658
37870,4098,41.296878,-91.661434
37886,2839,41.537774,-90.601106
37890,4126,41.8072,-91.494637
37892,4141,41.556274,-93.57748
37901,4229,41.650132,-95.339845
37972,5055,42.763179,-93.368268
38287,3461,41.503659,-94.318375
38298,4130,40.724513,-91.955223
38303,3833,41.403856,-94.986741
38319,4446,41.644295,-93.697999
38327,5163,40.965832,-91.557125
38371,4684,,
38767,3784,42.468729,-91.891992
38768,4518,41.561791,-93.799289
38772,4522,,
38780,4740,41.26194,-95.882665
38816,4859,40.811109,-91.101094
39067,5072,40.964231,-91.541172
39310,9001,41.8321,-91.677368
39316,4577,41.849042,-93.922198
39325,4917,41.830334,-94.10386
39326,4813,41.828024,-90.646328
39338,4773,41.580205,-93.74151
39395,4912,41.654692,-90.572547
39484,4480,41.861892,-90.183722
39714,4713,41.70051,-91.60946
39861,4429,41.686844,-93.247234
40888,4539,42.022413,-94.551577
41168,4537,40.742125,-93.747901
41172,5069,43.419608,-93.532484
41489,4214,42.494092,-92.3272
41849,3678,41.570844,-93.597011
41879,4365,41.745106,-92.727375
42280,4668,43.135942,-93.380369
43280,4505,41.688202,-93.706056
43502,4370,41.475381,-93.681862
43539,4787,41.847895,-91.66462
43831,4170,41.671393,-91.345158
44085,4380,41.668271,-91.346676
44344,5205,42.056889,-94.728844
44362,4987,42.022916,-93.616517
45111,4419,40.623454,-93.896684
45649,4149,42.024904,-95.371823
45659,4853,41.67184,-93.736534
46148,4594,41.569715,-93.703165
46734,2669,40.75842,-93.318046
46737,4428,42.01214,-93.679758
46749,3648,42.639326,-92.047353
46764,2596,,
46801,4728,41.649538,-91.502717
46865,5228,42.388265,-95.868594
49671,5073,41.964544,-91.706866
49839,5045,42.504385,-96.417379
49951,4780,43.102653,-93.802043
50168,4669,41.593431,-93.674384
51361,4433,41.597596,-93.492204
51887,5147,41.730667,-92.301269
53219,4408,42.058784,-93.879991
53241,4817,41.318976,-93.086599
53602,4652,41.552159,-90.569719
54372,5028,42.644563,-95.186938
54392,4610,42.588969,-94.846456
54772,3855,,
54850,4343,41.633983,-93.600504
55865,4191,41.412241,-92.941985
55868,4116,42.305275,-95.051692
55897,4163,42.64679,-95.196848
56346,4275,41.308103,-93.109473
56556,4454,42.51496,-96.474604
56562,3879,42.448013,-96.331662
57193,4723,42.540446,-92.476285
57382,4700,42.753203,-92.795137
57397,5134,43.061014,-92.682538
57410,5048,42.814369,-94.527889
57444,5112,43.306451,-96.431983
57458,4274,43.130922,-94.897368
57489,4956,41.967998,-91.734309
57492,5202,42.424125,-92.218712
57639,4256,43.077523,-96.176928
57871,3872,42.491944,-90.720589
58035,4272,43.402096,-94.829964
58071,5066,,
58339,4675,42.034562,-93.575702
58690,4828,42.049238,-92.896472
59131,3688,42.965098,-92.199359
59155,4711,42.511552,-90.720519
59495,4133,42.469614,-93.839969
59496,4741,41.266013,-95.839754
59508,5058,41.614972,-93.783819
59730,4548,42.283922,-91.781945
59797,5187,42.026938,-93.611772
59995,4254,43.109244,-94.677307
60016,4146,42.725748,-92.473476
60762,4378,41.613918,-93.882532
60779,4775,42.721419,-94.200785
60808,5234,42.477806,-90.707394
60825,5110,40.882645,-94.560455
61130,4375,41.68833,-93.80322
61296,4779,40.710908,-94.240402
61547,4573,40.60514,-95.654632
61570,4510,41.005672,-95.585127
62015,5023,41.961645,-91.667665
62239,2658,40.711093,-94.233197
62355,4503,41.232473,-95.617322
62472,2604,42.778257,-96.18335
62493,4393,41.607327,-93.736227
62651,5179,,
62789,5104,,
62816,4823,41.066824,-94.372568
62978,4531,41.031051,-94.1976
62990,4251,,
63212,4754,42.725721,-92.475049
63311,4298,42.171406,-92.30769
63890,4854,43.39274,-94.483108
63894,4319,42.722181,-94.218147
64084,4887,41.60046,-93.778685
64173,4732,41.614875,-93.834392
64185,5183,,
64190,4492,41.942366,-91.715911
64320,4783,43.111911,-94.68211
64353,4551,,
64531,4525,42.82714,-96.561088
64538,4440,41.252795,-95.820328
64553,3822,41.847437,-91.646066
64581,4542,42.846771,-94.855561
64958,4999,42.783193,-92.667759
64973,4591,42.731653,-93.734549
64978,4788,41.975039,-91.715942
65431,4337,,
65653,5088,,
66376,5133,43.00638,-96.056723
66383,2854,41.614877,-93.817332
66982,4430,42.501112,-94.175805
66988,3393,43.363838,-92.555178
67011,4325,40.927076,-94.977264
67024,4173,42.981363,-95.687687
68658,3065,41.584179,-92.527248
68675,4721,40.814794,-91.140541
68700,4580,41.296493,-91.694639
68785,4657,,
69174,5095,41.284951,-95.915947
69299,3465,41.691828,-94.356268
69363,3710,41.279421,-91.360502
69369,4950,41.977693,-91.651435
69375,4654,41.503669,-94.318375
69394,5114,41.556431,-95.894321
69815,4943,40.917808,-92.222593
70267,4880,41.44353,-94.767946
70286,5074,42.012652,-91.664128
70293,4222,,
70304,4498,,
70497,4719,41.559128,-93.770018
70728,4659,42.224536,-92.868874
70956,4800,41.5282,-93.596871
71049,5087,41.643053,-95.790911
71134,5208,41.409214,-95.015685
71251,4771,41.977958,-91.680323
72039,2837,42.466955,-92.321633
72047,4746,41.444617,-91.030383
72059,4699,41.538776,-90.520917
72119,3972,,
72868,4279,41.363958,-91.952725
73762,3587,40.408818,-91.396885
74080,4487,42.010447,-91.662119
74594,4413,41.181262,-91.19526
74612,4418,41.494138,-95.222087
74620,2841,41.976883,-91.627468
75282,4621,41.888013,-93.39968
75527,3690,42.464521,-92.325387
75545,4843,41.39103,-91.072537
75553,4578,40.639743,-91.740069
75558,4856,,
75562,4549,42.014866,-93.309393
75566,4547,42.741748,-93.211676
75578,4491,41.976807,-91.619027
76506,4560,41.645405,-95.32305
76723,5081,41.403737,-95.014425
77026,5040,41.589961,-91.034799
77362,3870,41.644036,-93.504184
77388,2498,42.751073,-91.674802
77389,4908,42.853343,-91.404706
77559,4284,42.522325,-93.26355
77773,4415,42.556727,-93.056656
78145,5046,40.393736,-91.391355
78395,5090,41.408933,-91.063508
78579,4736,42.033295,-91.596312
78586,4223,42.462807,-92.297765
79268,5164,41.244644,-95.900442
79517,4953,41.967498,-90.817528
79630,4455,42.360612,-93.113653
80349,4529,43.385845,-93.945401
81201,4472,40.724175,-92.874182
81467,4553,42.893235,-93.203207
81687,4119,42.482964,-92.444024
84128,4944,41.373327,-93.737485
84641,2152,42.986328,-93.188176
86091,4372,43.148339,-93.221539
87099,4849,41.600826,-93.627851
87582,4546,42.063785,-94.72898
87964,4938,42.614778,-91.905506
88003,5083,42.494268,-96.422997
89528,5119,42.992739,-93.957383
89537,5218,41.014576,-93.327017
89879,4655,41.596714,-93.247591
91205,5059,40.860195,-93.499471
91696,4821,41.287633,-92.645075
91986,5000,42.009808,-93.435912
92937,4781,42.46721,-95.147989
93131,5193,42.267449,-94.553651
93657,3866,,
94327,4919,41.64404,-93.464905
95840,4852,41.963066,-91.70706
97608,4735,41.021787,-92.413689
98440,4631,42.539967,-92.475139
98996,5159,42.39872,-94.638843
99134,4528,42.051236,-92.908032
100147,4937,40.765869,-95.38464
100636,4497,42.514223,-93.380237
100920,5223,40.898516,-95.671329
101139,4777,42.982804,-95.684749
101329,4738,41.219703,-95.860337
101574,4508,43.129768,-95.143866
101858,4872,41.500082,-94.123127
101859,4585,42.439533,-91.006138
102729,4890,,
102821,4702,42.501197,-94.162229
103656,4623,41.533177,-93.951253
103663,4589,43.39743,-95.752119
105212,3891,43.111992,-94.664502
105671,2848,41.7319,-93.59962
106867,4981,42.196408,-92.465474
106880,4679,42.035993,-91.638516
106887,3576,43.184821,-95.477367
108073,4985,42.717427,-96.247675
108423,4458,41.654233,-93.697535
109160,5192,42.068304,-91.653929
109408,4709,42.048976,-93.620635
109554,4435,41.25712,-95.874965
110344,4790,41.007416,-91.170025
110372,4845,41.977897,-91.666082
110583,4401,42.035074,-91.577221
110689,4714,,
111136,5191,41.67748,-94.502323
111865,5062,40.532149,-91.415097
111867,4857,40.811817,-91.169516
111880,5232,41.720076,-94.934089
111908,5082,41.401382,-95.028375
112277,5175,42.430058,-91.330807
112295,4519,41.59992,-93.736188
113325,4561,42.477712,-92.289505
113494,4315,41.301967,-91.692985
115171,5094,41.97305,-91.662268
115182,4475,41.234234,-95.879148
116045,5075,41.468516,-92.651525
116548,4360,41.699578,-93.049443
116556,4983,40.839421,-91.209197
117251,5019,42.252736,-90.420579
117947,5178,41.570709,-91.263404
119195,4933,40.814537,-91.129683
120211,4624,42.034757,-91.673066
121196,2847,42.035661,-91.575906
121595,4707,41.837297,-90.193208
122010,4530,41.872653,-91.587154
122184,4367,43.163367,-93.201061
122678,9002,41.599624,-90.343594
124756,4351,43.145466,-93.359104
126366,4825,41.030337,-93.765689
128944,4751,41.560071,-90.60138
129514,4635,41.972397,-91.684707
129550,5233,41.392695,-93.279175
130427,4896,43.200483,-91.152856
131062,4720,41.005258,-93.293312
132321,4796,41.54293,-93.644942
132740,4838,42.03201,-94.028392
132986,5141,42.28056,-94.290484
134672,4750,41.556786,-90.552365
134846,5109,,
135677,4554,42.510269,-96.416824
136537,4915,41.530574,-90.478727
136924,4532,42.88744,-95.152943
137991,4717,41.550717,-90.48541
139542,5216,41.522454,-93.357883
139995,5188,42.489854,-96.397384
141520,4923,,
142732,4929,41.614408,-94.018348
142762,4656,42.106452,-93.620453
143886,5024,41.95613,-91.725833
144938,4786,41.343626,-94.013479
144948,3845,42.422303,-94.150427
145470,4535,42.539269,-90.67607
145785,5006,42.511655,-90.65613
146341,4739,41.244769,-95.828098
146343,5061,41.943073,-91.675489
146688,4663,42.443956,-90.850389
151100,4643,41.027387,-95.232924
151136,4961,42.475443,-90.70501
151459,9023,42.056362,-94.874691
153665,4540,42.268385,-90.427804
154935,4858,40.82658,-91.208325
155336,4869,42.781693,-91.10046
155731,4541,42.003648,-90.606669
161998,4940,41.89948,-93.529231
163989,3826,41.038156,-93.799151
164819,4759,42.527126,-92.337563
166288,2849,41.557061,-93.59678
178242,5076,42.434196,-96.371935
180466,4968,41.730092,-92.445819
181159,5150,41.73067,-92.30035
182090,5120,42.161847,-95.793241
183387,4499,43.320094,-95.149937
184273,5152,42.453093,-92.307001
184663,4710,42.493351,-90.715654
185563,4980,42.408987,-92.264562
191592,4996,42.511657,-90.656121
193407,5173,41.723198,-94.936352
194140,4424,40.80456,-91.112268
195562,5214,41.956073,-91.676432
195971,4992,,
197066,4855,42.684496,-91.539836
197415,4827,41.658979,-91.533522
200189,4658,42.519634,-93.268365
210756,9022,41.521305,-90.570318
210772,5132,41.57593,-93.613468
211890,4791,42.470416,-96.347085
213347,4975,42.511534,-96.41671
213933,4210,42.645706,-95.189031
216365,3655,42.518797,-96.380851
216714,4008,42.388268,-95.867335
217964,3894,41.987286,-91.653699
222096,2853,42.022745,-93.649579
222837,4582,43.42282,-95.126585
222868,4513,41.763942,-93.717064
228389,4716,43.146099,-95.144928
229427,4297,,
238837,5130,41.521304,-90.569973
242263,3973,42.021789,-93.650131
245476,4686,41.850694,-90.189909
252115,4846,42.030357,-96.097205
252188,5065,42.489845,-96.376341
264747,4551,,
284660,5156,41.598593,-90.345923
303985,3766,43.066629,-92.319884
304018,2845,41.263132,-95.850866
306219,5201,,
314694,5044,41.362302,-95.858942
323082,5195,41.278661,-95.811475
323332,4689,40.626968,-91.344306
325494,4948,41.82906,-90.841519
343639,4766,42.459906,-90.674582
344705,4685,42.515774,-90.672722
355077,3908,,
358975,9010,41.436453,-93.712273
365987,2515,43.148446,-93.236556
365988,3385,42.034737,-91.679406
365991,4165,41.731732,-93.58109
365993,2567,41.560151,-90.608199
365995,2582,43.14623,-93.17114
365999,4864,41.833351,-90.225022
366002,2587,41.664386,-93.69774
366004,3920,41.827842,-90.204753
366006,4829,41.605561,-93.613738
366018,5106,41.825153,-90.539393
366019,2665,41.614909,-93.842181
366023,2130,42.498,-92.335585
366029,5102,41.91776,-91.410151
366030,2616,41.836268,-90.193205
366034,2106,42.517607,-92.455802
366045,2612,41.830538,-94.104717
366046,3041,41.677804,-93.245037
366050,3540,41.573626,-90.528589
366051,4091,43.105949,-93.613385
366073,5144,41.692385,-93.581269
366104,4368,41.682763,-93.697667
366133,4807,41.662819,-92.007382
366155,3858,,
366179,4170,41.67139,-91.34538
366229,4404,41.746734,-93.600245
366236,5115,43.284017,-93.201021
366237,3054,41.745088,-92.725777
366245,4787,41.847872,-91.663265
366261,4506,41.70765,-91.660174
366282,2550,41.030575,-93.772951
366371,3647,41.818874,-90.245005
366424,4911,41.673827,-90.340916
366455,3528,43.148393,-93.250371
366472,2849,41.556034,-93.59676
366510,4014,,
366604,4013,41.437464,-91.030702
366970,2152,42.987393,-93.188018
367281,5037,42.014306,-94.374603
373265,4268,43.082782,-94.214217
373266,5007,,
373272,3986,42.495322,-96.394855
373275,2572,42.512771,-92.433344
373280,3762,41.61467,-93.722451
373290,2500,42.023145,-93.715664
373298,4027,40.708545,-92.867848
373299,4973,42.965028,-91.814401
373301,4046,40.734947,-92.874322
373309,4156,42.677024,-91.910502
373310,5186,42.964207,-91.807823
373313,5172,41.960205,-91.72574
373320,2505,42.07402,-93.892932
373356,2642,41.397023,-92.899722
373359,4947,42.53783,-92.462227
373362,2545,41.665693,-91.502069
373369,4674,42.009586,-93.585947
373379,3879,42.448939,-96.332446
373383,2543,41.015384,-92.438455
373396,2285,41.663541,-91.530112
373399,3980,41.646632,-91.552165
373400,4135,41.644082,-93.458047
373403,5111,,
373420,4728,41.649537,-91.502794
373425,2536,,
373440,2576,42.653594,-95.200758
373444,5105,41.737771,-91.607619
373456,2566,41.325428,-93.109494
373463,4456,41.649635,-91.574083
373475,2290,42.647492,-95.202605
373476,4437,42.022905,-93.678822
373484,4610,42.588938,-94.846615
373486,3573,40.999098,-92.410459
373501,4457,41.653244,-91.540396
373528,3928,41.739934,-91.607593
373534,4650,43.384957,-94.30857
373539,5086,42.515631,-96.385545
373574,4844,41.6346,-91.571143
373585,4073,43.261793,-93.63325
373610,5224,41.671398,-91.573591
373652,4509,42.02146,-93.650965
373710,3987,43.06882,-94.226873
373731,3947,41.728586,-92.44515
373784,4600,41.635714,-93.532117
373858,4762,43.143391,-91.932844
373859,4433,41.59759,-93.491959
373886,4481,41.656297,-91.530221
373944,4183,43.30329,-91.785188
373959,3855,42.634808,-95.185569
374005,4023,42.035092,-93.869687
374176,3682,43.088189,-93.990043
374199,4271,40.731266,-92.867933
374214,2559,,
374216,3943,42.022712,-93.45299
374459,4968,41.730101,-92.445854
374568,4436,42.021387,-93.650126
374974,4289,43.256608,-91.485894
375387,3400,41.600475,-93.561744
375542,3866,42.019876,-93.610363
384441,4231,42.793066,-96.164909
384442,2620,41.600375,-93.715949
384444,3889,42.700335,-92.481356
384446,4477,41.242659,-95.824954
384447,2666,41.704185,-93.621597
384461,2544,42.034788,-92.899809
384462,3704,43.109636,-94.678806
384463,3645,41.595969,-93.718442
384470,3621,43.18463,-95.854736
384471,4209,41.688335,-93.771771
384472,3700,41.475941,-95.339425
384475,5068,43.360706,-95.141004
384478,2522,,
384479,3420,41.599172,-93.718027
384481,2607,,
384483,3912,41.973418,-91.715955
384488,4678,41.610207,-94.016768
384492,5123,41.614714,-93.832155
384495,4167,42.504958,-90.668138
384496,2353,43.371131,-92.106504
384501,3989,42.749597,-95.547298
384505,4193,43.184878,-95.482214
384508,2644,42.508344,-94.177165
384529,3691,41.646972,-93.769776
384544,2651,42.713533,-92.475372
384557,3783,42.732604,-94.667708
384569,3830,41.047716,-94.372142
384581,2553,41.05157,-94.372396
384597,4637,41.945049,-91.666828
384598,3942,41.985887,-92.579244
384630,5107,41.600367,-93.717276
384636,3592,42.505334,-94.151808
384650,4878,43.08534,-95.624303
384653,5104,43.366276,-95.129941
384669,4239,43.421681,-95.10622
384674,4384,41.613582,-94.017513
384685,4081,42.185825,-93.600106
384686,2552,41.955861,-91.658753
384690,4573,40.606087,-95.654309
384699,3688,42.965098,-92.199171
384712,4150,42.457622,-92.357515
384725,4474,41.261926,-95.902044
384727,3845,42.42473,-94.151152
384732,2848,41.731901,-93.600237
384735,4608,41.239313,-95.853201
384740,4253,,
384760,2660,43.05603,-96.175686
384770,2658,40.711915,-94.233182
384777,4375,41.367325,-93.559611
384780,4255,42.997487,-96.052388
384788,4449,41.629619,-93.782888
384819,4925,41.643798,-93.736535
384825,4297,42.006539,-91.634855
384840,4299,,
384846,4536,42.455024,-90.678404
384861,3676,42.895749,-92.802101
384868,4010,41.038205,-95.745944
384873,3719,42.012918,-92.91231
384890,4291,40.715722,-94.237509
384897,4592,43.111918,-94.681447
384904,4891,43.403935,-95.759951
384928,2854,41.614963,-93.814347
384936,2549,41.368503,-93.558425
384958,4285,43.058386,-92.312899
384990,4924,42.959546,-92.548261
385002,4233,43.371038,-92.116904
385010,3742,42.780675,-96.185499
385037,4374,41.673533,-93.772283
385055,4764,42.501162,-94.171822
385067,2575,42.472607,-92.376643
385084,4195,,
385090,4136,41.686283,-93.779984
385097,2445,,
385108,3666,41.944272,-91.716111
385160,4318,41.012235,-95.232712
385185,4700,42.75288,-92.795129
385189,4346,42.094181,-91.869288
385205,5058,41.614952,-93.782658
385316,3808,42.316243,-92.190812
385339,4266,40.760655,-95.385109
385500,3849,42.470285,-91.116087
385535,4982,42.675622,-95.303759
385625,3880,41.220509,-95.837111
385819,4319,42.722189,-94.217865
385857,4769,,
385930,4252,42.241707,-91.191318
386273,5092,41.589108,-93.807207
386425,4006,43.453843,-96.435452
386458,4042,41.130197,-95.742936
386754,2597,42.764111,-95.552287
388093,3654,42.845848,-93.614243
388875,5097,42.016053,-91.634871
395457,2588,41.976831,-91.61041
395458,2517,41.69916,-93.034293
395461,3899,41.558107,-93.795512
395462,3833,41.403853,-94.98571
395465,3488,42.255889,-90.423093
395466,4361,41.643631,-93.619906
395468,4962,41.533096,-90.577225
395469,3612,42.069219,-90.661269
395478,2514,42.03324,-91.582452
395482,4771,41.977955,-91.680078
395491,5078,41.238829,-95.879365
395499,3461,41.503441,-94.318377
395500,5054,42.484072,-91.445322
395507,2528,41.553941,-93.596756
395509,4194,41.70145,-93.053368
395510,3805,41.535834,-90.596255
395518,4950,41.977698,-91.651454
395522,4166,42.469334,-92.062259
395524,4596,41.600473,-93.559912
395532,2506,40.814689,-91.137509
395541,3611,41.644114,-95.786448
395542,5142,41.976971,-91.634123
395546,3886,42.101677,-91.264965
395549,2662,,
395551,4560,41.645404,-95.322971
395560,2591,41.403856,-94.990031
395561,5116,41.699445,-93.045672
395574,4114,41.404062,-95.023116
395576,2532,41.627842,-93.568427
395581,2191,40.39978,-91.387531
395596,3644,41.644195,-93.505276
395616,4279,41.363968,-91.953421
395618,3651,41.375082,-93.558439
395666,3972,42.305567,-93.301721
395667,3934,42.049942,-90.665308
395670,4110,42.570361,-92.785817
395718,4752,40.797234,-91.114767
395751,4983,40.839429,-91.209254
395761,4876,42.044188,-91.672964
395780,3784,42.468721,-91.893029
395781,4790,41.00859,-91.170033
395783,2555,40.414975,-91.403338
395787,4757,41.692799,-93.457412
395797,3162,41.408684,-91.063814
395798,4654,41.503431,-94.318377
395902,5020,41.888461,-91.148607
395915,3747,41.333611,-92.20511
395944,4641,41.533019,-93.596871
395968,3829,41.91673,-91.422419
395989,2558,40.961243,-91.525484
396038,4152,41.557404,-95.899334
396046,5171,42.473764,-91.344117
396047,4580,41.296496,-91.694398
396050,2448,41.358191,-93.55329
396097,2628,42.360633,-93.103286
396108,4684,41.371387,-93.558425
396116,4722,40.807646,-91.112904
396123,3624,41.697436,-93.014458
396187,4138,41.356606,-93.579363
396211,4908,42.853949,-91.405357
396328,4019,42.483834,-91.477212
396349,4148,42.455635,-91.890287
396358,4742,41.261863,-95.870993
396374,3814,41.561342,-93.806489
396459,4024,42.503451,-93.262434
396462,4303,41.008749,-91.170033
396516,4869,42.782585,-91.100479
396546,4504,41.36244,-93.558362
396582,5055,42.763103,-93.368266
396586,4612,41.521586,-90.589149
396788,4284,42.522324,-93.263608
396872,2841,41.976882,-91.627671
396928,4098,,
397000,3696,41.537606,-93.596758
397022,4972,43.044875,-91.389805
397170,4415,42.556736,-93.057274
397280,2507,40.801819,-91.111219
398272,3710,41.279564,-91.360496
398616,3803,,
408645,4427,41.752452,-91.636993
408722,2668,40.739727,-93.765536
408810,3826,41.038182,-93.799142
415732,4938,42.615596,-91.905522
415744,4308,41.671398,-91.573591
415770,4775,42.721391,-94.201402
415771,4852,41.96301,-91.706326
415808,4896,43.200451,-91.152817
415846,4472,40.724279,-92.874182
415881,4960,42.021452,-93.648525
415929,4324,42.261702,-94.06844
416122,4293,41.156373,-92.638037
416175,5083,42.494069,-96.422581
416183,5076,42.434278,-96.371985
418161,4520,,
426424,4738,,
426477,4656,,
426496,4563,42.975643,-96.318263
426540,4507,43.155624,-95.153511
426567,5035,41.232108,-95.80566
426852,5118,42.442892,-90.850392
427096,3822,,
427142,4295,41.630651,-93.541733
427371,5179,33.52629,-91.436068
427870,4459,42.653978,-93.9044
428349,4744,42.005323,-91.634816
428385,5152,42.453056,-92.306999
428641,5192,42.068203,-91.654042
429446,4770,42.409493,-92.449521
436684,4222,,
436691,4522,30.179733,-92.501378
436696,4000,,
436802,4555,40.639013,-91.560169
437133,4562,40.994676,-76.454469
437171,5040,41.58852,-91.036583
441769,5189,41.55915,-93.791014
442733,4653,42.020203,-94.377422
442831,4707,41.83727,-90.193208
442941,4521,,
443015,4505,41.687517,-93.706061
443249,4119,42.482965,-92.444795
449592,4664,42.044233,-93.879869
449736,4720,41.005257,-93.293445
449738,4915,41.530641,-90.478587
449749,3652,42.34119,-95.460978
449792,4781,42.470563,-95.148047
450273,4979,41.98823,-91.65208
459991,3872,42.491948,-90.720484
460089,5052,41.303168,-94.453264
460093,4890,41.640365,-93.79457
460283,4525,42.827477,-96.560848
460356,4584,42.750191,-92.973027
460625,5112,43.307173,-96.43194
460953,4792,42.066915,-93.8834
463783,4756,42.038101,-92.91267
469978,4498,42.468418,-91.737537
470037,3957,42.64539,-91.401173
470338,4991,42.864215,-91.387611
470394,4417,41.498434,-93.491137
470624,4855,,
470638,4858,40.826549,-91.206486
470947,2847,42.035914,-91.574303
470950,5047,42.028274,-91.628026
480121,4353,43.13372,-93.352883
480432,4500,41.751898,-91.63695
488554,4975,42.510743,-96.416685
488604,5059,40.860016,-93.499475
488860,4112,41.752451,-91.608725
500167,4524,43.142731,-93.005439
500245,4685,42.515551,-90.672585
500763,4508,43.130032,-95.143886
500959,5153,43.299911,-96.430862
501017,4702,42.501197,-94.163032
502351,5183,42.296186,-91.020497
511877,5019,42.252328,-90.420399
511952,3690,42.464485,-92.325442
512165,4753,41.498416,-93.491141
512706,5094,41.973003,-91.662349
512723,4627,41.581097,-92.844307
514032,3870,41.644024,-93.503783
525529,5102,41.91776,-91.410151
526046,3437,41.479869,-93.67811
534376,4247,42.845719,-93.614324
535635,3970,42.018948,-93.452277
536011,4750,41.556778,-90.553623
548465,2205,40.739238,-95.02756
548981,4497,42.514224,-93.380188
577432,5093,41.610504,-90.344168
586089,4811,41.135177,-92.906561
613044,5095,41.284951,-95.915947
613050,4659,,
613513,4541,42.00365,-90.606713
632090,4930,42.035108,-93.872371
671100,3826,41.038182,-93.799142
692207,5168,42.02088,-91.665196
704794,5044,41.362299,-95.85848
716921,4948,,
726689,4860,41.968294,-91.677076
756240,3782,42.780054,-91.100479
771888,4881,,
805539,4882,41.288487,-93.803773
837748,4572,42.36157,-92.782335
849657,3973,42.022405,-93.650139
891379,5139,42.507702,-92.344737
911358,4338,41.953825,-93.100142
920956,2487,42.108289,-91.281881
951192,9018,42.487355,-90.66184
1034425,2845,41.263068,-95.850493
1089073,5161,41.242292,-95.909382
1159183,4996,42.511678,-90.656049
1187514,4778,,
1233224,5053,41.668724,-91.481158
1271933,3864,42.499481,-95.29346
1327448,4625,41.267987,-95.867877
1338288,3631,41.723198,-94.936352
1357241,4432,41.681288,-91.565776
1369414,4322,33.52629,-91.436068
1453463,4920,41.655804,-93.736395
1474821,5038,42.487326,-92.355915
1494997,4954,41.628615,-93.771388
1547944,4672,42.782424,-91.100471
1548362,4691,42.51871,-93.265716
1588904,5032,41.600477,-93.63996
1589596,4834,41.451884,-91.034915
1635272,5056,41.273813,-95.881702
1669123,4425,41.261856,-95.869858
1689939,4276,43.419668,-93.535032
1710055,5084,42.010311,-91.634956
1740663,4270,41.05186,-92.409171
1783862,4583,42.517855,-94.534532
1785126,4586,42.39872,-94.638843
1796825,2367,40.765934,-95.381935
1817879,5136,41.629411,-93.705732
1820930,4776,,
1825686,4681,42.961269,-91.807891
1870461,4288,41.959613,-91.725777
1910075,4349,41.526509,-93.628356
1922353,5036,42.02088,-91.665196
1938451,4188,42.600941,-90.995943
1948866,4071,41.714397,-92.902995
1979009,5026,41.515209,-92.076452
2092594,3969,41.306142,-94.45329
2132826,3529,42.749161,-95.551309
2154294,4889,41.57593,-93.613468
2162319,3440,41.586987,-93.624123
2183250,4567,41.645488,-93.619903
2183651,4683,42.493091,-92.376863
2201653,4012,41.598779,-93.599363
2213076,4812,43.059133,-92.66188
2233956,2953,41.627783,-93.602222
2234014,2954,41.58631,-93.662807
2234037,2955,41.610923,-93.672994
2234122,2962,41.659093,-93.736517
2241300,2959,41.637408,-93.697647
2241504,2956,41.546771,-93.644921
2251542,5033,42.453056,-92.306999
2251563,3761,40.882645,-94.560455
2271076,2963,41.614714,-93.832155
2289203,4030,43.454831,-95.321331
2289272,5008,43.107687,-94.678814
2289987,4488,41.924505,-91.657358
2330673,4990,41.234743,-95.14161
2371033,4386,42.056601,-92.9081
2392174,4085,42.495394,-92.315218
2393917,3451,41.825153,-90.539393
2400175,3925,41.738152,-91.60761
2411407,5085,42.408201,-92.452292
2421445,4870,41.525027,-90.518583
2431470,4729,42.021746,-95.370395
2492592,4335,43.307194,-96.431938
2511520,2958,41.626162,-93.551522
2550870,3692,41.91776,-91.410151
2550913,2961,41.571985,-93.772757
2550957,5030,42.489119,-92.367142
2550998,2951,41.614862,-93.738113
2571266,4486,43.382148,-95.129128
2634539,2599,41.682013,-91.590715
2643329,4059,41.896632,-92.278167
2654473,4121,,
2663843,4939,41.629411,-93.705732
2735334,4616,43.145197,-95.14774
2746586,4964,41.58873,-91.016579
2759335,4994,42.507702,-92.344737
2790996,4963,41.600607,-90.911744
2811014,4976,42.494268,-96.422997
2880842,2583,41.295212,-91.707973
2902417,4465,42.542993,-94.678054
2916495,3534,43.197271,-92.411865
2960722,4117,43.360706,-95.141004
2960758,4936,41.232389,-95.613006
3024970,3847,42.510453,-92.337744
3032476,4108,41.620075,-93.658277
3078737,5049,42.715075,-92.538218
3146286,4977,42.489845,-96.376341
3146608,4007,43.145526,-91.7643
3167807,3352,42.484073,-91.445037
3185442,2659,,
3238277,4865,42.814369,-94.527889
3286469,4574,43.06357,-94.42294
3289528,2510,41.976952,-91.632647
3318393,4951,42.021302,-91.665352
3345215,4225,42.00684,-92.88396
3396941,3994,43.368931,-95.127445
3420205,4946,42.480288,-92.353141
3420237,4075,,
3429031,4494,42.504385,-96.417379
3441923,4403,41.600367,-93.717276
3451315,2960,41.58098,-93.719113
3550270,4931,42.408201,-92.452292
3551193,4181,42.519503,-90.660269
3574839,9014,42.428369,-95.515071
3646059,3798,,
3672253,3791,42.014306,-94.374603
3672964,4646,42.639345,-92.047353
3683779,4835,42.02088,-91.665196
3705487,4050,42.487326,-92.355915
3734349,4772,41.570542,-93.770921
3745772,4036,42.489119,-92.367142
3754222,3797,41.574536,-90.576113
3766760,2537,42.503345,-94.163096
3776622,3976,41.515209,-92.076452
3776623,4221,42.453056,-92.306999
3838817,4966,42.644563,-95.186938
3841018,4618,41.989568,-91.649703
3880632,4381,41.690965,-92.066144
3913201,4693,41.961645,-91.667665
3922114,4871,,
3933085,4784,41.95613,-91.725833
3933655,4906,42.010532,-91.63496
3973330,4093,42.501131,-94.173816
3982695,4955,43.15094,-93.20893
3983644,5016,42.011822,-91.663862
4005421,4005,43.36182,-91.219222
4005432,3614,42.349486,-95.472171
4006412,3915,42.422568,-95.002635
4017552,3616,42.846725,-94.853219
4017609,3615,,
4134792,4340,42.053354,-93.620697
4134796,2964,41.747345,-93.600365
4161789,4072,41.538186,-90.615542
4163935,3003,42.267363,-94.724867
4194233,4332,41.600477,-93.63996
4339101,3962,41.656803,-95.318597
4404892,4099,,
4412789,4441,42.868764,-91.236067
4499347,4928,41.611018,-93.625814
4506910,4632,41.605229,-93.619783
4525872,4029,42.927309,-91.38678
4544383,2638,42.512766,-92.429371
4575440,4095,42.507702,-92.344737
4583344,4965,42.620494,-95.239661
4613855,4534,42.050339,-90.395668
4621969,4875,42.535592,-92.445477
4649514,4101,41.89948,-93.529231
4667946,3536,42.663965,-93.904497
4668446,4816,40.765871,-95.383909
4686999,4139,,
4766083,4331,42.965028,-91.814401
4786958,4460,43.044875,-91.389805
4808256,4348,41.588741,-91.015552
4808897,4564,41.600607,-90.911744
4820979,4922,42.049174,-92.914802
4830196,4219,43.142775,-93.396651
4830248,4347,41.509114,-90.765769
4830281,4484,41.569916,-91.261936
4843918,3878,42.518018,-92.455801
4894002,4606,42.494268,-96.422997
4899825,9017,,
4908133,4442,42.986768,-96.009298
4941248,4826,41.025034,-92.807086
4982744,4758,42.644563,-95.186938
5020938,4080,42.521427,-92.437189
5028749,4328,43.308556,-91.797663
5060622,4918,42.620494,-95.239661
5080860,4886,41.98823,-91.65208
5150837,2664,43.066257,-92.674231
5158059,4526,41.538148,-90.637353
5215780,3016,42.672008,-92.33724
5226207,4850,42.021302,-91.665352
5226290,3531,43.284116,-92.814028
5245175,3482,42.063289,-94.86165
5272730,4894,41.520238,-90.585656
5296060,4916,41.004879,-92.418429
5308791,4832,40.727993,-95.037796
5338324,4294,42.46212,-93.815849
5350425,4833,41.036556,-93.946974
5407284,4304,41.585081,-93.621668
5407372,4614,41.629411,-93.705732
5425555,4593,43.204363,-96.294873
5444552,4814,42.480288,-92.353141
5504266,4570,43.156079,-95.146545
5505634,2503,41.722013,-93.60043
5547478,3725,43.39966,-94.480204
5575246,4035,42.509207,-92.465829
5587859,4809,42.951715,-92.536512
5646430,4302,41.611018,-93.625814
5783887,4851,41.963507,-91.7143
5815185,3911,41.673742,-92.007451
5858510,4822,41.296226,-92.648951
5901126,4903,,
5946677,3492,42.394636,-94.632453
5961953,4581,42.561054,-92.455972
5986853,4078,42.516198,-92.44586
5987396,4341,41.234743,-95.14161
6026317,4257,42.513324,-92.34514
6055655,3885,42.46874,-91.89069
6105107,3929,42.510417,-92.345102
6105240,3697,42.527173,-90.683352
6136917,4187,43.403935,-95.759951
6145825,4649,41.261929,-95.900018
6157115,4671,42.498751,-92.25887
6176196,4043,40.819885,-91.121931
6215600,4052,42.400336,-96.361267
6267370,3895,40.807275,-91.106472
6304475,4815,40.765869,-95.38464
6314515,4033,43.023979,-91.176172
6323652,4076,41.520149,-90.58842
6353254,4109,41.576393,-93.613246
6354236,3583,40.75718,-93.317443
6374406,4422,41.503858,-94.318376
6393711,4333,42.507683,-92.332774
6440628,4680,41.5464,-93.596755
6450847,3812,42.620494,-95.239661
6479111,4327,42.044188,-91.672964
6489587,3734,43.08534,-95.624303
6717291,2422,41.587503,-93.626508
6754435,4044,40.811109,-91.101094
6842577,4215,42.498751,-92.25887
6843290,3543,42.587074,-95.967322
6862662,4113,41.228712,-95.847514
6893965,4399,41.56041,-93.880668
6941301,4830,41.600394,-93.721761
6971163,4330,41.69943,-93.045515
7034572,4280,41.587349,-90.359813
7044543,3906,40.815076,-91.1414
7045252,4682,41.385681,-93.280738
7097068,4094,42.02076,-93.650122
7120363,4763,42.021302,-91.665352
7243709,4352,41.049199,-94.364142
7243819,4400,41.296226,-92.648951
7244966,4259,41.287661,-92.645071
7252852,4350,42.049238,-92.896472
7283810,4363,41.030337,-93.765689
7284044,4354,40.765871,-95.383909
7286105,4389,41.025034,-92.807086
7293416,4579,41.828024,-90.646328
7304648,4394,41.645392,-95.319319
7315138,4483,41.658979,-91.533522
7325329,4407,41.318976,-93.086599
7325380,4391,41.303202,-94.45363
7327146,4383,,
7345619,4666,41.65854,-93.494642
7367210,4390,40.739257,-95.019407
7388198,4144,43.059133,-92.66188
7450081,4639,42.50638,-94.185766
7496065,4309,41.257663,-95.902023
7568754,3569,41.204759,-92.886643
7671221,2634,42.022911,-93.667927
7740337,2534,41.629416,-93.736469
7741120,4469,,
7762553,3852,41.977958,-91.680323
7831152,3596,43.490923,-92.360421
7879945,4282,42.02088,-91.665196
7912366,2161,42.925689,-88.688517
8018048,4038,42.021746,-95.370395
8018350,4049,41.04635,-95.742987
8027662,2645,41.4272,-91.04401
8027704,4039,41.261863,-95.870993
8027861,4040,41.24394,-95.818775
8047873,2511,42.010355,-91.657622
8067427,4262,,
8352193,4066,41.371387,-93.558425
8352958,4213,41.850694,-90.189909
8362080,4550,42.493091,-92.376863
8362129,2132,42.96126,-91.808119
8362237,4026,42.502924,-96.417851
8390225,4041,41.821777,-90.213015
8488415,4329,41.65854,-93.494642
8505645,3642,40.717867,-91.452491
8505948,3554,42.809582,-92.258147
8515568,3172,43.135942,-93.380369
8593381,3064,41.61025,-94.016796
8611134,3530,43.086379,-95.627244
8639516,3760,,
8779398,4218,42.498321,-92.382928
8797345,4323,42.50638,-94.185766
8885265,2260,41.83226,-94.106562
8902729,3832,43.344357,-96.301894
8907355,4115,41.604077,-93.645353
8917147,4226,43.269279,-91.476658
8933820,4174,40.63021,-91.329824
8943212,4314,41.289877,-94.562737
8943221,3480,43.145197,-95.14774
