,Zip Code,predicted total sales,predicted dollar/litre,Store Count,Area (sqkm),Stores per sqkm
0,50001,31238.1312824,12.0887612098,,,
1,50002,-22998.7184243,13.0092856775,2.0,279.202219,0.00716326685068
44,50003,117471.848937,13.2132151037,3.0,298.086291,0.0100641998327
362,50005,-49876.0952278,12.2688167184,,,
363,50006,4532.01919616,12.8752069926,2.0,317.74515,0.00629435256526
485,50007,11221.8248637,11.9429249908,,,
486,50008,-47267.038083,12.1107579695,,,
487,50009,252949.208815,14.4465023541,9.0,65.207113,0.13802175232
2600,50010,862678.855485,14.5511716811,21.0,155.294118,0.13522727242
9691,50014,475201.815253,13.0994368741,4.0,144.826088,0.0276193333345
10148,50020,-3485.45261995,12.2741405952,2.0,249.128489,0.00802798591212
10297,50021,573819.99199,14.1863180873,12.0,66.725924,0.179840147287
12824,50022,92441.7688426,12.8063449661,7.0,431.883311,0.0162080817242
13869,50025,14290.8198679,13.2753641431,3.0,507.431421,0.00591212896136
14078,50026,-6159.57354474,12.6215527414,,,
14079,50027,-66467.0173992,11.6239830543,,,
14080,50028,40388.5567242,12.1867227572,2.0,114.933651,0.0174013440154
14138,50029,-45280.5532092,12.9163814367,,,
14139,50032,170374.232268,11.5608286247,,,
14140,50033,-38106.0810237,12.2931599652,1.0,0.288201,3.46980059056
14214,50034,-99527.8169972,11.8768547117,,,
14215,50035,20448.0779972,13.1313789364,1.0,116.89815,0.00855445531003
14578,50036,201746.584973,13.0513908511,9.0,505.063491,0.0178195418207
16021,50038,-48259.5474418,14.1261495185,,,
16022,50039,-84543.4005823,11.9402955549,,,
16023,50041,-59280.0277732,10.5926659429,,,
16024,50042,-65018.7295708,13.0319963391,,,
16025,50044,-44286.830842,12.549967607,1.0,118.473056,0.00844073778261
16041,50046,4387.51462713,13.0252207726,1.0,119.973352,0.00833518429993
16092,50047,29934.4584802,13.214129803,2.0,152.159628,0.01314409102
16274,50048,-26011.0114986,12.1055128285,1.0,226.57327,0.00441358329692
16311,50049,39617.4609127,12.7984777845,3.0,523.124656,0.0057347707962
16789,50050,-5052.02784667,13.4096879893,,,
16790,50051,-145507.229659,11.5680431733,,,
16791,50052,-86105.3729486,12.7980398116,,,
16792,50054,98630.4746521,12.4411624049,2.0,152.872278,0.013082816755
16984,50055,13474.7945354,11.825962449,,,
16985,50056,39289.1577346,12.9691412046,1.0,149.192377,0.00670275532911
17012,50057,-44911.7676313,12.3260413889,,,
17013,50058,16476.6566265,13.098816622,2.0,364.231967,0.0054910062301
17131,50060,-24679.3770835,13.0034978211,1.0,453.610186,0.00220453603306
17261,50061,-7250.11172821,14.3999256547,1.0,81.699043,0.0122400454556
17267,50062,-36615.1409508,12.3200027847,,,
17268,50063,-3300.62105042,12.6572646632,,,
17269,50064,-120511.166234,12.5172014204,,,
17270,50065,-87997.6532591,13.116444586,,,
17271,50066,-67541.859064,12.6303188133,,,
17272,50067,-51476.9114134,12.8583148191,,,
17273,50068,-77246.9970923,12.8905118326,,,
17274,50069,9966.30675362,11.8489130611,2.0,13.262492,0.150801221972
17406,50070,16655.8802485,12.5415978112,,,
17407,50071,-57228.744195,12.6553907494,1.0,293.114182,0.00341163976842
17420,50072,34641.6239312,12.6524823943,1.0,228.908869,0.00436855070041
17457,50073,16044.1118083,13.2784319054,,,
17458,50074,193649.653368,13.2074123137,,,
17459,50075,29902.924232,13.7527322297,1.0,119.369391,0.00837735697253
17551,50076,-62943.0777351,12.6787238485,1.0,290.651382,0.00344054789321
17573,50078,-127180.488921,12.8025413746,,,
17574,50101,-159268.829891,10.2887047146,,,
17575,50102,-121341.854134,12.6062130183,,,
17576,50103,-98509.271228,13.3902235499,,,
17577,50104,-46022.1661167,14.4839987819,,,
17578,50105,20016.6231655,13.8563145693,,,
17579,50106,-13024.3203082,12.6098465964,,,
17580,50107,-18160.1862588,13.2710274921,1.0,130.433186,0.00766676051293
17608,50108,-26272.892184,13.1352167033,,,
17609,50109,-3962.14762874,13.5329886055,1.0,62.757235,0.0159344177608
17671,50111,199359.084536,14.2764110013,6.0,71.484606,0.0839341549984
19207,50112,179434.504071,13.3213818039,7.0,475.672153,0.0147160180722
20693,50115,-105193.889775,13.0787780018,2.0,441.185334,0.00453324225868
20832,50116,-132223.181091,11.9375268126,,,
20833,50117,60464.9781192,11.9201159276,,,
20834,50118,-74547.7284627,12.5973418036,,,
20835,50119,-43787.0047332,12.0682770083,,,
20836,50120,-35288.6698193,13.6846445658,,,
20837,50122,842.347979555,13.1053949584,1.0,218.621364,0.00457411838305
20915,50123,10081.0908304,12.0913042097,1.0,204.584834,0.00488794785248
20945,50124,98389.9599733,14.1945380774,2.0,54.098688,0.0369694732708
21064,50125,192882.38857,13.0707031792,8.0,426.521944,0.0187563620408
22830,50126,83606.6644175,13.0305139124,5.0,351.87483,0.0142095983393
23515,50128,-67645.0326937,11.9296202053,,,
23516,50129,-20777.6893405,12.8161213466,5.0,435.65865,0.0114768753013
24366,50130,42754.5749165,12.8604560281,1.0,171.933052,0.00581621734953
24452,50131,171772.560933,15.3896615215,10.0,64.666939,0.154638524022
26593,50132,-61700.102656,12.0411701741,,,
26594,50133,-5371.11221266,13.1909531792,,,
26595,50134,1124.99173388,12.2418366716,,,
26596,50135,8731.18133242,12.1134338873,1.0,195.278764,0.00512088452178
26677,50136,-110093.011805,13.6481766806,1.0,100.632209,0.00993717627723
26697,50138,173516.481912,12.364573425,5.0,461.827288,0.0108265581743
28090,50139,-71623.3548843,12.6859451472,,,
28091,50140,210744.385872,14.571543334,2.0,241.678133,0.00827546942362
28198,50141,-54009.3277177,12.6034480414,,,
28199,50142,3082.52562538,12.6065252297,1.0,2.566675,0.389609124646
28479,50143,-36716.7236508,12.3053370197,,,
28480,50144,26409.2687527,13.3904916167,3.0,362.605062,0.00827346420222
28597,50146,-83513.2741036,11.4309945641,,,
28598,50147,-32506.6319073,12.4933104042,,,
28599,50148,-9176.54545187,11.6512002143,,,
28600,50149,-18356.2613298,12.0355902589,,,
28601,50150,-2032.01874693,12.5360022862,1.0,148.536678,0.00673234391306
28612,50151,-74051.7884976,11.8008987588,,,
28613,50153,-6506.28956944,11.9758495979,,,
28614,50154,18583.8317595,11.5836953258,,,
28615,50155,-56746.6912411,11.710353417,,,
28616,50156,-23063.9397006,13.1711961652,1.0,238.724015,0.00418893758971
28796,50157,-13287.6743379,11.140538858,,,
28797,50158,280640.825976,14.1362124162,12.0,548.346934,0.0218839556783
31491,50160,38826.5016868,12.3978932447,1.0,0.965184,1.03607187852
31511,50161,-23541.3521838,12.7056292049,1.0,211.812219,0.00472116294669
31537,50162,-2555.56338289,12.2722768542,1.0,132.120698,0.00756883679195
31543,50164,-7595.06397317,12.3111089143,,,
31544,50165,1634.93816894,14.5163338977,,,
31545,50166,14073.5664851,11.8084597388,,,
31546,50167,-22590.1790837,12.348788932,,,
31547,50168,-11080.3395797,11.7640582817,,,
31548,50169,63455.0786535,12.7561243029,,,
31549,50170,2604.5522765,11.7830024288,2.0,230.99503,0.00865819494038
31670,50171,60963.1691992,11.8099968946,3.0,281.675684,0.0106505466052
32015,50173,-87842.1849607,13.5828529972,,,
32016,50174,8010.37685038,11.696993922,,,
32017,50201,106008.745856,13.2660413543,5.0,300.453642,0.0166415023852
32942,50206,-98188.362865,14.0837134984,,,
32943,50207,-14903.9502831,12.2076403239,1.0,366.588282,0.00272785587838
32971,50208,229669.603244,13.4583479502,6.0,426.046663,0.0140829644287
35288,50210,-16718.6214026,12.408483967,1.0,196.767136,0.00508214949065
35323,50211,54638.1967711,13.6573785591,6.0,147.182178,0.0407658052186
35784,50212,74964.6266826,12.2911740855,2.0,352.230522,0.00567809963953
35907,50213,61970.0395489,13.1075503511,6.0,543.975469,0.0110299091447
36605,50214,-33373.8208058,11.6527094199,,,
36606,50216,107985.541485,12.9261083372,2.0,145.699881,0.0137268471757
36868,50217,-39274.2504403,12.4254881965,,,
36869,50218,-99651.2452965,11.6797174027,,,
36870,50219,226768.203108,13.047883436,3.0,317.144262,0.0094594175568
37730,50220,29295.3642895,13.0399474573,5.0,268.176779,0.0186444181284
38545,50222,-191362.356861,12.320133612,,,
38546,50223,-46143.7282835,12.1500054271,,,
38547,50225,-19286.2391425,12.6329791281,2.0,217.246336,0.0092061391544
38714,50226,-60995.2316083,13.0118155498,3.0,109.873855,0.0273040387998
38988,50227,-1891.74328287,11.0182359819,,,
38989,50228,3524.26006521,12.555259737,1.0,180.367188,0.00554424566402
39022,50229,31251.3245156,10.7335729084,,,
39023,50230,-10391.7148101,12.7663541522,,,
39024,50231,-40888.742838,13.2298847735,,,
39025,50232,-23281.8947758,11.8662156222,,,
39026,50233,-35293.0500927,12.4061018471,,,
39027,50234,-21961.2708733,11.3671994658,,,
39028,50235,-49312.0582206,13.0850603936,,,
39029,50236,43810.0414725,13.7838957611,,,
39030,50237,49334.6125998,12.1968649089,1.0,146.002809,0.00684918329208
39033,50238,-4392.42041738,11.9405466125,,,
39034,50239,-49033.1197177,12.6646562565,,,
39035,50240,5215.94252505,12.0964639686,1.0,197.714047,0.00505780957486
39063,50242,33253.3796289,13.3007406064,,,
39064,50243,-28573.6808182,11.6354805735,,,
39065,50244,63950.0496348,13.9014146945,1.0,57.130248,0.0175038624023
39325,50246,-29575.8373866,12.7640452627,,,
39326,50247,16098.9263523,12.3880512081,2.0,215.968634,0.00926060401901
39496,50248,-10747.0350157,13.6076704452,5.0,211.580755,0.0236316388983
39829,50249,5127.00737789,12.5973506246,1.0,202.332923,0.00494234939709
39908,50250,88929.8464007,12.5372669709,2.0,265.060086,0.0075454589568
40193,50251,-34490.7089862,12.2313739514,1.0,104.817095,0.00954042849594
40205,50252,17942.4251025,12.1145062549,,,
40206,50254,-72110.5078974,11.668234044,,,
40207,50256,-113120.547751,12.2914223052,,,
40208,50257,-65254.8742325,11.9848710233,,,
40209,50258,-11116.8038937,12.9337704384,,,
40210,50261,-3591.8642771,12.896898281,1.0,173.242731,0.00577224795654
40225,50262,-65125.9157076,11.9204168961,,,
40226,50263,132170.635502,14.4438106313,5.0,90.002855,0.0555537932658
41622,50264,-109070.519349,12.3835750123,,,
41623,50265,416696.000251,15.8946020534,15.0,46.466559,0.322812799631
45989,50266,739324.329452,17.1358381453,16.0,43.060835,0.371567341878
48837,50268,-5387.41410877,13.2046020769,,,
48838,50271,-20523.932154,12.1441616899,,,
48839,50272,2929.01128032,13.1618036525,,,
48840,50273,16201.1384193,12.4702880275,5.0,519.17142,0.00963073044352
49622,50274,-17429.286307,12.7346674246,,,
49623,50275,-69138.7569867,11.6182735341,,,
49624,50276,5041.25530446,12.8944912713,1.0,209.84696,0.00476537758755
49659,50277,55059.1920805,12.6807002808,,,
49660,50278,-17591.5052346,12.2519603372,,,
49661,50309,259909.419656,15.3519592034,6.0,7.776473,0.771558005795
50210,50310,449586.544312,14.5124945184,8.0,21.123546,0.37872429184
52467,50311,584578.275827,15.0289076361,7.0,6.511832,1.07496630748
55868,50312,166092.513376,15.6988445554,5.0,15.05106,0.332202515969
57066,50313,265962.216836,13.9694311979,9.0,47.635293,0.188935544072
57908,50314,327987.793828,15.9453065794,6.0,6.629721,0.905015459927
62456,50315,579559.287631,14.9427494516,11.0,26.560331,0.414151465206
65555,50316,204810.287976,14.7295959608,7.0,9.302481,0.752487427816
66833,50317,338009.924148,14.4701370913,20.0,60.041842,0.333101039772
71280,50320,524374.317452,14.5015531668,9.0,49.547031,0.181645596484
74542,50321,92784.5180611,14.4363481989,5.0,30.969186,0.16145080468
76254,50322,581795.093115,16.0846703254,19.0,27.938267,0.6800708147
79150,50323,-145050.210317,14.2188887087,4.0,19.984131,0.200158816013
79332,50325,385174.033397,16.7274230389,9.0,20.224117,0.445013248292
80251,50401,534062.843216,13.2952027911,14.0,387.509792,0.0361281193121
84442,50420,-17660.929964,12.964180014,,,
84443,50421,10215.2799075,12.765753159,3.0,232.911303,0.0128804397269
84777,50423,36898.633908,12.710476373,2.0,376.364842,0.00531399263909
84934,50424,-24621.73262,12.6243470935,2.0,315.854649,0.00633202647589
85085,50426,-49446.8709932,14.1070130127,,,
85086,50428,333616.472826,14.251869209,4.0,316.380154,0.0126430180573
87085,50430,-29773.9903677,12.9438092908,1.0,160.984015,0.00621179686691
87115,50431,-52408.9121698,13.5246563126,,,
87116,50432,-30658.0963075,12.8710179495,,,
87117,50433,-141268.479831,12.7079823963,,,
87118,50434,-58965.4905094,12.4066742526,,,
87119,50435,-83780.6607682,12.7432651138,1.0,105.304339,0.00949628485869
87251,50436,19287.1416095,13.2864206907,2.0,354.034151,0.00564917252856
87845,50438,4823.44236228,12.2967376357,1.0,342.63578,0.0029185510048
88021,50439,-54247.5225085,12.7942474811,,,
88022,50440,5591.70612231,12.1123022908,,,
88023,50441,13493.1542555,13.1735795615,4.0,395.662654,0.0101096223249
88756,50444,-57490.91476,12.6035472196,,,
88757,50446,-36600.6923546,11.3855828789,,,
88758,50447,-62502.16023,13.0475378775,,,
88759,50448,-70782.8391536,11.8703803839,,,
88760,50449,-50910.5895699,12.60687357,,,
88761,50450,54135.0342242,12.2143629532,3.0,214.081289,0.0140133685387
88967,50451,-35495.2108028,12.9327437272,,,
88968,50452,-41979.992715,13.8081131657,1.0,127.424687,0.00784777285739
88977,50453,-71346.9804674,11.3840009018,,,
88978,50454,-22085.4959867,11.7025689935,,,
88979,50455,-136345.913608,12.7024845033,,,
88980,50456,-9788.27742749,12.8500630147,1.0,120.430473,0.00830354622953
89020,50457,-45070.5821179,12.2319117349,,,
89021,50458,15561.7100692,12.5627006363,1.0,190.798489,0.00524113165278
89065,50459,-10802.7325939,12.4348937113,2.0,375.483499,0.00532646575769
89413,50460,-11419.5728114,12.2119787893,,,
89414,50461,134678.122025,12.6025718351,2.0,446.474922,0.00447953491103
90204,50464,-2717.76496154,12.1047565242,,,
90205,50465,-48614.7027736,12.9376781641,,,
90206,50466,-76466.1343908,13.1917112485,1.0,354.341172,0.00282213888484
90239,50468,10210.0922234,12.7969216227,,,
90240,50469,-33634.2789811,12.25092798,2.0,227.879604,0.00877656431244
90418,50470,-31837.8663477,11.828739677,,,
90419,50471,15975.9754589,13.3669438918,,,
90420,50472,-9308.00224065,12.8326075293,2.0,316.41701,0.00632077270435
90607,50473,-111724.51063,12.5367099658,,,
90608,50475,-18774.3091093,12.5331042454,1.0,231.102519,0.00432708394667
90635,50476,-25400.0295307,12.8483105147,,,
90636,50477,-76154.6070437,11.9577993256,,,
90637,50478,-78149.8114262,12.9032626496,,,
90638,50479,-7423.92287301,13.1066137822,,,
90639,50480,-43874.1545242,13.0924005322,,,
90640,50482,65179.3740906,13.4152000694,,,
90641,50483,-73612.7643808,13.2124695863,1.0,198.210428,0.00504514323535
90809,50484,-34081.6700611,12.9788296094,,,
90810,50501,519703.064297,13.6013597161,16.0,407.21578,0.039291208214
93799,50510,-20093.5634733,12.8759222056,,,
93800,50511,79822.0439361,12.4176816096,3.0,321.723723,0.0093247708687
94825,50514,-22494.2185966,12.3404522983,1.0,287.766282,0.00347504229144
94842,50515,-19085.3717356,12.7330308409,,,
94843,50516,7628.6657409,13.1544562301,,,
94844,50517,-14930.5029056,12.455027053,1.0,198.110964,0.00504767621039
95215,50518,-42312.7124359,13.0749205595,,,
95216,50519,-79680.9063986,13.2436592368,,,
95217,50520,-119553.814903,11.547553281,,,
95218,50521,48799.9041406,14.3398115796,,,
95219,50522,-49280.6471668,12.5681397229,,,
95220,50523,30257.5644155,12.6917574507,,,
95221,50524,-40993.845941,12.6777949403,,,
95222,50525,-36215.0020588,12.6773305121,3.0,363.773781,0.00824688352127
95388,50527,-41994.1374578,12.7935889401,,,
95389,50528,-35916.1037377,12.3447827841,,,
95390,50529,3978.23738229,12.3739218642,1.0,1.445412,0.691844263089
95415,50530,20576.5604016,12.5326899191,1.0,168.385319,0.00593876001743
95508,50531,-98581.1426796,12.5401745107,,,
95509,50532,-76212.4808832,13.110991362,,,
95510,50533,-26987.4965757,12.8767011065,2.0,258.50312,0.00773685052621
95807,50535,-35422.8729509,12.9190760011,1.0,158.492375,0.00630945179539
95838,50536,-11834.3025116,13.1763657808,6.0,370.232494,0.0162060329583
96778,50538,-53969.4555767,12.3104291797,,,
96779,50539,-50453.9105873,13.234242086,,,
96780,50540,-25895.7049912,13.1200891314,1.0,275.625728,0.00362810833102
96786,50541,-23622.5873258,12.2976166149,1.0,237.749663,0.00420610480529
96802,50542,-7587.31592287,12.3729365476,1.0,172.884137,0.00578422067723
96817,50543,35570.2171681,12.9485713695,2.0,212.824794,0.0093974013197
97015,50544,-84907.0909994,13.5457855913,,,
97016,50545,1857.07127623,12.797290854,,,
97017,50546,-81189.1714464,11.96258555,,,
97018,50548,151155.053903,12.8176236238,2.0,323.465219,0.00618304498451
97565,50551,-172852.678375,13.7986714075,,,
97566,50554,-1627.74549234,13.0671294892,2.0,232.762069,0.00859246529554
97754,50556,-10016.6168947,12.7798611779,,,
97755,50557,-13953.7910848,12.3550549498,,,
97756,50558,-37784.4469087,12.624459394,,,
97757,50559,-13128.7296974,12.6972928603,,,
97758,50560,-40930.7749897,12.049391991,,,
97759,50561,-25667.7253725,12.9723888472,,,
97760,50562,-73386.5006081,12.3956156613,,,
97761,50563,47661.5227731,12.8913798716,3.0,253.318021,0.0118428210838
97933,50565,-55446.5508231,12.7280560143,,,
97934,50566,-5495.88901472,12.6480634922,,,
97935,50567,-71243.1207437,13.289846314,,,
97936,50568,1474.00278675,13.1089756572,,,
97937,50569,-23261.6332316,11.719419802,1.0,54.889709,0.018218351276
97957,50570,-163424.953927,12.0984951249,,,
97958,50571,-105412.982495,12.2926505914,,,
97959,50573,-82913.1988929,11.3131916363,,,
97960,50574,10000.3003185,13.4477770602,1.0,288.134473,0.00347060172838
98257,50575,8354.84804087,13.177717672,,,
98258,50576,-94442.3575962,13.501620036,,,
98259,50577,648.414500963,13.0141727273,,,
98260,50578,-35731.3161445,13.097953799,,,
98261,50579,13376.9069065,13.5412293228,3.0,359.119951,0.00835375475978
98373,50581,-46758.47865,12.9974597588,1.0,246.722485,0.00405313686752
98407,50582,-74688.1004685,12.226127556,,,
98408,50583,-11945.7732735,12.8698032452,2.0,306.359541,0.00652827717874
99048,50585,-32541.8658958,12.5466555775,2.0,165.291906,0.0120998060244
99249,50586,-72405.1508635,12.344574573,,,
99250,50588,153798.158102,13.5710289517,10.0,368.993698,0.0271007338451
101783,50590,-8996.56931639,13.1015220879,1.0,203.980739,0.00490242365481
101816,50591,-56120.1812305,13.5200459226,,,
101817,50593,-26064.777496,11.6642538001,,,
101818,50594,-9992.94319177,12.023946899,,,
101819,50595,183443.12105,12.9829034555,5.0,399.609138,0.0125122263846
102698,50597,-86976.1383332,13.3386936483,1.0,214.240511,0.00466765130149
102804,50598,20901.5189507,13.2062659626,,,
102805,50599,-27539.2022577,11.7680390775,,,
102806,50601,-72146.8846061,12.7275479854,2.0,368.01212,0.00543460362121
102911,50602,-36336.8094244,12.4366828656,3.0,207.455662,0.0144609212931
103056,50603,-49567.1315922,12.0728235773,,,
103057,50604,1964.76801193,13.0552351731,,,
103058,50605,-126612.983833,12.0675947654,,,
103059,50606,-22746.722527,12.8258958156,1.0,184.315162,0.00542548962955
103135,50607,-17465.9952058,14.0295102039,,,
103136,50609,-20291.6128173,12.7016302835,,,
103137,50611,-41570.9097722,11.3442085292,,,
103138,50612,-54736.6088193,14.5066724618,,,
103139,50613,612404.161558,14.306028338,16.0,329.972902,0.0484888301525
108420,50616,34045.6036218,12.3351857594,5.0,448.105088,0.011158096915
109245,50619,-31860.5071339,12.2512140353,2.0,230.86623,0.00866302533723
109311,50621,47815.6344634,12.9100049295,2.0,165.399151,0.0120919604962
109410,50622,22047.6991141,13.1366750201,2.0,64.857976,0.0308366082839
109535,50624,20.1673646685,12.981272635,,,
109536,50625,-33453.7672487,12.344022256,,,
109537,50626,864.091725914,12.1830182525,,,
109538,50627,-62167.3900511,12.4823180618,3.0,277.223505,0.0108215932123
109855,50628,-86918.6334053,12.8422415279,1.0,289.356789,0.00345594103202
109903,50629,48680.6799425,13.2207214817,1.0,205.328666,0.00487024057323
109989,50630,9087.27829464,12.4623691152,1.0,214.715992,0.00465731495212
110067,50632,-29371.5728341,12.2511844787,,,
110069,50633,-97059.4656604,13.2613056354,,,
110070,50634,2984.4292114,12.9295464364,1.0,1.018252,0.982075164105
110076,50635,-49853.8229023,12.5783712282,1.0,217.592812,0.00459574004678
110150,50636,-8939.96504083,12.6529615311,1.0,313.519052,0.0031895988254
110256,50638,50046.4925766,12.9702594124,4.0,245.826479,0.0162716401271
110669,50641,42174.8897124,14.2686437503,1.0,123.019787,0.00812877362566
110700,50642,-142266.137137,12.9265876736,,,
110701,50643,-1796.48479752,12.8562481531,2.0,163.108458,0.0122617798275
110741,50644,2995.90906894,12.6549366095,4.0,372.595201,0.0107355113251
111641,50645,18269.664121,12.4750328555,,,
111642,50647,-55384.002151,12.2404558204,1.0,79.06534,0.0126477670241
112096,50648,25084.6380335,11.7155935124,1.0,223.212718,0.00448003146487
112277,50650,-44337.2807248,12.8929727701,,,
112278,50651,33930.1662147,12.8260355524,1.0,294.627077,0.00339412117237
112526,50652,-51268.8625361,12.6643016772,,,
112527,50653,-76318.5934552,11.6033280381,,,
112528,50654,6993.50304594,12.5663100303,,,
112529,50655,22189.6391525,13.0857360279,,,
112530,50658,34098.8669437,12.6110419291,1.0,187.097603,0.00534480390965
112616,50659,24880.1849708,12.3735827393,2.0,403.802766,0.00495291307638
112875,50660,-70923.8907742,12.4905605059,,,
112876,50662,100295.911807,13.3177761852,5.0,176.049517,0.0284011003563
113482,50665,73264.6951385,12.940642896,1.0,253.290828,0.00394803083829
113567,50666,-2405.01601756,11.8741462213,,,
113568,50667,-90080.6766176,11.8608795237,1.0,5.217793,0.191651911067
113712,50668,-20293.9613418,12.3969392182,,,
113713,50669,-23654.0559544,12.8698950467,1.0,239.750053,0.00417101054822
113746,50670,5136.08439098,12.2969009413,,,
113747,50671,-136906.678093,12.0782549692,,,
113748,50672,-5141.78297773,13.2368404959,,,
113749,50673,-68506.5129002,12.0879714312,,,
113750,50674,-27562.4124751,12.2310360103,1.0,408.690075,0.00244684190092
114084,50675,54273.1657877,12.1590578382,2.0,287.237436,0.00696288070194
114259,50676,-52818.7357608,12.6090277103,1.0,148.867149,0.00671739874591
114497,50677,122773.170342,13.0154213899,5.0,325.186841,0.015375775922
116066,50680,-57802.604499,12.6295043168,1.0,138.682394,0.00721072063408
116087,50681,-61000.1860658,12.4896519083,,,
116088,50682,-18729.9928454,13.2371322082,2.0,220.98261,0.00905048591833
116141,50701,549483.574054,14.6119562839,14.0,214.718743,0.0652015739492
118502,50702,388284.139993,13.4654283232,16.0,25.60849,0.624792793328
121689,50703,365105.559163,16.2427181242,16.0,244.724015,0.0653797707593
124603,50707,209518.91166,13.1452454423,6.0,25.361881,0.236575512676
125315,50801,136717.910377,13.432462993,5.0,545.028688,0.00917382902971
126376,50830,-11371.4165192,12.5046289799,1.0,306.617835,0.00326138888822
126388,50833,-2892.25964675,13.1186786414,1.0,536.325319,0.00186453998082
126545,50835,-39945.9586357,10.7921953557,,,
126546,50836,-61739.3714059,12.3828845293,,,
126547,50837,-54076.9654186,12.2472664627,,,
126548,50840,-14958.5739619,13.1628424938,,,
126549,50841,42095.5731422,12.9071112001,1.0,610.836196,0.001637100104
126783,50843,-37276.7624629,12.8967537281,,,
126784,50845,-37609.2448121,13.1637503032,,,
126785,50846,-20033.2795388,12.2778392033,1.0,238.867152,0.00418642744148
126847,50847,-15151.0617325,13.1757495367,,,
126848,50848,-102490.986244,12.6074558189,,,
126849,50849,-13107.2542745,11.7469157151,3.0,304.431532,0.00985443255595
127044,50851,-30784.4301095,12.8500024438,2.0,335.214398,0.00596633083762
127185,50853,-1108.97427157,12.4352830692,,,
127186,50854,17257.6348951,12.8609962068,3.0,350.941226,0.00854843996014
127388,50857,-120310.556665,13.0389209638,,,
127389,50858,-14352.7355649,12.3240771913,,,
127390,50859,-89426.3188258,11.6775529801,,,
127391,50860,-77668.7812297,14.1062714767,,,
127392,50861,-74178.6927422,11.9159183614,,,
127393,50862,-59801.83713,13.2069095128,,,
127394,50863,-62645.4387572,13.1168212633,,,
127395,50864,-9544.86992704,12.9388225267,1.0,377.642994,0.0026480035798
127417,51001,64007.8812914,13.095224605,1.0,360.862327,0.00277113992007
127486,51002,62014.086077,13.1657244765,1.0,297.148464,0.00336532111436
127500,51003,76607.5162049,13.3644848878,,,
127501,51004,-24853.7901544,13.8124698934,1.0,212.848541,0.00469817643711
127665,51005,40191.6179517,12.944886019,1.0,244.17026,0.00409550286755
127676,51006,-74404.2748443,12.9117647615,,,
127677,51007,-33488.2773312,11.9092071437,,,
127678,51008,-82015.2746836,12.1866906345,,,
127679,51010,-15533.71772,13.1275961679,,,
127680,51011,-61717.6276773,13.8410278997,,,
127681,51012,74113.6887364,12.7926807392,5.0,386.838104,0.0129253037596
128471,51014,14380.2481937,11.2713569908,,,
128472,51016,-8340.81404383,12.9858067493,,,
128473,51018,-77936.1875734,13.1969977113,,,
128474,51019,-31296.4978273,12.6570201996,,,
128475,51020,-89168.4089766,12.7520244896,,,
128476,51022,-110680.259535,12.2754494068,,,
128477,51023,-6286.37231601,13.3277452889,1.0,271.44549,0.00368398089797
128650,51024,23020.0791253,12.6572375171,,,
128651,51025,37915.1730927,12.9824152226,1.0,278.402985,0.00359191551053
128971,51026,5823.62045727,13.2389865601,,,
128972,51027,49685.6766759,13.0948531908,1.0,239.835719,0.00416952072097
129008,51028,106980.394035,13.1964742416,1.0,328.930974,0.00304015151823
129058,51029,-219527.304096,14.5298978243,,,
129059,51030,698.374300679,12.6260270186,,,
129060,51031,303580.391045,13.1302601476,4.0,605.111843,0.00661034822946
130367,51033,-101368.368863,13.3905862996,,,
130368,51034,-76557.5293621,13.2975516442,2.0,290.876284,0.00687577540698
130803,51035,24639.83105,13.0801559842,1.0,278.97681,0.00358452733043
130880,51036,-156123.226734,11.9158809338,,,
130881,51037,-1251.20765701,11.4980486277,,,
130882,51038,15191.3606086,12.6654265874,1.0,233.828323,0.00427664188482
130892,51039,101472.119584,13.0492306428,,,
130893,51040,-23728.1339965,13.533928749,2.0,399.810225,0.00500237331349
131713,51041,138636.738714,14.1654465638,2.0,184.491043,0.010840634686
132011,51044,-39184.6386165,11.8264810354,,,
132012,51046,28769.016185,12.6772860562,2.0,240.918039,0.00830157844677
132140,51047,22102.5156363,12.60225988,,,
132141,51048,-15255.4612927,12.6913686283,,,
132142,51049,-17177.1567841,12.4382013756,,,
132143,51050,23901.3274938,12.7306783318,1.0,353.266814,0.0028307215973
132274,51051,-39344.607686,13.5949583886,,,
132275,51052,11072.9843976,13.4129927668,,,
132276,51053,20388.3742719,12.5667085964,1.0,195.513267,0.00511474241797
132291,51054,119740.506325,12.8011365293,2.0,106.329025,0.0188095395401
132667,51055,67057.268325,12.4524237109,1.0,174.692448,0.00572434590876
132780,51056,-90114.2864229,11.96119415,,,
132781,51058,-34429.8056365,12.3563444862,1.0,214.786027,0.0046557963475
132816,51060,-16786.1883545,12.1233768409,,,
132817,51061,-33071.7589907,13.0337812711,,,
132818,51062,-97346.0040587,12.615337406,,,
132819,51063,29190.4121963,13.2818006148,,,
132820,51101,213832.115164,15.4838363339,5.0,3.138764,1.592983735
133515,51103,146621.976877,16.9352782743,4.0,27.86321,0.14355847729
134886,51104,311864.497743,15.079669333,5.0,20.00953,0.249880931736
136454,51105,318711.233682,15.1278133361,3.0,15.825592,0.189566368197
137552,51106,350909.034743,14.1881473121,12.0,81.702782,0.146873823709
139913,51108,48062.0605275,13.9317739923,3.0,116.455967,0.0257608096629
140617,51109,21241.1384827,13.5212665074,2.0,49.159557,0.0406838491242
140812,51111,-217706.159899,10.7918543849,,,
140813,51201,99007.2524199,12.6810429923,3.0,295.817592,0.0101413846949
141789,51230,-156451.112261,12.881620898,,,
141790,51231,-118127.023449,11.1040902107,,,
141791,51232,-107949.037027,12.2214043957,,,
141792,51234,-45160.4153842,12.6934361352,,,
141793,51235,-29328.9867197,12.4203123902,,,
141794,51237,33624.8119085,13.5021833191,1.0,249.759921,0.00400384495637
141914,51238,-49286.809376,12.6485471919,1.0,118.831336,0.00841528870802
141941,51239,-2124.12080076,13.1676673119,,,
141942,51240,24847.1309416,13.0302633273,4.0,263.161609,0.0151997854672
142205,51241,-47700.7835522,12.3671700667,3.0,232.767886,0.0128883758475
142515,51242,-15032.8796954,12.4911658375,,,
142516,51243,-118431.251074,13.1511318567,,,
142517,51244,-125736.454103,9.99878690256,,,
142518,51245,-40701.5569798,13.7396684164,1.0,203.413241,0.00491610081568
142626,51246,39177.516795,13.3626224113,2.0,424.515402,0.00471125426917
143110,51247,103839.929398,13.4763844004,1.0,289.650577,0.00345243572568
143204,51248,-33165.3886378,12.8255078836,1.0,214.49695,0.00466207095252
143380,51249,33132.6923945,13.263296906,2.0,324.74321,0.00615871229455
143732,51250,185696.211986,13.9212764914,3.0,186.398963,0.0160945101395
144433,51301,287898.965045,12.2869713227,7.0,406.942409,0.0172014512255
146343,51331,62434.7139273,12.6148352134,3.0,7.12251,0.421199829835
147083,51333,-124486.669197,11.9428531115,,,
147084,51334,-46128.1311754,12.983211527,3.0,491.781068,0.00610027549902
147858,51338,-5436.62869473,12.8683635014,1.0,189.29993,0.00528262213304
147865,51341,-79338.463838,11.1793319449,,,
147866,51342,11660.0108094,12.996649654,1.0,214.231634,0.00466784471242
147963,51343,-115255.923974,13.0807139727,,,
147964,51345,-44265.718441,12.6819283217,,,
147965,51346,5160.24635494,13.0202000906,2.0,377.358581,0.00529999872986
148262,51347,22140.3001077,12.6706153783,2.0,223.92845,0.00893142430093
148295,51350,-34122.74701,14.0151861548,,,
148296,51351,166704.992207,13.1220343242,2.0,278.931975,0.00717020700119
149246,51354,2632.211035,12.78292352,,,
149247,51355,325854.364845,14.5494081152,1.0,11.052693,0.0904756876899
149287,51357,-74250.138888,12.6812764562,,,
149288,51358,74072.3366418,12.8891123771,1.0,202.954357,0.00492721622133
149334,51360,155696.619533,13.5895259969,6.0,334.993966,0.0179107703689
150984,51363,-141142.022573,12.9579435006,,,
150985,51364,-32096.1431515,12.1774554316,,,
150986,51365,-13048.9425691,12.9934994496,,,
150987,51366,-5021.97231263,13.0254088799,,,
150988,51401,257042.164543,12.8767023334,7.0,454.121,0.0154143939611
152469,51430,-49103.3385189,13.1551484591,,,
152470,51431,-6000.08814469,12.7418827416,,,
152471,51433,-108004.169476,12.5954766787,,,
152472,51436,20865.5974474,13.2393629836,,,
152473,51439,-36584.5037752,13.0413279503,,,
152474,51440,-67931.30014,13.2536156297,,,
152475,51441,-92572.4310902,11.7351005049,,,
152476,51442,22983.9379515,13.0772483428,5.0,448.677639,0.01114385823
153391,51443,-9794.13741762,12.8446381688,2.0,276.442701,0.00723477231544
153444,51444,-39912.579753,12.3215035792,,,
153445,51445,58965.1831467,13.2980233138,3.0,327.873042,0.00914988308188
153759,51446,14703.896091,12.8638954583,,,
153760,51447,-88581.2615594,11.0952244057,,,
153761,51448,-42597.5814596,12.8431778183,,,
153762,51449,29368.3637475,12.8841074694,1.0,232.944822,0.00429286210964
153899,51450,60952.1293266,12.7052606351,2.0,157.595822,0.0126906917621
154093,51451,-67416.9087154,14.0042191837,,,
154094,51453,-57334.6051117,13.7665184684,1.0,223.339647,0.00447748536112
154097,51454,-28932.6043197,12.5358808389,,,
154098,51455,-24548.1218179,13.054493719,1.0,287.004925,0.00348426076661
154361,51458,-28484.3506383,13.4764282512,,,
154362,51459,-121891.960883,16.1254276483,,,
154363,51461,-39162.0889204,12.6235461745,1.0,130.196128,0.00768071996734
154571,51462,12725.7768446,12.9215295729,1.0,281.553969,0.00355171693566
154596,51463,-44902.3709438,13.6534431169,,,
154597,51465,-79143.2984665,11.9720866828,,,
154598,51466,-28747.3202125,12.8844021722,1.0,134.548626,0.00743225724208
154612,51467,-41167.3278893,12.7127000369,,,
154613,51501,701316.810147,15.1171083188,26.0,68.663347,0.378659082844
159278,51503,371894.67258,13.8979845185,15.0,311.311378,0.048183269421
162670,51510,-36713.0157318,12.8180358876,2.0,5.228569,0.382513838873
162835,51520,-120369.373142,12.6527667103,,,
162836,51521,26904.0774113,12.3501855294,2.0,223.26416,0.00895799845349
163293,51523,52835.0701526,12.6964429326,,,
163294,51525,34220.9831532,11.844984125,,,
163295,51526,-47130.2397768,12.0824429052,1.0,111.333068,0.00898205733448
163321,51527,-9521.86009975,12.3805983443,,,
163322,51528,-60771.5796355,12.6526476827,,,
163323,51529,2459.57518876,13.1138581056,1.0,333.953737,0.00299442674001
163540,51530,35727.4063389,13.0110187396,1.0,140.370471,0.00712400544699
163543,51531,-45900.287942,12.4876860192,,,
163544,51532,-60812.350255,12.4043474736,,,
163545,51533,-28107.7310534,12.9802909472,,,
163546,51534,88025.8149726,13.4828975978,4.0,260.80305,0.0153372439471
163901,51535,25985.8847757,12.8975993109,1.0,337.126792,0.00296624303891
163906,51536,-5358.24485299,12.4847781179,,,
163907,51537,93687.8400437,13.0187026517,4.0,422.332929,0.00947120085917
164593,51540,-35566.5083884,11.7750136238,,,
164594,51541,-142050.781626,13.1394167411,,,
164595,51542,38703.5490337,12.5719631895,,,
164596,51543,-38627.1163034,12.9037959631,,,
164597,51544,-23860.185361,12.2428325848,,,
164598,51545,-88046.2532501,13.1403607387,,,
164599,51546,44043.4018833,12.5930635147,2.0,293.310022,0.00681872370525
164702,51548,74429.1739299,12.9445109112,,,
164703,51549,59143.993452,13.1029462668,,,
164704,51550,-13445.3548741,12.9809329345,,,
164705,51551,2108.17509581,12.9514496208,1.0,210.796119,0.00474392035652
164735,51552,-105241.456898,11.5362263253,,,
164736,51553,7746.31709897,12.3798145563,1.0,118.587348,0.00843260277648
164745,51554,64000.0941874,12.8292847903,,,
164746,51555,57003.2602067,12.6501583423,3.0,410.136654,0.00731463518498
165404,51556,-1560.43476915,12.8250627554,,,
165405,51557,-11487.9014879,12.907290237,,,
165406,51558,-1216.50346212,12.9611045482,,,
165407,51559,50491.8447436,12.0981356453,1.0,220.723262,0.00453056008206
165470,51560,-6101.61695936,12.7109898137,2.0,254.891645,0.00784647138983
165725,51561,11447.0891149,12.5464337054,1.0,159.38428,0.00627414447648
165848,51562,3803.16804406,12.3204444947,,,
165849,51563,9825.16065532,11.7804952573,,,
165850,51564,-24687.2316962,12.4690988194,,,
165851,51565,48828.2888994,12.5283030087,,,
165852,51566,54833.5200605,12.9097648262,4.0,457.891547,0.00873569303956
166648,51570,54562.7590129,12.0307665372,,,
166649,51571,9865.99745525,12.333684179,,,
166650,51572,-9491.20727399,12.5022570713,,,
166651,51573,-4906.89241673,12.4893156279,,,
166652,51575,-44514.4386244,13.0837863657,1.0,126.569658,0.00790078772276
166676,51576,64611.9867933,12.3259294573,,,
166677,51577,28244.6381624,12.3207651356,1.0,206.979038,0.00483140713022
166729,51578,-42874.2425687,13.5209540541,,,
166730,51579,82061.5602779,12.9113716409,1.0,301.420886,0.00331762013333
166885,51601,35245.7235584,13.5180465198,5.0,276.34259,0.0180934831652
167558,51630,-126968.43724,13.2147683474,,,
167559,51631,-42280.5920623,11.8206187378,,,
167560,51632,57595.3355389,13.1487015408,5.0,540.669979,0.00924778551465
168361,51636,-89881.0618056,12.2220556095,,,
168362,51637,-105653.536527,13.1056014229,,,
168363,51638,21981.5965012,12.6370760908,,,
168364,51639,-16297.8551132,12.9050370983,,,
168365,51640,13100.4854917,12.7490393894,1.0,313.989946,0.00318481535074
168392,51645,-106352.40161,14.3585709803,,,
168393,51646,-45574.1416311,12.0722932195,,,
168394,51647,14447.5667069,11.9195999837,,,
168395,51648,-5401.48512279,11.7042538321,,,
168396,51649,-143724.580587,12.5471987205,,,
168397,51650,-46161.1196025,12.7548864184,,,
168398,51652,-44417.1693062,12.7946567416,,,
168399,51653,20618.095376,12.6568073344,1.0,89.512532,0.0111716200811
168402,51654,-95314.0670522,13.5974546564,,,
168403,52001,661917.051471,14.7260913085,18.0,75.057763,0.239815300651
173171,52002,263786.350026,13.1899992496,5.0,74.76947,0.06687221402
174404,52003,185994.872406,14.4587908467,8.0,151.954104,0.0526474757141
175379,52030,-5411.6206309,12.8926853736,,,
175380,52031,88793.1130289,12.5176037503,3.0,448.070077,0.00669538126734
175618,52032,-115927.384048,12.553486446,,,
175619,52033,44920.1550223,13.0631988967,2.0,252.635822,0.00791653370518
175769,52035,-55256.4499219,12.2197001413,,,
175770,52037,-56087.1040977,12.3246323497,1.0,176.775293,0.00565689912334
175799,52038,7296.84840187,11.8038575743,,,
175800,52039,-44477.7501796,15.1128737801,,,
175801,52040,172036.726325,12.9013963752,3.0,157.748966,0.0190175573005
176330,52041,18266.1949278,12.2673878077,,,
176331,52042,-36770.7782516,12.8251283068,1.0,161.463192,0.00619336201405
176417,52043,35362.5571926,12.5603647048,2.0,258.435335,0.00773887982462
176539,52044,-176953.956464,14.3892097196,,,
176540,52045,52836.1582703,12.4897277021,,,
176541,52046,-4479.01877906,12.6337435359,1.0,119.196635,0.00838949857939
176570,52047,10824.3813296,11.5731028279,,,
176571,52048,-83818.0451727,12.8773051465,,,
176572,52049,-37719.7298191,13.005467613,,,
176573,52050,-127558.76967,12.7309796213,,,
176574,52052,30346.5439955,12.7764536795,4.0,249.00035,0.0160642344479
176927,52053,-64817.4096052,12.6058701633,2.0,154.540299,0.012941608195
176987,52054,-19687.5602122,12.2957437616,,,
176988,52057,77207.7160986,12.8752760054,3.0,362.350079,0.00827928617617
177658,52060,154304.899338,13.2898834526,3.0,409.835195,0.00732001554918
178928,52064,26106.796953,12.796201301,,,
178929,52065,-45569.9499945,12.8400941062,,,
178930,52066,71177.2451512,12.9986220694,,,
178931,52068,99850.3049644,12.5819513294,2.0,120.418986,0.0166086766417
178987,52069,6244.0043589,12.7974357264,,,
178988,52070,33653.9048398,12.6017147097,,,
178989,52072,-6977.20507017,11.0266912185,,,
178990,52073,6328.99301312,11.5955789906,,,
178991,52074,-20732.0326958,12.4456359544,,,
178992,52076,-67321.0244515,12.3928387596,2.0,252.900986,0.00790823330361
179050,52077,-13658.3577766,14.1524993721,,,
179051,52078,-33130.222912,12.0221581912,,,
179052,52079,-48747.4531876,12.9568748417,1.0,153.776141,0.00650295938952
179105,52101,160865.371287,12.4971855421,4.0,804.622162,0.00497127743792
180255,52132,2675.2246135,13.4005329127,,,
180256,52133,-75006.0545275,13.2408207431,,,
180257,52134,-35221.9793761,13.0932779258,,,
180258,52135,20428.1069118,13.2556234157,,,
180259,52136,102586.910448,13.0838418302,2.0,552.444562,0.00362027276141
180841,52140,-90581.7852492,12.2658219387,,,
180842,52141,37071.6169509,13.0472457674,,,
180843,52142,132186.468317,13.6390742414,1.0,189.331878,0.0052817307395
180912,52144,-7329.40992837,13.5192947786,1.0,194.119174,0.0051514746297
181072,52146,87338.8385774,12.1098131535,1.0,221.678469,0.00451103801154
181120,52147,15476.3341241,12.2098206293,,,
181121,52151,47674.0218947,12.8262045234,1.0,324.670969,0.00308004132023
181272,52154,-82497.6262124,13.4017814174,1.0,189.966484,0.00526408647959
181313,52155,-19958.3932768,13.2303957569,,,
181314,52156,-27478.6778041,12.6093177805,,,
181315,52157,9755.61219011,13.1026971071,,,
181316,52158,85152.4515708,13.1526681137,,,
181317,52159,47800.7832385,12.7641208598,2.0,197.141302,0.0101450075642
181750,52160,-56611.7365203,13.1896691322,,,
181751,52161,-46541.3824777,12.5846439834,,,
181752,52162,1985.24107439,12.8775317211,1.0,258.921418,0.00386217566598
181798,52163,-3777.43966701,13.1790249208,,,
181799,52164,-68482.5111501,12.6920410962,,,
181800,52165,21106.7076147,12.0919758374,,,
181801,52166,-166912.180431,16.2810200346,1.0,0.493739,2.02536157768
181858,52168,16239.7633394,12.8029227379,,,
181859,52169,-30928.4446403,13.1867742835,,,
181860,52170,-123682.383474,12.3383043911,,,
181861,52171,-113173.389432,13.3309853338,,,
181863,52172,119073.250677,13.1999370197,3.0,409.930314,0.00731831703473
182663,52175,43008.6647704,12.6523157736,3.0,224.708583,0.0133506248847
183000,52201,-21177.9685648,13.0668119373,,,
183001,52202,-39893.0042294,11.9926786136,,,
183002,52203,83672.4372261,12.9441055088,,,
183003,52205,-78043.7463206,13.1290194257,3.0,309.946308,0.00967909577423
183635,52206,74753.9085579,12.1186837722,,,
183636,52207,7494.70163673,12.0116708631,1.0,102.173612,0.00978726287958
183662,52208,-6256.37789421,12.2746353668,3.0,150.72943,0.0199032133274
184076,52209,-1636.21015183,11.4757599614,,,
184077,52210,-33406.7637491,11.8165234024,,,
184078,52211,2142.02383024,12.7759092811,2.0,236.939306,0.00844098023989
184272,52212,-62393.2498629,11.9122925891,,,
184273,52213,48460.2309337,11.9994443833,1.0,194.486805,0.00514173699342
184448,52214,31256.0621427,11.8328134713,1.0,247.622502,0.00403840520116
184580,52215,-136647.663621,12.0157738445,,,
184581,52216,13843.9473609,12.1804024979,,,
184582,52217,-44868.6561127,13.4492450736,,,
184583,52218,-31002.8687053,11.989932862,,,
184584,52219,-82420.5460417,12.6850189215,,,
184585,52220,-118461.45506,9.71400280637,,,
184586,52221,62088.3419477,12.3912466299,,,
184587,52222,-50453.8384309,11.7727711444,,,
184588,52223,15063.0883601,12.4197890797,1.0,127.619807,0.00783577426974
184599,52224,29902.7725984,12.4454146534,1.0,256.593612,0.00389721315432
184636,52225,-83951.0857332,11.8237760849,,,
184637,52227,7298.19836414,12.7678279311,1.0,76.013553,0.0131555487217
184680,52228,64624.2678832,11.8222172315,1.0,96.928032,0.0103169328765
184716,52229,-11043.7037401,12.4585713479,,,
184717,52231,-37234.7662678,11.909147572,,,
184718,52232,-57448.6316522,11.7812163112,,,
184719,52233,323228.764563,13.8274057524,3.0,9.080084,0.330393419268
185113,52235,-70357.3721128,16.8317608701,,,
185114,52236,6870.78486788,12.0037269152,,,
185115,52237,73655.8510782,12.0303602224,,,
185116,52240,1083192.70753,15.669300095,20.0,415.571318,0.0481265167583
191254,52241,506901.147421,16.2029501884,14.0,30.871305,0.453495568134
194744,52242,171489.554265,15.5742862024,,,
194745,52245,343167.138218,16.7961619454,2.0,21.712859,0.0921113152349
195584,52246,441608.750904,14.6275006646,4.0,23.832009,0.167841494185
199480,52247,232294.914286,14.9294710602,,,
199481,52248,-34739.1535531,13.006153813,1.0,295.236835,0.00338711123224
199525,52249,-4787.17661878,12.7541004866,,,
199526,52251,-92714.7563643,12.5499914883,,,
199527,52253,148094.172665,12.8757861928,1.0,121.480006,0.0082318072984
199666,52254,64257.3423921,11.7384518039,1.0,146.759383,0.00681387438103
199699,52255,-20479.362413,12.7488599364,,,
199700,52257,-109247.806673,11.178728778,,,
199701,52301,-15070.2588512,11.7829014325,1.0,316.484635,0.00315971105517
200127,52302,454070.047049,13.6945579872,10.0,192.237746,0.0520189203633
202390,52305,-73257.6271588,11.8688799917,,,
202391,52306,7315.89491977,12.7585220628,1.0,194.245557,0.00514812289889
202423,52307,203338.27925,13.7792873419,,,
202424,52308,-88309.1402579,15.4460162878,,,
202425,52309,-147283.71581,13.602300026,,,
202426,52310,148989.382382,12.6904317476,2.0,385.183593,0.0051923291551
203717,52312,-58202.4485122,13.466887958,,,
203718,52313,-134908.863021,12.1134851314,,,
203719,52314,94642.9235588,14.0589132285,3.0,155.658054,0.0192730149382
204927,52315,27044.4989776,12.3687163482,,,
204928,52316,-21142.9335154,12.4592929789,1.0,180.293861,0.00554650055445
204960,52317,194572.477016,15.0499581612,9.0,95.897591,0.0938501155884
206281,52318,1179.04281079,12.5061575407,,,
206282,52320,-2400.58345026,12.1935402618,,,
206283,52321,-2301.4849356,12.5289484838,,,
206284,52322,14194.1575478,12.9537804121,,,
206285,52323,19484.4785102,12.0607018991,,,
206286,52324,-2502.66525392,11.5517520937,1.0,107.056042,0.00934090202961
206324,52325,35171.8920444,12.4612354793,,,
206325,52326,-47908.3200888,12.3369385553,,,
206326,52327,37362.5012304,12.7677563144,2.0,217.607612,0.00919085495961
206549,52328,3392.30089868,12.7645177694,1.0,7.989464,0.125164842097
206551,52329,-29784.6170573,12.3160513507,,,
206552,52330,-10626.618375,12.1440016964,,,
206553,52332,39791.9374888,12.2080882333,1.0,110.692089,0.00903406927301
206883,52333,-12705.514665,13.0377532551,2.0,234.514567,0.00852825487809
207054,52334,21142.7285206,12.3854346259,,,
207055,52335,-26961.8878615,12.3790623737,,,
207056,52336,8240.74154989,12.4538968518,1.0,127.253732,0.00785831569953
207083,52337,-4666.40171129,12.6018775827,1.0,70.714333,0.0141414046852
207092,52338,16945.2472626,12.6876572543,3.0,88.82337,0.033774895053
207336,52339,-176863.656575,15.2011286753,,,
207337,52340,120469.788425,13.1687025483,2.0,42.940483,0.0465760946378
207469,52341,10002.8864279,13.0420124562,,,
207470,52342,-9946.68887537,13.2965314572,2.0,232.660911,0.00859620118998
208243,52345,-18205.9452294,11.9571082978,1.0,8.460683,0.118193767572
208272,52346,16397.4970747,12.1610359798,,,
208273,52347,16510.4568797,12.1472415931,2.0,166.647034,0.0120014137185
208337,52348,-160515.611754,9.97733802866,,,
208338,52349,84166.123474,13.1581234505,1.0,382.672144,0.0026132030138
208544,52351,70262.479553,12.3162602815,1.0,2.13643,0.468070566319
208574,52352,29059.6596988,12.6262553666,1.0,205.022618,0.00487751063641
208594,52353,81272.166939,12.9166883737,5.0,395.338718,0.0126473825415
209920,52354,-136312.610148,11.9809926359,,,
209921,52355,-108989.230653,12.7533683802,,,
209922,52356,7871.32076233,13.304875313,1.0,232.4078,0.00430278157618
210167,52358,5206.52878942,13.4999337451,3.0,200.939529,0.0149298647953
210436,52359,-131028.206107,12.0692976495,,,
210437,52361,114773.245796,13.622147531,2.0,330.197198,0.00605698658897
210700,52362,7867.64011147,12.3486986204,,,
210701,52401,219134.471845,16.6165852693,3.0,3.464505,0.865924569311
211962,52402,968703.116636,13.8738116006,30.0,36.420817,0.823704751049
219009,52403,419948.482244,15.2046310219,7.0,69.523743,0.100685027847
220555,52404,445712.700369,13.8575005718,25.0,142.93349,0.174906524706
224823,52405,199621.986986,12.8696818904,12.0,38.49318,0.311743534829
228332,52411,108933.326449,15.3219637933,1.0,44.635019,0.0224039335572
229629,52501,323918.570872,14.4225379133,11.0,591.297871,0.0186031449452
232842,52530,3547.89273851,12.2301632258,,,
232843,52531,20037.038659,13.1977410738,2.0,563.107904,0.00355171715011
233185,52533,-53444.0502876,12.9140029859,,,
233186,52534,-62023.6617868,12.720027973,,,
233187,52535,-64250.9452939,12.1145150212,,,
233188,52536,-74348.7959118,13.0843443523,,,
233189,52537,43907.3557327,12.3601693116,1.0,900.130186,0.0011109504109
233392,52540,-23948.0460615,12.4753476462,,,
233393,52542,-54682.3704079,13.4446569635,,,
233394,52543,-136328.44779,12.0584583676,,,
233395,52544,111608.061311,13.0861957369,5.0,355.984819,0.0140455427679
234371,52548,-89994.4055586,12.2381834563,,,
234372,52549,-70009.0437493,13.1315714113,,,
234373,52550,-33259.4310985,13.1076612521,,,
234374,52551,-162087.616041,12.2724873424,,,
234375,52552,-39725.0729263,13.5521935066,,,
234376,52553,16631.9507583,13.2547504343,1.0,218.424094,0.00457824950392
234408,52554,-49108.2780694,12.7292650093,1.0,94.705759,0.0105590199641
234447,52555,-71196.2593286,12.056375173,,,
234448,52556,17411.7314954,14.8276946991,4.0,458.48455,0.00872439431165
235257,52560,-77709.3109469,12.3891652834,,,
235258,52561,-11372.4168461,12.5771395315,,,
235259,52563,-47852.7187921,12.4544664059,,,
235260,52565,-23410.9966116,12.7097225808,2.0,307.637735,0.00650115305263
235473,52566,20959.9566908,10.7553075636,,,
235474,52567,26380.2748694,12.0809746697,,,
235475,52569,-27340.1393146,12.0745082489,,,
235476,52570,-62831.0287712,13.9867706687,,,
235477,52571,34566.5592467,11.938700448,1.0,276.402554,0.0036179115769
235544,52572,-2348.09222578,12.6582441254,,,
235545,52573,-132972.347159,12.1505194273,,,
235546,52574,-57372.7712212,13.3234462928,,,
235547,52576,16380.1026954,12.0804671727,,,
235548,52577,238646.491475,13.4348525397,6.0,415.772496,0.014430968998
237064,52580,-32569.9020812,13.3748793913,,,
237065,52581,-37414.9554024,11.7776230016,,,
237066,52583,10829.3243127,12.3828410667,,,
237067,52584,-45787.2250702,13.3728545114,,,
237068,52585,42019.9865067,12.7667907544,,,
237069,52586,-21649.7769606,13.1930715796,,,
237070,52588,62664.4170815,13.3256950814,,,
237071,52590,-57144.5176179,13.8862750505,1.0,194.526072,0.00514069908326
237077,52591,-23234.9049868,12.6439189123,2.0,327.849389,0.00610036213915
237388,52593,6227.3635933,13.560499961,,,
237389,52594,55307.3372601,12.7274467414,,,
237390,52595,11602.7910308,14.6895169724,,,
237391,52601,427117.596021,14.5221534234,13.0,312.02532,0.0416632855308
240373,52619,-22318.5010763,12.6211314833,,,
240374,52620,-38484.9820869,12.1194251397,,,
240375,52621,-91073.4135041,13.1625194139,,,
240376,52623,-58702.7153855,12.1890229529,1.0,151.439917,0.00660327884358
240391,52624,3801.25299284,12.4988043264,,,
240392,52625,6121.63310609,12.1550318817,1.0,285.245058,0.00350575749502
240409,52626,-52600.7894003,12.8716488894,1.0,247.437264,0.00404142845679
240441,52627,133600.124896,14.271825092,6.0,188.414662,0.0318446554865
241828,52630,-19792.6127805,12.6312379495,,,
241829,52632,234376.991818,14.200861203,7.0,140.470022,0.0498326966874
243536,52635,8251.48875,11.9374692708,,,
243537,52637,-25202.5962781,13.005467913,1.0,172.04191,0.00581253718934
243840,52638,-21147.093536,12.4246303151,,,
243841,52639,-6864.01031323,12.3256570831,2.0,117.469873,0.0170256419703
243879,52640,-58656.8272533,12.8148310292,,,
243880,52641,66197.5016192,13.2824620497,5.0,551.76361,0.00906185168681
244985,52644,-4620.35090822,11.4904350556,,,
244986,52645,-68777.5118055,12.1506017347,,,
244987,52646,-78330.4793854,13.1322223406,,,
244988,52647,8244.79049676,12.0636376123,,,
244989,52649,-63360.124684,12.1410929525,,,
244990,52650,-89949.3496845,12.268185898,,,
244991,52651,-49833.1787482,12.9518128553,,,
244992,52653,17468.9581511,13.4127117234,3.0,312.47521,0.00960076160922
245186,52654,-11489.9418337,12.611061724,,,
245187,52655,54671.3105487,12.9472242125,5.0,42.56453,0.117468699878
245937,52656,-1804.28126758,12.7942168737,1.0,247.274743,0.00404408468033
246112,52658,-98682.2294103,11.7445520797,,,
246113,52659,311.82580649,13.1749499578,,,
246114,52660,-80043.9818972,13.6775661666,,,
246115,52701,-18508.7532942,12.2702148405,,,
246116,52720,-77458.4259571,12.2187853655,,,
246117,52721,-53733.9549575,11.7878868346,,,
246118,52722,539191.889091,16.480322731,12.0,73.161625,0.164020413707
249827,52726,-124176.034332,12.0665168808,1.0,94.823134,0.0105459496835
250252,52727,50228.3876004,11.2255344094,,,
250253,52728,-84494.0684251,12.5522032189,1.0,5.764558,0.17347383789
250289,52729,-11549.8292808,11.9518644525,,,
250290,52730,79148.8018098,12.3252725138,1.0,101.243411,0.009877185983
250429,52731,-56406.4463061,12.2077013394,,,
250430,52732,459706.102274,13.9275105516,11.0,310.704633,0.0354033986999
253541,52737,-68390.7482134,13.943594019,,,
253542,52738,-52504.4846923,13.3953921889,2.0,323.19118,0.0061882876878
253832,52739,-106645.856462,13.1905192996,,,
253833,52742,143737.288162,12.7256885597,2.0,304.142776,0.00657585896434
254034,52745,65488.3723284,12.503076696,,,
254035,52746,-37376.8392844,11.9289497775,,,
254036,52747,57528.9235346,12.6580419401,1.0,56.094151,0.0178271706082
254283,52748,117214.370735,13.5662758967,4.0,107.004915,0.0373814604684
254976,52749,-74035.0305892,11.5498436252,,,
254977,52750,-85441.8420827,11.9404629147,,,
254978,52751,-56357.5790455,12.2555660953,1.0,129.085616,0.00774679651372
255042,52752,-52533.5854542,12.9122606835,,,
255043,52753,3147.5252778,12.3413418066,5.0,68.492183,0.0730010313732
255637,52754,-7155.2254605,12.0269686032,,,
255638,52755,37770.4464221,12.1138770764,,,
255639,52756,-6183.18742194,12.8488436143,,,
255640,52757,1084.97991565,12.0582120543,,,
255641,52758,11440.8599292,13.1679688255,,,
255642,52760,-14911.5596531,11.7909033571,,,
255643,52761,333944.691462,13.9212081969,15.0,482.973608,0.0310575976648
259040,52765,-40278.5887684,11.9577091314,,,
259041,52766,-64780.2886754,12.7990911361,,,
259042,52767,41791.145481,11.5878603193,,,
259043,52768,18702.3599835,11.9184759198,1.0,89.481384,0.0111755088634
259082,52769,-69095.5016065,12.1394089894,,,
259084,52772,82273.2941502,11.9570535725,3.0,342.328096,0.00876352258273
259589,52773,19966.7611061,12.5687226536,,,
259590,52774,-125388.331887,11.7531708495,,,
259591,52776,45368.4684788,13.4225084298,3.0,219.678908,0.0136562951232
259863,52777,3293.96499451,12.3874005964,1.0,139.946616,0.0071455818553
259889,52778,42395.1386992,12.1793951292,2.0,215.972375,0.00926044360998
260203,52801,360170.456834,14.4869668528,1.0,1.359908,0.735343861497
260205,52802,38125.5228418,13.8504909906,9.0,29.294412,0.307225828598
261681,52803,489957.232261,16.0413259692,6.0,14.068035,0.42649879674
262561,52804,368351.49098,15.7430898022,11.0,88.861422,0.123788250879
265980,52806,495677.263572,14.0462553124,8.0,79.448284,0.10069443413
268241,52807,602644.067419,15.2773048993,9.0,76.46944,0.117694074914
