,Zip Code,Predicted Total Sales,Predicted Dollar/liter,Store Count,Area (sqkm),Stores per sqkm,Zip Sales - Total,Dollar per liter
0,50001,66164.6048289,11.2857692781,,,,,
1,50002,223656.53768,13.3142155325,2.0,279.202219,0.00716326685068,43680.0,14.9840485747
17,50003,498878.290641,13.4768758608,3.0,298.086291,0.0100641998327,452387.76,13.9431164633
44,50005,24225.5753182,5.17780985562,,,,,
45,50006,255360.548562,14.9976401426,2.0,317.74515,0.00629435256526,113657.52,14.205627381
62,50007,-70048.9592308,12.8253668627,,,,,
63,50008,98482.0213405,10.2100800236,,,,,
64,50009,1137776.35766,14.3881996998,9.0,65.207113,0.13802175232,2867551.34,14.7863753274
169,50014,2750554.04866,14.3698252297,4.0,144.826088,0.0276193333345,415894.63,14.0152808636
206,50021,2485954.30131,13.1439730836,12.0,66.725924,0.179840147287,1661771.85,13.742054749
343,50022,752275.718821,12.5021967048,6.0,431.883311,0.0138926414779,1104793.05,12.9483326866
405,50025,329206.363635,12.7217089638,2.0,507.431421,0.00394141930758,94061.94,11.3736679504
418,50026,163545.591337,11.9251336101,,,,,
419,50027,269424.248982,10.4758047572,,,,,
420,50028,375579.255545,11.5386640884,2.0,114.933651,0.0174013440154,13951.2,14.0218702259
432,50029,144304.37883,14.2826437898,,,,,
433,50032,566514.018365,10.6158612953,,,,,
434,50033,404423.764771,11.8931176428,1.0,0.288201,3.46980059056,54984.48,12.8669231417
446,50034,-68840.0448494,26.0999121158,,,,,
447,50035,271998.164241,16.076913538,1.0,116.89815,0.00855445531003,115970.76,14.2710760643
459,50036,1503595.76999,12.787454372,9.0,505.063491,0.0178195418207,1673319.39,12.7532083478
556,50038,510557.77217,14.1467145357,,,,,
557,50039,87935.6152903,8.71321870715,,,,,
558,50041,252658.014858,11.9728185343,,,,,
559,50042,31192.8383139,7.54532116604,,,,,
560,50044,106916.624549,10.1852815073,1.0,118.473056,0.00844073778261,16442.46,8.82579710145
569,50046,272603.262469,16.0072471193,1.0,119.973352,0.00833518429993,12828.51,12.9041281912
578,50047,621313.820279,13.3944655356,2.0,152.159628,0.01314409102,275648.7,11.1455216141
596,50048,130669.675062,9.94705831037,1.0,226.57327,0.00441358329692,40606.5,15.7879082426
606,50049,661653.820755,12.6264622432,2.0,523.124656,0.0038231805308,436927.38,14.0045405331
629,50051,45884.5867025,4.22433470653,,,,,
630,50052,-347050.041988,12.5389084451,,,,,
631,50054,454165.221742,13.2493031687,2.0,152.872278,0.013082816755,148507.38,11.8595373493
654,50055,179378.178086,10.0739583687,,,,,
655,50056,366133.669359,15.1172891299,1.0,149.192377,0.00670275532911,30421.8,10.5083937824
665,50057,78977.9741735,7.25012196544,,,,,
666,50058,167986.147301,14.789755739,2.0,364.231967,0.0054910062301,76824.2,12.379120038
678,50061,280986.43492,20.1194346892,1.0,81.699043,0.0122400454556,8869.92,12.9677192982
682,50062,142620.644665,10.7335091704,,,,,
683,50063,189626.57988,12.1584673865,,,,,
684,50064,189377.926146,10.8895584153,,,,,
685,50065,51265.5192101,11.4725686125,,,,,
686,50066,-20020.9554327,196.636779024,,,,,
687,50067,328109.672374,13.0683714934,,,,,
688,50068,14574.9077158,25.8270386164,,,,,
689,50069,377835.051059,12.2008138214,2.0,13.262492,0.150801221972,90623.04,12.2104514293
709,50071,-16771.7075363,17.1369199785,1.0,293.114182,0.00341163976842,12749.1,14.59375
716,50072,387602.721768,13.0274802519,1.0,228.908869,0.00436855070041,28546.5,10.4577426091
726,50073,303900.922262,14.2458612862,,,,,
727,50074,-229992.391151,9.97687542839,,,,,
728,50075,349883.680407,15.6692182109,1.0,119.369391,0.00837735697253,74736.24,12.198170672
740,50076,-15164.8301787,16.1736163804,1.0,290.651382,0.00344054789321,22957.44,10.5116483516
748,50078,179676.203864,12.1182453515,,,,,
749,50101,-98819.6374064,-47.9025575236,,,,,
750,50102,-165672.534599,14.7642499079,,,,,
751,50103,-25578.6364686,9.62784396852,,,,,
752,50104,238535.979716,68.4884000122,,,,,
753,50105,230090.085307,31.3300413637,,,,,
754,50106,177260.185847,13.4477683025,,,,,
755,50107,157836.104754,16.0541290442,1.0,130.433186,0.00766676051293,26043.21,11.2814424951
764,50108,122953.885622,15.4054316494,,,,,
765,50109,129850.139789,24.8183019627,1.0,62.757235,0.0159344177608,45244.2,11.5527331781
777,50111,1059004.73638,14.1023727693,6.0,71.484606,0.0839341549984,1345135.07,13.9660789182
848,50112,1379750.99687,12.7783887906,7.0,475.672153,0.0147160180722,1152139.34,14.2690997659
922,50115,111983.299757,11.5919626414,2.0,441.185334,0.00453324225868,88531.86,12.1170620745
935,50116,-88120.0987201,48.1447995878,,,,,
936,50117,213112.841151,12.9848546334,,,,,
937,50118,214914.028555,12.6071429866,,,,,
938,50119,151203.634661,8.26712339794,,,,,
939,50122,173338.97,14.0411587885,1.0,218.621364,0.00457411838305,46518.96,9.49862785455
951,50123,132933.936733,10.7793991124,1.0,204.584834,0.00488794785248,26602.95,10.6272795184
962,50124,540107.831353,16.9143084589,2.0,54.098688,0.0369694732708,84641.64,13.9024580134
980,50125,1238226.61214,12.5457164743,8.0,426.521944,0.0187563620408,1869697.92,12.2013381614
1071,50126,635984.079716,13.5436010806,5.0,351.87483,0.0142095983393,1020080.95,13.3002073625
1120,50128,159690.394168,11.4973821395,,,,,
1121,50129,611399.901825,12.6016413839,5.0,435.65865,0.0114768753013,824615.38,12.5403322472
1179,50131,630368.542853,14.9046033136,9.0,64.666939,0.13917467162,1529568.87,14.3389145869
1265,50132,124730.745893,10.09464885,,,,,
1266,50133,108230.092017,13.3335029045,,,,,
1267,50134,329306.594046,15.0028428003,,,,,
1268,50135,135488.138011,11.1014716389,1.0,195.278764,0.00512088452178,19260.99,14.3685117493
1275,50136,-2121.20725635,1.21713773322,1.0,100.632209,0.00993717627723,7363.35,11.0172065535
1280,50138,1019908.52308,12.3991069226,5.0,461.827288,0.0108265581743,951679.2,13.362167153
1340,50139,72295.6063594,12.5306454957,,,,,
1341,50141,-52728.5587272,9.79407247427,,,,,
1342,50142,224103.49293,13.3458197392,1.0,2.566675,0.389609124646,81746.52,13.5901727646
1354,50143,153861.955367,9.95044069883,,,,,
1355,50144,396229.425138,13.2432751348,3.0,362.605062,0.00827346420222,80122.54,13.5662952929
1383,50146,85917.1319827,5.59980813987,,,,,
1384,50147,-66050.5516028,165.652388449,,,,,
1385,50148,119582.96627,8.51222479344,,,,,
1386,50149,126336.100502,8.77574803636,,,,,
1387,50151,143003.245463,9.15997606418,,,,,
1388,50153,108291.62885,12.6105521508,,,,,
1389,50154,134304.908894,9.30943997592,,,,,
1390,50155,32179.1476857,3.65844952342,,,,,
1391,50156,445450.913169,13.3905484782,1.0,238.724015,0.00418893758971,102797.64,12.39254405
1403,50157,230431.436214,9.91521244252,,,,,
1404,50158,1784571.14281,14.3924893042,12.0,548.346934,0.0218839556783,1659464.15,14.3360300684
1518,50161,219125.970587,11.8374342711,1.0,211.812219,0.00472116294669,25944.0,11.122829582
1528,50162,310178.492165,12.4342413458,1.0,132.120698,0.00756883679195,2670.3,12.1102040816
1531,50164,206963.961381,11.7915433047,,,,,
1532,50165,385243.357991,25.4069824177,,,,,
1533,50166,197993.084108,11.4707088713,,,,,
1534,50167,249537.445613,14.6798945007,,,,,
1535,50168,178358.328564,10.2415501122,,,,,
1536,50169,370988.155542,13.2310405561,,,,,
1537,50171,207008.487306,11.3892002789,3.0,281.675684,0.0106505466052,285163.52,13.7104437713
1571,50173,-198095.244067,14.1988102204,,,,,
1572,50174,247605.846538,10.319564701,,,,,
1573,50201,843535.617731,13.2981503615,5.0,300.453642,0.0166415023852,457930.08,12.1353558481
1629,50206,88516.9094141,19.7347630766,,,,,
1630,50207,282675.901482,11.1180338698,1.0,366.588282,0.00272785587838,14904.72,14.81950783
1639,50208,1855142.2018,13.2644839979,6.0,426.046663,0.0140829644287,1662235.08,12.5863053106
1705,50211,484488.694316,12.7096944289,5.0,147.182178,0.0339715043488,691612.08,13.1441805518
1761,50212,441266.136681,12.4110316313,2.0,352.230522,0.00567809963953,86184.12,12.482853915
1781,50213,481134.220464,12.4227601229,6.0,543.975469,0.0110299091447,784683.12,13.8998086897
1843,50214,244417.903595,10.6846376126,,,,,
1844,50216,433057.620044,14.6915385001,2.0,145.699881,0.0137268471757,233752.32,12.5754422208
1868,50217,51738.1099245,10.2648835741,,,,,
1869,50218,182432.928265,8.85512327773,,,,,
1870,50219,1177782.05724,12.2549776972,3.0,317.144262,0.0094594175568,1144955.16,14.1610114401
1906,50222,-108633.802502,21.4170927839,,,,,
1907,50223,-31555.1703347,22.8716969153,,,,,
1908,50225,63501.1620894,11.3041096319,1.0,217.246336,0.0046030695772,82937.52,12.0009376465
1920,50226,443831.99049,14.2249476328,3.0,109.873855,0.0273040387998,333032.53,12.5135373479
1951,50227,-727807.270704,13.2841296062,,,,,
1952,50228,265677.641408,12.5940028542,1.0,180.367188,0.00554424566402,28496.71,14.5295008413
1963,50229,181346.855421,8.59369948717,,,,,
1964,50231,584214.667856,13.281096243,,,,,
1965,50232,126348.257014,9.10426654697,,,,,
1966,50233,235663.186109,12.0900222908,,,,,
1967,50234,283231.801038,10.0987806398,,,,,
1968,50235,87381.4727892,20.3287822076,,,,,
1969,50236,270249.188037,25.9190693978,,,,,
1970,50237,42088.8249532,17.2138003173,,,,,
1971,50238,179843.270286,10.4863259333,,,,,
1972,50239,89966.960342,11.575979328,,,,,
1973,50242,127400.509977,16.3467918742,,,,,
1974,50243,266857.935446,10.0079763048,,,,,
1975,50244,264223.115486,21.725854346,1.0,57.130248,0.0175038624023,99172.8,12.5051446556
1999,50246,113697.896034,16.516839152,,,,,
2000,50247,261765.331653,13.6837361235,2.0,215.968634,0.00926060401901,44048.16,11.4125047932
2016,50248,407880.054758,14.3414172579,5.0,211.580755,0.0236316388983,252988.72,11.9384533492
2072,50249,227598.338383,14.2769781399,1.0,202.332923,0.00494234939709,50396.4,12.7786398905
2084,50251,178377.269007,10.2620390308,1.0,104.817095,0.00954042849594,10455.6,14.9901075269
2089,50252,49864.2714794,13.9316439446,,,,,
2090,50254,159035.141854,10.0134847828,,,,,
2091,50256,95003.1498703,8.07559223716,,,,,
2092,50257,123101.141653,10.2693727591,,,,,
2093,50258,173201.359473,16.2148648685,,,,,
2094,50261,160455.628043,17.5026844741,1.0,173.242731,0.00577224795654,13228.8,9.60278745645
2102,50262,73891.2558461,8.52949811346,,,,,
2103,50263,697655.600981,15.147932822,5.0,90.002855,0.0555537932658,347035.92,13.3436965058
2161,50264,92531.9075248,9.15091434229,,,,,
2162,50265,1522764.97222,15.5082663507,15.0,46.466559,0.322812799631,1727138.23,14.9625112102
2323,50266,1500357.25685,14.9868190736,16.0,43.060835,0.371567341878,1807496.77,15.5479166142
2496,50268,143970.832877,13.4102019514,,,,,
2497,50271,195588.925456,11.0107553394,,,,,
2498,50272,16788.049892,3.4063233232,,,,,
2499,50273,751251.628315,11.769082917,5.0,519.17142,0.00963073044352,852858.92,11.4235466858
2554,50274,193444.657784,12.2855843252,,,,,
2555,50275,201297.008177,9.98213242151,,,,,
2556,50276,182019.266652,11.665372589,1.0,209.84696,0.00476537758755,28165.83,11.7320962199
2567,50277,217612.563475,12.61757079,,,,,
2568,50278,158961.136198,14.5471204179,,,,,
2569,50309,526919.477818,13.5375154131,6.0,7.776473,0.771558005795,416185.27,12.9445135963
2614,50311,2220386.85572,15.1394379985,7.0,6.511832,1.07496630748,2863517.54,14.6707417965
2693,50312,1014912.27223,14.8671368477,5.0,15.05106,0.332202515969,1468521.0,18.1983280827
2749,50313,1805492.93596,14.6581433733,9.0,47.635293,0.188935544072,678506.74,13.0055907192
2837,50314,1040166.95407,17.8393429968,6.0,6.629721,0.905015459927,743015.08,21.007511093
2894,50315,2869367.57342,14.6937044554,11.0,26.560331,0.414151465206,1735068.9,13.8406370173
3004,50316,1555814.20773,14.8973475182,7.0,9.302481,0.752487427816,1328301.15,15.527143312
3062,50317,3367310.47807,14.5120693577,20.0,60.041842,0.333101039772,4294976.15,14.3949730732
3287,50321,875076.207748,16.4733177241,5.0,30.969186,0.16145080468,328020.96,13.0668409863
3342,50322,2123069.09111,14.4724818793,19.0,27.938267,0.6800708147,1690107.93,15.8792421294
3520,50323,264096.660848,22.4824751465,4.0,19.984131,0.200158816013,117974.9,15.0865358548
3554,50325,1129678.39254,15.0900301372,9.0,20.224117,0.445013248292,807952.43,15.6322843866
3643,50401,3314504.47026,13.1116899357,13.0,387.509792,0.0335475393613,3286041.87,12.9145336408
3776,50421,280878.161914,12.2478080228,3.0,232.911303,0.0128804397269,326551.56,11.1140004084
3812,50423,177359.907596,12.2932493367,2.0,376.364842,0.00531399263909,134029.68,9.82226228427
3833,50424,222677.531607,13.0893982885,2.0,315.854649,0.00633202647589,81001.62,11.9244534735
3852,50426,151376.92507,16.3985475323,,,,,
3853,50428,1282549.72241,13.9514659689,4.0,316.380154,0.0126430180573,1925031.6,13.6142504704
3901,50431,214968.736949,20.163058272,,,,,
3902,50432,286679.420069,14.2650857179,,,,,
3903,50433,100987.76683,20.6171014321,,,,,
3904,50434,-28415.9116535,-24.2801022794,,,,,
3905,50435,-30699.0195136,8.63561353066,1.0,105.304339,0.00949628485869,186347.64,14.8799083958
3917,50436,406757.758499,13.6316720838,2.0,354.034151,0.00564917252856,676827.72,11.7766597833
3941,50438,422685.409504,12.7419443053,1.0,342.63578,0.0029185510048,188554.8,10.3187653916
3953,50439,56392.1847237,17.3714802624,,,,,
3954,50441,469760.204275,13.4825476268,4.0,395.662654,0.0101096223249,578120.7,12.4751590089
3999,50444,137930.948736,12.2801310085,,,,,
4000,50446,276902.281426,11.4478242659,,,,,
4001,50447,54921.7230175,16.3688904953,,,,,
4002,50448,208666.615739,10.9787769487,,,,,
4003,50449,242304.504827,11.1495463079,,,,,
4004,50451,153271.853883,13.2935602983,,,,,
4005,50452,-61619.4425246,6.17472839789,1.0,127.424687,0.00784777285739,6198.12,9.06157894737
4011,50453,93431.1805315,6.89465155158,,,,,
4012,50454,-57514.61839,-10.2889815836,,,,,
4013,50455,-4909.51634741,3.60683729501,,,,,
4014,50456,299163.599871,13.4313180628,1.0,120.430473,0.00830354622953,22051.4,12.6951065055
4024,50457,81574.230925,8.07814779319,,,,,
4025,50458,204414.551643,12.8286700618,1.0,190.798489,0.00524113165278,47176.25,13.8409281611
4036,50459,340171.411117,12.4920378691,2.0,375.483499,0.00532646575769,283514.88,11.2801875397
4060,50461,760654.1006,13.1105562331,2.0,446.474922,0.00447953491103,303706.92,11.4377112746
4084,50464,8191.4367224,2.38557605277,,,,,
4085,50465,314160.609201,12.3163063042,,,,,
4086,50466,217792.113959,13.7800508374,1.0,354.341172,0.00282213888484,25681.59,11.7027067669
4097,50468,139057.872861,13.7395111601,,,,,
4098,50469,65817.041634,11.8592318473,1.0,227.879604,0.00438828215622,92652.96,12.1904731831
4110,50471,132429.955912,24.6048323055,,,,,
4111,50472,90560.878719,13.5054057093,2.0,316.41701,0.00632077270435,150380.76,11.8601490595
4129,50473,-41732.9122329,11.4619152984,,,,,
4130,50475,93450.0785019,11.8117735746,1.0,231.102519,0.00432708394667,25275.78,11.5572839506
4139,50476,34201.7445754,12.3822518953,,,,,
4140,50477,32118.8294821,18.3711078915,,,,,
4141,50478,287291.541732,12.2463960012,,,,,
4142,50479,43477.7395402,-317.838164627,,,,,
4143,50482,212158.1756,22.2884484302,,,,,
4144,50483,74927.9052468,25.9062161791,1.0,198.210428,0.00504514323535,278922.12,13.7302391796
4156,50484,118464.542828,20.0895021819,,,,,
4157,50501,3047421.22361,13.4614696751,15.0,407.21578,0.0368355077006,2961110.86,12.1759572541
4320,50511,668542.955685,12.4121449464,3.0,321.723723,0.0093247708687,1374870.36,12.5346020458
4356,50514,116530.450846,11.7568230366,1.0,287.766282,0.00347504229144,21164.4,10.8535384615
4366,50515,16159.3908649,7.45478057913,,,,,
4367,50516,237190.009423,14.1960023724,,,,,
4368,50517,126323.54633,12.0750865541,1.0,198.110964,0.00504767621039,393926.4,14.1339981142
4380,50518,73578.0972548,21.5329764332,,,,,
4381,50519,-47167.7527754,7.05128679697,,,,,
4382,50521,-257274.742506,9.14486908474,,,,,
4383,50522,28713.3680578,7.94717206152,,,,,
4384,50523,94636.2288745,13.6508060504,,,,,
4385,50524,26134.4015545,-35.3469395581,,,,,
4386,50525,296247.91348,12.3108063684,3.0,363.773781,0.00824688352127,142722.17,12.1796860399
4416,50527,-63776.2869717,13.6509911142,,,,,
4417,50528,116247.01835,15.0217611319,,,,,
4418,50529,406086.371463,12.7355431894,1.0,1.445412,0.691844263089,15783.36,9.85967016492
4426,50531,51497.9494261,11.0066145112,,,,,
4427,50532,130804.917781,12.5970247065,,,,,
4428,50533,425821.04962,12.6152880531,2.0,258.50312,0.00773685052621,404737.68,11.3566584733
4452,50535,119898.994221,15.2602322792,1.0,158.492375,0.00630945179539,19580.64,11.9452415813
4460,50536,580777.275059,13.0044863838,6.0,370.232494,0.0162060329583,535085.85,13.1602327143
4518,50538,51792.7395971,8.36575553038,,,,,
4519,50539,-51358.2144855,8.67456879173,,,,,
4520,50541,14400.785573,7.47617487262,1.0,237.749663,0.00420610480529,13273.2,8.93818181818
4529,50542,177596.329811,12.3859186131,1.0,172.884137,0.00578422067723,5131.2,12.2171428571
4534,50543,113839.446401,22.2035325457,2.0,212.824794,0.0093974013197,114750.96,14.1609634558
4549,50544,15010.4423476,-5.06887083103,,,,,
4550,50545,-152716.57991,12.5658221532,,,,,
4551,50546,-123286.152229,17.917524299,,,,,
4552,50548,563290.964643,12.4958243876,2.0,323.465219,0.00618304498451,555671.76,13.5120250247
4576,50551,18533.1072594,-30.2141303427,,,,,
4577,50554,187159.71293,13.4366626939,2.0,232.762069,0.00859246529554,123808.08,9.78531255631
4595,50556,-79020.3422324,16.8294780045,,,,,
4596,50557,186087.031069,11.7306178387,,,,,
4597,50558,-111736.247853,12.8664788553,,,,,
4598,50559,-26477.3682755,8.24715288634,,,,,
4599,50561,71700.9044105,45.4213792679,,,,,
4600,50562,-44788.3325382,17.1574729952,,,,,
4601,50563,212882.280087,14.0275906368,3.0,253.318021,0.0118428210838,122421.09,13.4995219743
4626,50565,39667.7925001,13.1867982427,,,,,
4627,50566,-96019.2817806,12.2796752832,,,,,
4628,50567,61514.8308047,-117.780238637,,,,,
4629,50568,175988.891623,15.7346030995,,,,,
4630,50569,253145.091776,10.8361069833,1.0,54.889709,0.018218351276,14880.48,12.039223301
4638,50571,-91400.1758156,18.3126843582,,,,,
4639,50573,-102217.891262,22.2558722842,,,,,
4640,50574,227435.777486,16.4971948916,1.0,288.134473,0.00347060172838,258333.24,10.7863205467
4652,50575,66914.8338088,27.5732360122,,,,,
4653,50576,133266.090655,31.5541355526,,,,,
4654,50577,96599.1277598,42.7883460889,,,,,
4655,50578,163163.436002,15.8537275543,,,,,
4656,50579,257563.615996,14.2938629915,3.0,359.119951,0.00835375475978,50626.5,9.61928702532
4681,50581,30698.1785186,15.4022324926,1.0,246.722485,0.00405313686752,14097.06,12.1186847195
4690,50582,-56464.912411,25.3691260888,,,,,
4691,50583,385303.744378,12.5455879206,2.0,306.359541,0.00652827717874,364711.68,11.8684624667
4715,50585,89699.2127868,9.36003927636,2.0,165.291906,0.0120998060244,93110.52,11.5298007341
4732,50586,-8460.07562468,-2.22947842302,,,,,
4733,50588,1141306.20856,13.0078372094,10.0,368.993698,0.0271007338451,1939427.94,14.9601402163
4827,50591,2008.90344845,-1.2121342808,,,,,
4828,50593,52018.2969573,4.89592679774,,,,,
4829,50594,77250.3133746,9.90508853274,,,,,
4830,50595,1023372.95756,12.8137208592,5.0,399.609138,0.0125122263846,841035.08,12.3828949441
4888,50597,59739.0654695,22.2648516364,1.0,214.240511,0.00466765130149,128172.84,10.2217065095
4900,50598,223415.511676,17.9169053654,,,,,
4901,50599,-18663.8757709,-3.89594938548,,,,,
4902,50601,147086.841312,11.5750599964,2.0,368.01212,0.00543460362121,67971.32,11.6384065093
4925,50602,169751.122981,11.3949345175,3.0,207.455662,0.0144609212931,97468.2,9.91861033093
4957,50603,155052.219203,10.433748137,,,,,
4958,50604,142226.207525,12.078199745,,,,,
4959,50605,49798.2160104,6.09003224595,,,,,
4960,50606,69468.710259,18.8725080557,1.0,184.315162,0.00542548962955,24856.37,9.81952894142
4971,50607,188337.028792,16.3534916699,,,,,
4972,50609,189595.96511,14.8438130712,,,,,
4973,50611,233001.021952,8.70805230337,,,,,
4974,50612,35290.434563,-3.25597960689,,,,,
4975,50613,3698179.73541,13.6001786863,16.0,329.972902,0.0484888301525,4421267.86,13.8745025754
5160,50616,670089.368979,12.3306812229,5.0,448.105088,0.011158096915,1109007.04,12.7892855759
5204,50619,211150.172573,10.4773178875,2.0,230.86623,0.00866302533723,56410.01,12.45930682
5224,50621,199263.671007,17.8272530279,2.0,165.399151,0.0120919604962,56301.9,11.6529443906
5246,50622,160694.390673,18.5745032666,2.0,64.857976,0.0308366082839,118354.76,10.8367601817
5260,50624,178670.199397,16.7788601068,,,,,
5261,50625,1137.0343558,1.1958716666,,,,,
5262,50626,73864.6326602,13.9544345124,,,,,
5263,50627,67638.7030781,6.76858598747,3.0,277.223505,0.0108215932123,272238.69,11.5139880148
5296,50628,-42544.576086,-320.895346659,1.0,289.356789,0.00345594103202,81807.22,13.6974307026
5307,50629,264899.124991,15.4899650052,1.0,205.328666,0.00487024057323,51536.52,11.2944378698
5319,50632,134118.14389,12.4456676996,,,,,
5321,50633,6596.40407495,-8.39500284797,,,,,
5322,50634,211823.548047,13.6101483308,,,,,
5323,50635,143804.246025,13.6036278378,1.0,217.592812,0.00459574004678,35348.17,11.5488589398
5334,50636,7923.28112608,131.645718345,1.0,313.519052,0.0031895988254,47269.92,11.1081157295
5346,50638,403970.32011,13.3976326381,4.0,245.826479,0.0162716401271,229223.23,11.9198058288
5382,50641,365933.748619,14.9388970163,1.0,123.019787,0.00812877362566,37078.58,13.3814211989
5393,50642,64699.6626711,9.98666007164,,,,,
5394,50643,122142.798374,17.7893632487,2.0,163.108458,0.0122617798275,38841.29,13.2309896002
5404,50644,654180.9433,12.3824236878,4.0,372.595201,0.0107355113251,1142757.24,12.7670447766
5452,50645,190313.466651,12.9404649097,,,,,
5453,50647,198277.130184,11.171438648,1.0,79.06534,0.0126477670241,206289.72,14.3011247359
5465,50648,179906.720516,9.67836619165,1.0,223.212718,0.00448003146487,90247.2,12.2635140644
5477,50651,340232.032895,13.4231616106,1.0,294.627077,0.00339412117237,140857.92,12.3047958488
5489,50652,131074.400638,11.6338875933,,,,,
5490,50653,53655.2555968,6.11577341404,,,,,
5491,50654,160052.116422,12.8170885837,,,,,
5492,50655,201305.748214,17.6108237098,,,,,
5493,50658,234839.63445,12.9685335195,1.0,187.097603,0.00534480390965,58550.88,12.6552716898
5505,50659,600273.813422,12.2856638064,2.0,403.802766,0.00495291307638,251743.2,10.6181512656
5529,50662,871576.810362,13.6619085035,5.0,176.049517,0.0284011003563,866647.52,12.7299897766
5571,50665,327006.588586,13.3105040103,1.0,253.290828,0.00394803083829,87067.8,11.094266055
5583,50666,242110.69061,10.6409237201,,,,,
5584,50667,-38652.518919,-17.4481560648,1.0,5.217793,0.191651911067,66282.04,16.0013808854
5595,50668,99877.7021696,11.2062336953,,,,,
5596,50669,160742.905324,13.125115442,1.0,239.750053,0.00417101054822,29491.02,11.7447311828
5605,50671,-18415.4345016,-17.9090319789,,,,,
5606,50672,80561.4840639,34.9829928236,,,,,
5607,50673,35102.5257593,5.89631285312,,,,,
5608,50674,159675.29048,12.3497348275,1.0,408.690075,0.00244684190092,108274.32,13.1618747538
5620,50675,325965.130915,12.7630531742,2.0,287.237436,0.00696288070194,112497.72,11.9966344759
5642,50676,134919.835335,11.2362804021,1.0,148.867149,0.00671739874591,199040.4,11.3337387597
5654,50677,865161.530797,13.1802207181,5.0,325.186841,0.015375775922,1565152.74,12.9050618195
5709,50681,71391.9379316,9.92772520001,,,,,
5710,50682,213587.517259,15.7815845309,2.0,220.98261,0.00905048591833,53649.04,14.4072614971
5731,50701,2639570.11726,14.3793367854,14.0,214.718743,0.0652015739492,2483492.66,14.4494194062
5852,50702,2572358.92809,13.5538349085,16.0,25.60849,0.624792793328,2834825.22,14.5673798014
6016,50703,2842255.87068,17.0108808123,16.0,244.724015,0.0653797707593,3308874.47,16.866212575
6180,50707,1163279.78866,14.0118466199,6.0,25.361881,0.236575512676,556021.8,13.6769709747
6249,50801,676580.658547,12.0518629507,5.0,545.028688,0.00917382902971,1056698.82,14.0669960906
6305,50833,185857.826512,14.7961050243,1.0,536.325319,0.00186453998082,73566.12,13.1477009522
6317,50835,-360619.681104,20.3057486695,,,,,
6318,50836,39757.5840382,5.04729458951,,,,,
6319,50837,55864.2218181,14.9238763388,,,,,
6320,50841,370116.313619,13.0768011784,1.0,610.836196,0.001637100104,122941.68,12.4594298779
6332,50843,94907.1816841,16.2847661589,,,,,
6333,50845,57278.9150655,20.7748617483,,,,,
6334,50846,142643.382631,10.0582590549,1.0,238.867152,0.00418642744148,77941.08,13.5103276131
6346,50847,197129.684176,11.8843055144,,,,,
6347,50848,-40606.3132728,82.0462832343,,,,,
6348,50849,349137.135879,10.966914016,3.0,304.431532,0.00985443255595,142461.78,12.2882324781
6371,50851,148312.47434,12.7362304074,2.0,335.214398,0.00596633083762,39376.2,13.0861415753
6383,50853,137497.065467,15.1848329284,,,,,
6384,50854,255423.37013,12.6040801347,3.0,350.941226,0.00854843996014,172702.68,11.6237047208
6412,50857,-67462.9585594,7.91148964185,,,,,
6413,50858,127212.097482,13.3741849811,,,,,
6414,50859,-19214.0180678,-7.50487435163,,,,,
6415,50861,-17579.4295573,-3.8008001212,,,,,
6416,50862,-210660.78126,11.8936047828,,,,,
6417,50863,43672.3260472,19.4716177451,,,,,
6418,50864,179752.132151,12.8553849405,1.0,377.642994,0.0026480035798,6123.0,12.4831804281
6424,51001,267568.106682,15.2092275161,1.0,360.862327,0.00277113992007,51783.48,12.567097676
6436,51002,229293.78355,16.9185281081,1.0,297.148464,0.00336532111436,10388.16,12.0862827225
6442,51003,320786.958306,17.3977585785,,,,,
6443,51004,173031.965316,18.2930466184,1.0,212.848541,0.00469817643711,113425.32,12.2765835855
6455,51005,269419.620882,15.1549240339,1.0,244.17026,0.00409550286755,10519.74,10.7729032258
6462,51006,-62924.9702959,11.3991628645,,,,,
6463,51007,264177.046366,11.5004693622,,,,,
6464,51008,-29144.4391486,-9.32030061282,,,,,
6465,51011,198753.652812,10.8047689012,,,,,
6466,51012,489081.074374,12.4634017081,5.0,386.838104,0.0129253037596,699747.96,12.6412437972
6515,51014,29056.1529926,4.77143960783,,,,,
6516,51016,181566.393796,12.5420477305,,,,,
6517,51018,118051.920427,27.1517025376,,,,,
6518,51019,142359.056876,11.6045834583,,,,,
6519,51022,150985.969646,11.7207599463,,,,,
6520,51023,265817.470437,14.6944367813,1.0,271.44549,0.00368398089797,162008.16,12.7096324748
6532,51024,127900.656153,21.6483543893,,,,,
6533,51025,275635.751351,13.8863868655,1.0,278.402985,0.00359191551053,285076.8,14.8756418284
6545,51026,89670.1679048,57.9900777555,,,,,
6546,51027,106023.922607,17.1253612635,1.0,239.835719,0.00416952072097,29264.52,16.7608934708
6558,51028,316698.19981,15.6627344058,1.0,328.930974,0.00304015151823,51538.32,11.4300998004
6570,51029,175237.996065,13.7772687339,,,,,
6571,51031,1038262.78718,12.7327264699,4.0,605.111843,0.00661034822946,1423222.08,13.7939751736
6619,51033,35614.0401762,-12.7790252375,,,,,
6620,51034,49887.8373384,13.4297924776,1.0,290.876284,0.00343788770349,273912.48,12.6996183334
6632,51035,180791.292968,18.1502478946,1.0,278.97681,0.00358452733043,48244.68,11.6786928105
6644,51036,110612.65092,10.6010215026,,,,,
6645,51037,178163.600223,9.61374991096,,,,,
6646,51038,178340.851557,16.2751966068,1.0,233.828323,0.00427664188482,1595.88,13.9074509804
6649,51039,477886.923252,14.118952361,,,,,
6650,51041,1114780.64609,13.8674094655,2.0,184.491043,0.010840634686,539026.89,12.0226346591
6671,51044,178349.238298,8.22103377456,,,,,
6672,51046,192604.31696,13.8474760174,2.0,240.918039,0.00830157844677,100358.57,11.0966771414
6695,51047,108261.819381,15.2955836536,,,,,
6696,51048,161205.829279,14.5266402577,,,,,
6697,51049,20247.9572937,8.80492064729,,,,,
6698,51051,386812.775073,11.9217537986,,,,,
6699,51052,205339.377731,16.9834007136,,,,,
6700,51053,209818.641684,15.2514547985,1.0,195.513267,0.00511474241797,5281.85,11.6404407713
6705,51054,482879.981463,13.2944822072,2.0,106.329025,0.0188095395401,280187.04,13.6223147921
6729,51055,240070.886485,14.1744448214,1.0,174.692448,0.00572434590876,111736.32,13.8526860764
6741,51056,-44085.9223556,-14.5128268629,,,,,
6742,51058,-7788.99860492,-5.79547407026,1.0,214.786027,0.0046557963475,31935.0,13.30625
6752,51061,9641.11927709,-3.9875157697,,,,,
6753,51062,143908.874073,13.1083497416,,,,,
6754,51063,124781.555822,17.6446448157,,,,,
6755,51101,504040.601458,14.2481441044,5.0,3.138764,1.592983735,637098.87,17.4328077761
6799,51103,433532.778032,16.3582422542,4.0,27.86321,0.14355847729,412343.69,16.6273047628
6845,51104,1212134.7853,13.9115740088,5.0,20.00953,0.249880931736,262630.44,14.2888471771
6900,51105,272530.648552,12.799475074,3.0,15.825592,0.189566368197,1225747.8,13.8483986556
6936,51106,2282186.30859,13.7446351935,12.0,81.702782,0.146873823709,2212881.05,14.2872779833
7069,51108,625167.149581,15.6185122172,3.0,116.455967,0.0257608096629,890409.13,12.6792561295
7104,51109,420420.318351,13.4637915093,2.0,49.159557,0.0406838491242,137848.04,12.7121525664
7124,51111,226987.063715,9.15391895538,,,,,
7125,51201,789092.757045,12.4523007694,3.0,295.817592,0.0101413846949,1183245.52,13.0540189651
7159,51231,-7994.40528949,-1.4183359846,,,,,
7160,51232,158687.180645,10.4676103256,,,,,
7161,51234,223441.488207,12.3769987096,,,,,
7162,51235,330756.199237,12.4133274536,,,,,
7163,51237,326640.405382,15.437763646,1.0,249.759921,0.00400384495637,50770.44,14.963818349
7175,51238,219974.17357,12.6718342258,1.0,118.831336,0.00841528870802,16123.6,12.5074469405
7183,51239,327799.891753,13.9860133292,,,,,
7184,51241,228139.435717,12.622619709,3.0,232.767886,0.0128883758475,290439.12,14.3447977478
7220,51242,417361.995199,12.0782066001,,,,,
7221,51243,107727.742471,15.3764579556,,,,,
7222,51244,89358.8091602,4.91339164155,,,,,
7223,51245,72687.5705072,58.4489756303,1.0,203.413241,0.00491610081568,103158.12,14.799879487
7235,51246,388302.177571,13.7494546613,2.0,424.515402,0.00471125426917,431814.24,13.4362344437
7259,51247,605022.241858,13.7496785721,1.0,289.650577,0.00345243572568,114493.68,12.6389455557
7271,51248,149570.326612,13.231133115,1.0,214.49695,0.00466207095252,78015.48,12.0122870552
7283,51249,255991.850066,12.7292365045,2.0,324.74321,0.00615871229455,293480.4,13.4727616277
7307,51301,1177322.19244,11.9111382955,7.0,406.942409,0.0172014512255,1718452.5,12.0928498987
7376,51331,319964.375054,12.7188083528,3.0,7.12251,0.421199829835,467415.47,14.7023954927
7407,51333,4229.15781149,2.69875410742,,,,,
7408,51334,799415.435574,12.4281400766,3.0,491.781068,0.00610027549902,666660.45,12.1763086884
7443,51338,231819.230277,15.0753458335,1.0,189.29993,0.00528262213304,2294.04,10.1957333333
7447,51341,432875.282197,9.73385207565,,,,,
7448,51342,316445.098886,14.0245052063,1.0,214.231634,0.00466784471242,63328.32,11.6049697636
7460,51343,169981.095966,14.5320213933,,,,,
7461,51345,94321.1542411,12.4865013211,,,,,
7462,51346,336501.001612,12.7705849226,2.0,377.358581,0.00529999872986,200990.64,10.8987636648
7486,51347,312589.47994,13.5125593987,2.0,223.92845,0.00893142430093,16145.52,11.9596444444
7494,51351,556117.32069,14.3597796684,2.0,278.931975,0.00717020700119,9382.92,11.661595824
7512,51354,18703.3011013,35.2086817118,,,,,
7513,51355,455566.660875,19.6760057869,1.0,11.052693,0.0904756876899,27996.9,17.2959164762
7523,51357,231217.163044,12.5138686173,,,,,
7524,51358,259249.164294,14.2415398758,1.0,202.954357,0.00492721622133,35056.68,10.7999630314
7536,51363,40897.0696943,7.40591705306,,,,,
7537,51364,145272.313013,11.2173570468,,,,,
7538,51365,68658.6566993,33.4350413156,,,,,
7539,51366,46440.8635884,-71.8509710653,,,,,
7540,51401,1117462.96661,12.6238134846,6.0,454.121,0.0132123376809,649086.12,11.0576098289
7598,51431,73643.3131766,27.2713331163,,,,,
7599,51433,202607.917881,11.3677521512,,,,,
7600,51436,191827.768205,18.5115805213,,,,,
7601,51439,58396.7751867,12.0577187707,,,,,
7602,51441,95235.0695014,6.40170914271,,,,,
7603,51442,405159.344735,12.4449025258,5.0,448.677639,0.01114385823,1265441.85,11.9230581152
7650,51443,135077.803954,13.203291016,2.0,276.442701,0.00723477231544,34105.69,15.0147436913
7662,51444,313828.959413,12.5315011357,,,,,
7663,51445,290881.891884,14.0829009853,3.0,327.873042,0.00914988308188,374376.64,11.6108461498
7692,51446,126771.636176,19.123667848,,,,,
7693,51447,-42071.4880054,-103.564285931,,,,,
7694,51448,91227.6929661,12.823563111,,,,,
7695,51449,205356.030687,13.559196216,1.0,232.944822,0.00429286210964,118575.96,11.118233474
7707,51451,73695.9506443,13.9271874288,,,,,
7708,51453,149643.297816,32.7447023167,1.0,223.339647,0.00447748536112,139.5,15.5
7709,51454,153610.831704,13.1419981486,,,,,
7710,51455,191077.946855,13.467484503,1.0,287.004925,0.00348426076661,135168.0,13.8924518994
7722,51458,-20170.5457773,3.41568936883,,,,,
7723,51459,433137.900359,318.007601894,,,,,
7724,51461,15310.3462316,3.43501566954,1.0,130.196128,0.00768071996734,119019.48,14.2657892844
7736,51462,146376.476035,16.3591229982,1.0,281.553969,0.00355171693566,10964.8,12.4826958106
7744,51463,169535.233255,15.4343064611,,,,,
7745,51465,144500.499299,11.0494861146,,,,,
7746,51466,221144.090901,14.1394526855,1.0,134.548626,0.00743225724208,13701.12,16.5472463768
7754,51467,194047.926767,13.2671219256,,,,,
7755,51501,3010762.31129,14.3964374706,26.0,68.663347,0.378659082844,3210879.14,14.8068074219
8007,51503,2256121.64834,13.0708825199,15.0,311.311378,0.048183269421,2427395.66,13.0209797787
8157,51521,306342.32815,13.1834210093,2.0,223.26416,0.00895799845349,423056.28,14.5143147685
8181,51523,-123056.782851,11.5650948632,,,,,
8182,51525,288486.864403,12.5661993958,,,,,
8183,51526,53713.9685444,9.80561061738,1.0,111.333068,0.00898205733448,14769.93,14.6384764812
8190,51527,42747.6594327,19.614695611,,,,,
8191,51528,-15529.0846334,-7.50111280531,,,,,
8192,51529,224272.850664,15.9756623613,1.0,333.953737,0.00299442674001,182603.88,14.8763222211
8204,51531,-249750.813776,13.7736327208,,,,,
8205,51532,93709.8352582,10.6830064343,,,,,
8206,51533,155112.594531,14.9579750967,,,,,
8207,51534,552324.023074,12.6446938889,4.0,260.80305,0.0153372439471,359065.8,11.9865281425
8253,51535,235415.109596,15.3686378894,1.0,337.126792,0.00296624303891,841.62,12.1973913043
8255,51536,51166.7850767,14.0588569142,,,,,
8256,51537,527371.353623,12.1140307504,4.0,422.332929,0.00947120085917,1100760.06,11.8619964827
8301,51541,-72808.270753,11.2994387519,,,,,
8302,51542,220453.0352,14.5872038907,,,,,
8303,51543,220820.842101,14.3904370569,,,,,
8304,51544,92894.7512108,10.5582764583,,,,,
8305,51545,-72857.7670861,38.7822346511,,,,,
8306,51546,315038.329393,12.5988263795,2.0,293.310022,0.00681872370525,80725.17,10.7046942754
8323,51548,168328.44314,25.6787795273,,,,,
8324,51549,193159.932963,15.9055228857,,,,,
8325,51551,253528.632282,14.8927939041,1.0,210.796119,0.00474392035652,20802.96,11.3305882353
8334,51552,193126.454105,10.3991334983,,,,,
8335,51553,304018.957639,13.7711130053,1.0,118.587348,0.00843260277648,1146.42,21.8448932927
8337,51554,296258.489144,14.3654366244,,,,,
8338,51555,308321.177145,12.490840423,3.0,410.136654,0.00731463518498,275212.68,13.0669612928
8366,51556,238446.791165,11.4743071481,,,,,
8367,51557,117867.682613,12.7738467851,,,,,
8368,51558,202973.610161,14.6236916349,,,,,
8369,51559,135908.078293,11.4339331025,1.0,220.723262,0.00453056008206,43397.86,12.5978222691
8380,51561,154560.487061,12.8166053981,1.0,159.38428,0.00627414447648,107565.72,13.5782386088
8392,51562,290362.746136,13.1307208619,,,,,
8393,51563,48690.0293852,8.20111769609,,,,,
8394,51564,145275.136397,11.085333212,,,,,
8395,51565,177259.029625,12.5257259561,,,,,
8396,51566,736656.175548,12.6262150712,4.0,457.891547,0.00873569303956,775686.42,12.7046949395
8441,51571,172572.387251,10.9699630603,,,,,
8442,51572,-28615.4536498,34.2110548443,,,,,
8443,51573,65418.5120901,16.1186299939,,,,,
8444,51575,108495.025302,43.0194325792,1.0,126.569658,0.00790078772276,14042.16,15.0511919053
8452,51576,264409.364508,12.7848681255,,,,,
8453,51577,110567.233346,13.9253298773,1.0,206.979038,0.00483140713022,43951.16,14.3880446525
8464,51578,139654.653674,30.1230033165,,,,,
8465,51579,236642.516867,13.111036195,1.0,301.420886,0.00331762013333,77336.4,14.3470614426
8477,51601,456602.987467,12.9784727904,5.0,276.34259,0.0180934831652,785887.14,13.4844692713
8528,51631,138627.299396,11.2926433928,,,,,
8529,51632,610996.556638,13.2235161225,4.0,540.669979,0.00739822841172,651012.12,14.3057955193
8577,51636,46892.5287828,6.81904708027,,,,,
8578,51637,-111222.342685,9.04016535674,,,,,
8579,51638,206347.195466,13.6270131559,,,,,
8580,51639,63405.0161382,18.7893637616,,,,,
8581,51645,-33053.9739487,3.03580776201,,,,,
8582,51646,183176.790397,10.1999030626,,,,,
8583,51647,-10484.8021501,-3.58728392371,,,,,
8584,51648,-15115.7820769,-5.0107037899,,,,,
8585,51649,-17056.6097215,33.5781694376,,,,,
8586,51652,15094.0221233,11.7207586586,,,,,
8587,51653,91416.4367786,12.1412270355,,,,,
8588,51654,51606.4012648,47.2204549485,,,,,
8589,52001,3739104.84494,13.1748420625,18.0,75.057763,0.239815300651,2932690.24,12.8027154228
8763,52002,862974.220661,13.1363826154,5.0,74.76947,0.06687221402,1249261.82,12.1722850434
8818,52003,1010831.21619,14.6650265607,7.0,151.954104,0.0460665412499,949727.68,14.0954909398
8882,52031,431500.224306,12.8679056031,3.0,448.070077,0.00669538126734,264528.9,12.9989312066
8911,52032,63528.2084067,17.7476550479,,,,,
8912,52033,440087.310652,13.8929816477,2.0,252.635822,0.00791653370518,173547.48,11.777588664
8927,52035,92977.6239861,10.2002856613,,,,,
8928,52037,161199.580722,13.4673885421,1.0,176.775293,0.00565689912334,15542.4,13.2046489499
8936,52038,244197.977795,11.962275666,,,,,
8937,52039,21895.1257542,-2.10665749735,,,,,
8938,52041,129990.899256,12.0190719439,,,,,
8939,52042,69600.9102704,11.7683778039,1.0,161.463192,0.00619336201405,58969.44,11.8270036101
8951,52043,316787.504879,13.0659381088,2.0,258.435335,0.00773887982462,84747.08,10.5323500316
8971,52044,151101.877945,10.8343136936,,,,,
8972,52045,318840.434145,13.7512513492,,,,,
8973,52046,410353.543053,13.1884939375,1.0,119.196635,0.00838949857939,20304.0,9.8802919708
8983,52047,111668.095661,8.33673432284,,,,,
8984,52048,192621.064872,11.1064646006,,,,,
8985,52049,51059.9408843,13.6684161605,,,,,
8986,52052,371809.913893,13.3424851108,4.0,249.00035,0.0160642344479,309852.3,14.19010524
9025,52053,78927.0381534,11.5136436428,2.0,154.540299,0.012941608195,37551.23,12.4848242041
9037,52054,115282.14074,9.95428734693,,,,,
9038,52057,612260.43943,12.4594518956,3.0,362.350079,0.00827928617617,915973.92,13.122534727
9074,52064,208900.744154,14.7744646383,,,,,
9075,52065,137747.731937,11.3841250602,,,,,
9076,52066,19117.6333223,2.02763275379,,,,,
9077,52068,385588.369001,14.7564679837,2.0,120.418986,0.0166086766417,40634.05,14.2828696462
9092,52069,273195.892387,12.5003934109,,,,,
9093,52072,409314.280547,10.5673533792,,,,,
9094,52073,93190.0474575,9.21198714065,,,,,
9095,52074,345884.687397,11.5364033508,,,,,
9096,52076,214774.572806,13.0882199243,2.0,252.900986,0.00790823330361,51249.72,10.6338250856
9111,52077,176936.432077,30.6722575806,,,,,
9112,52078,-80536.5991107,20.0292739929,,,,,
9113,52079,118860.180649,16.5063321823,1.0,153.776141,0.00650295938952,50582.51,12.3367763052
9124,52101,1421072.39895,12.8886987883,4.0,804.622162,0.00497127743792,1297119.96,13.2593897851
9172,52132,327236.508807,15.3988877381,,,,,
9173,52133,175821.361576,15.9702399543,,,,,
9174,52134,-95581.8671254,9.58050087214,,,,,
9175,52135,345003.492714,14.4188834172,,,,,
9176,52136,677178.038197,12.8825919766,2.0,552.444562,0.00362027276141,921447.84,11.6421156368
9200,52141,285309.255741,15.1185804176,,,,,
9201,52142,768839.604628,13.8376852091,1.0,189.331878,0.0052817307395,126403.92,13.5804293173
9213,52144,170882.034863,15.4781935448,1.0,194.119174,0.0051514746297,131665.32,12.83512897
9225,52146,64865.3547018,8.35612917054,1.0,221.678469,0.00451103801154,32217.1,14.4562056897
9235,52147,116749.479045,10.1676812242,,,,,
9236,52151,103270.406701,15.2557422558,1.0,324.670969,0.00308004132023,96726.96,10.7639447152
9248,52154,21405.8193487,-36.3000523186,1.0,189.966484,0.00526408647959,88540.4,16.6273051643
9258,52155,150934.05434,14.0428569343,,,,,
9259,52156,235422.052116,12.2096452432,,,,,
9260,52157,338751.710836,14.0450064235,,,,,
9261,52158,456192.554236,14.7056481873,,,,,
9262,52159,346519.987009,14.1094936249,2.0,197.141302,0.0101450075642,214949.04,14.2860492567
9286,52161,209383.983661,13.1366002116,,,,,
9287,52162,239641.525967,12.6784213666,1.0,258.921418,0.00386217566598,32156.63,10.676880935
9298,52163,237401.437404,12.5436344333,,,,,
9299,52164,-110796.294574,15.171326741,,,,,
9300,52165,291487.388806,12.7206492522,,,,,
9301,52166,248700.033607,31.6676970889,1.0,0.493739,2.02536157768,81725.04,17.2743690552
9313,52168,405757.512801,11.6792042964,,,,,
9314,52169,94096.3890366,11.1769415343,,,,,
9315,52171,84866.8959499,13.6401986431,,,,,
9317,52172,635229.464919,13.4653211418,3.0,409.930314,0.00731831703473,788554.2,13.0247223125
9353,52175,382012.653724,13.1862386536,3.0,224.708583,0.0133506248847,240836.51,10.5591377719
9371,52201,316881.654123,13.8659885938,,,,,
9372,52202,157441.630793,11.7398178266,,,,,
9373,52203,325460.885805,14.996367691,,,,,
9374,52205,538101.866313,13.6986568709,2.0,309.946308,0.00645273051615,680007.92,12.0006303787
9397,52206,382234.865677,12.7446163143,,,,,
9398,52207,91815.4659428,9.09907850354,1.0,102.173612,0.00978726287958,22050.9,11.8013914905
9408,52208,333127.170607,12.0201000273,3.0,150.72943,0.0199032133274,320660.57,11.9128147421
9433,52209,185272.068294,9.51142771349,,,,,
9434,52211,363185.725568,13.7521666573,2.0,236.939306,0.00844098023989,124693.26,12.603681242
9451,52212,28567.0841019,6.29254862696,,,,,
9452,52213,390913.025822,11.9822980316,1.0,194.486805,0.00514173699342,97212.96,10.3297162894
9464,52214,301556.947954,11.0304587602,1.0,247.622502,0.00403840520116,94877.64,11.1374418932
9476,52215,22821.5473436,4.99138607691,,,,,
9477,52216,99562.9642981,9.77956966504,,,,,
9478,52217,68297.3033419,20.6443660612,,,,,
9479,52218,190133.13925,11.5617938967,,,,,
9480,52219,68260.7954067,5.42207173284,,,,,
9481,52221,179540.279287,11.3116637341,,,,,
9482,52222,149068.549572,10.1526903617,,,,,
9483,52223,50491.2233032,10.0283267993,1.0,127.619807,0.00783577426974,674.73,29.2090909091
9486,52224,250863.453083,13.1288447857,1.0,256.593612,0.00389721315432,46479.6,12.596097561
9498,52225,-37021.1383735,-21.0191444285,,,,,
9499,52227,323472.964222,13.9680610597,1.0,76.013553,0.0131555487217,41406.4,12.9172983934
9509,52228,288458.724392,13.4929312249,1.0,96.928032,0.0103169328765,26350.48,12.9550049164
9517,52229,148470.558401,11.1427982201,,,,,
9518,52231,-19878.8434086,-50.1902832458,,,,,
9519,52232,148840.576799,12.3770496609,,,,,
9520,52233,1305899.006,13.9084949814,3.0,9.080084,0.330393419268,351150.12,13.966185258
9556,52235,566959.46479,19.1333510852,,,,,
9557,52236,67710.4941139,8.72556617536,,,,,
9558,52237,280113.622128,11.9628139287,,,,,
9559,52241,1469408.38745,15.7599726135,13.0,30.871305,0.421103027553,1687387.48,15.6071501145
9680,52242,2679826.80316,13.2676593992,,,,,
9681,52245,1608047.57654,16.1180596345,2.0,21.712859,0.0921113152349,602416.85,16.2062213578
9694,52246,1054248.11441,16.2659571228,4.0,23.832009,0.167841494185,811368.48,14.3738552199
9790,52247,639674.382674,14.1562706807,,,,,
9791,52248,130021.910034,15.8093840248,1.0,295.236835,0.00338711123224,20548.5,11.513054684
9801,52249,111589.311004,12.5606498592,,,,,
9802,52251,316271.604082,11.8697204874,,,,,
9803,52253,589946.629813,13.8819754189,1.0,121.480006,0.0082318072984,107001.24,12.0399270861
9815,52254,162081.888148,9.07278102663,1.0,146.759383,0.00681387438103,25550.5,15.0058730252
9825,52255,123060.279182,11.2298224914,,,,,
9826,52257,-224981.851141,22.6912760869,,,,,
9827,52301,387323.141162,11.5385955385,1.0,316.484635,0.00315971105517,375884.16,11.795774807
9839,52302,2279674.88124,13.6908533184,10.0,192.237746,0.0520189203633,1347655.78,12.5720960649
9946,52305,77511.6605299,9.07082833983,,,,,
9947,52306,230377.991639,12.1960607731,1.0,194.245557,0.00514812289889,39078.0,13.9703989704
9959,52307,463645.580411,15.9946684631,,,,,
9960,52308,567715.826159,14.7079324317,,,,,
9961,52309,156948.074254,15.9132995561,,,,,
9962,52312,476369.37135,14.4765266551,,,,,
9963,52313,-57057.7681096,21.919021342,,,,,
9964,52314,744243.194293,15.424237083,3.0,155.658054,0.0192730149382,170943.24,12.841047907
9988,52315,202765.498446,13.0080897886,,,,,
9989,52316,300038.366384,12.4147285648,1.0,180.293861,0.00554650055445,6506.6,8.05122811359
9994,52317,1278408.96079,15.7121522811,8.0,95.897591,0.0834223249675,1124651.4,15.0370788915
10072,52318,153593.033981,14.5305552461,,,,,
10073,52321,100390.466312,10.858172682,,,,,
10074,52322,224796.672565,14.2651788887,,,,,
10075,52323,158492.036875,10.8745011236,,,,,
10076,52324,121235.192153,10.6948335745,1.0,107.056042,0.00934090202961,34158.78,11.8237383178
10085,52325,290726.322155,14.513397067,,,,,
10086,52326,74321.8443957,6.88113520413,,,,,
10087,52327,451456.305117,13.0857901997,2.0,217.607612,0.00919085495961,284329.8,15.3962091282
10111,52328,3530.05947672,-0.525951932935,1.0,7.989464,0.125164842097,90.0,20.0
10112,52329,92930.5766459,10.8558933483,,,,,
10113,52332,289160.991497,12.6859921844,1.0,110.692089,0.00903406927301,102962.28,11.3868112326
10125,52333,730313.483236,14.0058289382,2.0,234.514567,0.00852825487809,221257.92,13.98419416
10147,52334,360211.743567,13.6233029646,,,,,
10148,52335,196882.011332,11.3990574286,,,,,
10149,52336,269957.118092,12.4497310828,1.0,127.253732,0.00785831569953,38201.4,10.5674688797
10159,52337,183086.413997,12.850905489,1.0,70.714333,0.0141414046852,1416.24,11.0816901408
10162,52338,241309.509827,14.5091075002,3.0,88.82337,0.033774895053,348528.0,26.4125205751
10194,52339,-1397363.20812,13.8159674889,,,,,
10195,52341,88480.723531,22.5877155044,,,,,
10196,52342,106297.329718,8.19402129936,2.0,232.660911,0.00859620118998,558849.84,13.3007042937
10220,52345,371218.983876,12.2172675717,1.0,8.460683,0.118193767572,22656.5,10.6870283019
10230,52346,245229.022933,12.3622931304,,,,,
10231,52347,267019.534099,12.169377106,2.0,166.647034,0.0120014137185,32957.28,13.5515131579
10243,52348,86291.5812914,4.54953886963,,,,,
10244,52349,668480.302128,12.3958702799,1.0,382.672144,0.0026132030138,332040.12,11.9581701889
10256,52351,313838.425303,15.2523677213,1.0,2.13643,0.468070566319,3485.19,16.6556272401
10259,52352,202783.600436,12.5064627503,1.0,205.022618,0.00487751063641,20102.56,9.7396124031
10267,52353,728499.805383,12.3241122366,5.0,395.338718,0.0126473825415,1441666.98,14.6848534038
10325,52354,38725.2295128,5.25032097443,,,,,
10326,52355,-20821.3237305,4.45242184848,,,,,
10327,52356,317138.173253,14.4261358582,1.0,232.4078,0.00430278157618,125846.16,12.7273146519
10339,52358,524753.375392,14.6568020077,2.0,200.939529,0.00995324319686,82201.64,11.8744568483
10361,52359,68594.1953417,5.86319988394,,,,,
10362,52361,550277.723947,14.3458568598,2.0,330.197198,0.00605698658897,326208.24,12.0439952859
10386,52362,223568.16984,12.0915310562,,,,,
10387,52401,804516.652825,16.6665365244,3.0,3.464505,0.865924569311,80271.72,13.7089134207
10418,52402,3992636.07055,13.5757650204,28.0,36.420817,0.768791100979,4842123.87,13.6285375909
10709,52403,2205253.57953,14.567614644,7.0,69.523743,0.100685027847,1534958.54,15.0281983611
10784,52404,3082624.25466,14.0747257213,24.0,142.93349,0.167910263718,3129895.29,13.9479170473
11021,52405,2118545.20702,13.7795150097,12.0,38.49318,0.311743534829,1249434.72,12.1227674071
11148,52411,176743.162596,69.9310053651,1.0,44.635019,0.0224039335572,,
11160,52501,2809048.36041,13.7170173384,11.0,591.297871,0.0186031449452,3022195.08,14.3733235019
11270,52531,485885.243567,13.0251561139,2.0,563.107904,0.00355171715011,342964.8,13.9337061287
11294,52533,222093.718431,13.5738481981,,,,,
11295,52534,464901.002901,10.7385564958,,,,,
11296,52535,135476.907498,10.5334059195,,,,,
11297,52536,208678.427152,13.253486118,,,,,
11298,52537,671563.318459,12.383820908,1.0,900.130186,0.0011109504109,133833.84,12.3542730546
11310,52542,171156.906675,14.8269465968,,,,,
11311,52543,-99446.0069681,17.6741278161,,,,,
11312,52544,662130.866533,12.4801057338,5.0,355.984819,0.0140455427679,846296.4,11.8775041388
11372,52548,98855.9508456,10.4493751403,,,,,
11373,52549,170613.287825,14.3424365952,,,,,
11374,52551,2996.69703205,4.91737072103,,,,,
11375,52552,88695.1190247,22.5205018673,,,,,
11376,52553,251092.817847,13.5989621716,1.0,218.424094,0.00457824950392,28584.4,14.5652993631
11386,52554,117483.426352,10.6156756847,1.0,94.705759,0.0105590199641,35275.13,13.4458280922
11397,52555,47843.6896926,6.21709630915,,,,,
11398,52556,473310.676001,16.6652049185,4.0,458.48455,0.00872439431165,997878.34,15.2955831761
11444,52561,251927.235722,11.153000542,,,,,
11445,52563,107125.460626,10.3201295962,,,,,
11446,52565,144963.084052,14.5247410858,2.0,307.637735,0.00650115305263,178788.78,13.713404083
11469,52566,134602.954413,6.63047425908,,,,,
11470,52567,260217.516213,12.4754517966,,,,,
11471,52569,-223999.294674,15.7266582753,,,,,
11472,52571,228510.30776,10.9511085828,1.0,276.402554,0.0036179115769,78107.28,17.0950492449
11484,52572,62428.2406278,13.6675210284,,,,,
11485,52573,-167540.378578,19.8845428307,,,,,
11486,52574,105200.823483,13.2702306263,,,,,
11487,52576,192896.990058,10.2316565756,,,,,
11488,52577,1037210.01109,12.4611372813,6.0,415.772496,0.014430968998,1480457.16,13.5863538953
11554,52581,-77324.1862346,-118.953044736,,,,,
11555,52583,-137429.421815,18.8630640284,,,,,
11556,52584,-2602.35275132,0.464380454415,,,,,
11557,52585,163939.62047,12.3919518219,,,,,
11558,52586,131865.072914,8.96324578242,,,,,
11559,52588,223706.398218,16.7035087322,,,,,
11560,52591,310320.325044,11.4895229065,2.0,327.849389,0.00610036213915,153877.32,11.2806006651
11584,52593,14977.4761232,-44.0768715502,,,,,
11585,52594,-92049.9980547,10.3790895722,,,,,
11586,52595,533246.403514,16.2664821677,,,,,
11587,52601,2277960.23455,14.1931787494,13.0,312.02532,0.0416632855308,1576655.28,14.6663315401
11715,52619,-7212.0098221,-3.5364822576,,,,,
11716,52621,90415.037886,20.8295563659,,,,,
11717,52623,104828.605236,12.0138846687,1.0,151.439917,0.00660327884358,3405.36,11.7022680412
11721,52624,163555.996164,11.1496862205,,,,,
11722,52625,87076.3763726,7.95924888988,1.0,285.245058,0.00350575749502,15893.64,17.1452427184
11728,52626,131861.475853,14.9212578259,1.0,247.437264,0.00404142845679,22702.79,13.8015915474
11739,52627,1105979.5737,14.3012775591,6.0,188.414662,0.0318446554865,1377596.2,13.7478641153
11802,52632,1278121.467,13.9664507356,7.0,140.470022,0.0498326966874,1415811.0,13.9040796834
11873,52635,272633.642256,10.8555376061,,,,,
11874,52637,280695.662561,14.1785854485,1.0,172.04191,0.00581253718934,126300.96,14.8464305362
11886,52638,131132.444104,11.6013595983,,,,,
11887,52639,21472.2192678,4.68085261113,2.0,117.469873,0.0170256419703,9843.66,14.6483035714
11894,52641,820027.429377,12.6117142785,5.0,551.76361,0.00906185168681,1379606.24,12.7516429127
11946,52644,72272.5855051,9.46720224574,,,,,
11947,52645,211465.257579,12.0779697131,,,,,
11948,52646,228234.670325,12.6618442176,,,,,
11949,52647,553659.175646,11.7772799086,,,,,
11950,52649,56752.9582276,7.84705729173,,,,,
11951,52651,12136.9597084,-105.552936318,,,,,
11952,52653,453910.483521,13.4788933752,3.0,312.47521,0.00960076160922,106269.26,12.3644243702
11975,52654,36375.8104474,7.8052965321,,,,,
11976,52655,449296.385774,13.4543736937,5.0,42.56453,0.117468699878,1105296.69,14.0839641489
12027,52656,282062.283004,11.8368266125,1.0,247.274743,0.00404408468033,253275.84,16.8177848606
12039,52658,-83721.8422799,34.8552073573,,,,,
12040,52659,230658.459493,15.8898736073,,,,,
12041,52701,220357.536697,9.20497014574,,,,,
12042,52721,32508.0733517,3.99574523396,,,,,
12043,52722,1382318.82116,14.1231482095,12.0,73.161625,0.164020413707,1160243.65,13.5574491361
12163,52726,-123098.491553,12.8714103887,1.0,94.823134,0.0105459496835,103729.44,12.3871430004
12175,52727,165994.207472,11.2612970641,,,,,
12176,52728,212819.531194,10.2792150701,1.0,5.764558,0.17347383789,45171.28,12.6256110684
12187,52729,267462.143564,11.5732761251,,,,,
12188,52731,209698.601704,12.146856334,,,,,
12189,52732,2152978.67918,12.9869624124,10.0,310.704633,0.032184907909,1607331.18,13.2434380626
12290,52737,-28769.1547474,3.48727507295,,,,,
12291,52738,460466.525196,14.7516460385,2.0,323.19118,0.0061882876878,175065.36,14.7488045291
12313,52739,105981.994107,10.6709796175,,,,,
12314,52742,615656.696649,12.23148166,2.0,304.142776,0.00657585896434,254691.76,13.7818724906
12326,52745,227321.246766,12.7434876742,,,,,
12327,52746,83462.3077376,10.4328839543,,,,,
12328,52747,361787.011595,12.436281275,1.0,56.094151,0.0178271706082,85790.28,11.6101628855
12340,52748,266726.112458,15.1001444187,4.0,107.004915,0.0373814604684,547009.14,13.24964975
12386,52749,65207.7477892,6.48362529992,,,,,
12387,52751,199056.017009,14.0135689237,1.0,129.085616,0.00774679651372,33772.2,11.5186428191
12399,52752,236507.51344,11.5352112023,,,,,
12400,52753,222085.490852,14.5424930195,5.0,68.492183,0.0730010313732,746949.08,20.1836780465
12440,52754,108899.651213,9.70581514967,,,,,
12441,52755,312881.496777,12.7912389776,,,,,
12442,52756,148575.796294,14.65769785,,,,,
12443,52757,112630.026162,8.78957323158,,,,,
12444,52758,305030.044292,13.0018439552,,,,,
12445,52761,2021034.7004,13.5617108477,15.0,482.973608,0.0310575976648,1691438.33,13.1503689701
12598,52765,93439.623182,9.15315485119,,,,,
12599,52766,235634.739541,13.6475133969,,,,,
12600,52767,-512323.911859,16.7607592115,,,,,
12601,52768,189967.721842,11.3668710754,1.0,89.481384,0.0111755088634,19792.89,9.93813547833
12610,52769,53103.8314223,7.21928608299,,,,,
12612,52772,663099.987855,12.8806703993,3.0,342.328096,0.00876352258273,396586.02,13.1519330641
12645,52773,251598.338388,12.3364034835,,,,,
12646,52774,349703.66137,11.3963868811,,,,,
12647,52776,303505.944778,16.6471096117,3.0,219.678908,0.0136562951232,197166.16,15.5590508928
12675,52777,155728.485316,10.9062089506,1.0,139.946616,0.0071455818553,6258.28,11.4444444444
12682,52778,269794.750325,12.6529130306,2.0,215.972375,0.00926044360998,99498.0,11.1991301646
12703,52801,729473.806113,13.0988269761,,,,,
12704,52802,1061396.82181,14.2732289367,8.0,29.294412,0.273089625421,1190381.21,13.450910239
12799,52803,2366300.31354,16.186539909,6.0,14.068035,0.42649879674,1188641.0,16.1943279572
12860,52804,2640892.86418,14.7874794768,11.0,88.861422,0.123788250879,2785141.38,15.9661194932
12989,52806,3009934.25912,14.1235955811,8.0,79.448284,0.10069443413,2171294.34,13.0071756809
13076,52807,920810.49007,15.9864467425,9.0,76.46944,0.117694074914,1230843.0,15.8835503373
